"symbol","date","marketcap"
"DOGE","2016-01-01","158211933235"
"DOGE","2016-01-02","154493857611"
"DOGE","2016-01-03","149406430263"
"DOGE","2016-01-04","147259420345"
"DOGE","2016-01-05","140578081767"
"DOGE","2016-01-06","137959490054"
"DOGE","2016-01-07","142819151568"
"DOGE","2016-01-08","16237239695"
"DOGE","2016-01-09","184469982945"
"DOGE","2016-01-10","171138570127"
"DOGE","2016-01-11","175168054706"
"DOGE","2016-01-12","184506957618"
"DOGE","2016-01-13","18178710822"
"DOGE","2016-01-14","179496454137"
"DOGE","2016-01-15","153132593473"
"DOGE","2016-01-16","159199998389"
"DOGE","2016-01-17","156269663381"
"DOGE","2016-01-18","155285269335"
"DOGE","2016-01-19","152152385374"
"DOGE","2016-01-20","172656789845"
"DOGE","2016-01-21","167761994677"
"DOGE","2016-01-22","172915032714"
"DOGE","2016-01-23","177136458052"
"DOGE","2016-01-24","198601330774"
"DOGE","2016-01-25","217685473044"
"DOGE","2016-01-26","366359179284"
"DOGE","2016-01-27","468022737653"
"DOGE","2016-01-28","353974567185"
"DOGE","2016-01-29","325494782402"
"DOGE","2016-01-30","26543412378"
"DOGE","2016-01-31","285028881994"
"DOGE","2016-02-01","278108850763"
"DOGE","2016-02-02","269964131091"
"DOGE","2016-02-03","272888632518"
"DOGE","2016-02-04","295491170121"
"DOGE","2016-02-05","314568691463"
"DOGE","2016-02-06","315262800683"
"DOGE","2016-02-07","293598572827"
"DOGE","2016-02-08","295533587229"
"DOGE","2016-02-09","300708861712"
"DOGE","2016-02-10","307136295385"
"DOGE","2016-02-11","298632082839"
"DOGE","2016-02-12","30990553748"
"DOGE","2016-02-13","304087979414"
"DOGE","2016-02-14","310309996785"
"DOGE","2016-02-15","307389101918"
"DOGE","2016-02-16","300708524342"
"DOGE","2016-02-17","287211248636"
"DOGE","2016-02-18","28657170608"
"DOGE","2016-02-19","306215956318"
"DOGE","2016-02-20","300307002867"
"DOGE","2016-02-21","294604046442"
"DOGE","2016-02-22","291727762388"
"DOGE","2016-02-23","288809835174"
"DOGE","2016-02-24","286529591358"
"DOGE","2016-02-25","278106818924"
"DOGE","2016-02-26","267720594057"
"DOGE","2016-02-27","26325884946"
"DOGE","2016-02-28","262761327048"
"DOGE","2016-02-29","257952849122"
"DOGE","2016-03-01","256948215835"
"DOGE","2016-03-02","252148613893"
"DOGE","2016-03-03","253150652581"
"DOGE","2016-03-04","246478874638"
"DOGE","2016-03-05","23111578901"
"DOGE","2016-03-06","228593356854"
"DOGE","2016-03-07","240625899175"
"DOGE","2016-03-08","227231735946"
"DOGE","2016-03-09","237863680077"
"DOGE","2016-03-10","248961833277"
"DOGE","2016-03-11","249320113128"
"DOGE","2016-03-12","244815745687"
"DOGE","2016-03-13","253151415139"
"DOGE","2016-03-14","246573854129"
"DOGE","2016-03-15","23956653587"
"DOGE","2016-03-16","23864535608"
"DOGE","2016-03-17","230595664827"
"DOGE","2016-03-18","21688162697"
"DOGE","2016-03-19","227645526462"
"DOGE","2016-03-20","221667715677"
"DOGE","2016-03-21","21972941475"
"DOGE","2016-03-22","224636112762"
"DOGE","2016-03-23","219475079659"
"DOGE","2016-03-24","220938626038"
"DOGE","2016-03-25","222272990036"
"DOGE","2016-03-26","220308526275"
"DOGE","2016-03-27","223803832477"
"DOGE","2016-03-28","223253789491"
"DOGE","2016-03-29","263757852796"
"DOGE","2016-03-30","242613231184"
"DOGE","2016-03-31","241593375953"
"DOGE","2016-04-01","232570200284"
"DOGE","2016-04-02","234356699316"
"DOGE","2016-04-03","229527736534"
"DOGE","2016-04-04","227915909849"
"DOGE","2016-04-05","221853552361"
"DOGE","2016-04-06","224716966901"
"DOGE","2016-04-07","219782227448"
"DOGE","2016-04-08","219070358911"
"DOGE","2016-04-09","215696594023"
"DOGE","2016-04-10","212088365266"
"DOGE","2016-04-11","222610516744"
"DOGE","2016-04-12","238192906131"
"DOGE","2016-04-13","24363891165"
"DOGE","2016-04-14","239169340536"
"DOGE","2016-04-15","241733241944"
"DOGE","2016-04-16","239251857793"
"DOGE","2016-04-17","235441401563"
"DOGE","2016-04-18","233511080093"
"DOGE","2016-04-19","230458817436"
"DOGE","2016-04-20","235204021502"
"DOGE","2016-04-21","235532896015"
"DOGE","2016-04-22","23269909"
"DOGE","2016-04-23","232629234393"
"DOGE","2016-04-24","235870500336"
"DOGE","2016-04-25","236628609444"
"DOGE","2016-04-26","239413229178"
"DOGE","2016-04-27","232874427514"
"DOGE","2016-04-28","236890928952"
"DOGE","2016-04-29","235603984737"
"DOGE","2016-04-30","23484893"
"DOGE","2016-05-01","235473695201"
"DOGE","2016-05-02","238506612209"
"DOGE","2016-05-03","237085821362"
"DOGE","2016-05-04","234612156597"
"DOGE","2016-05-05","230405930029"
"DOGE","2016-05-06","234069624072"
"DOGE","2016-05-07","232204608463"
"DOGE","2016-05-08","231753746271"
"DOGE","2016-05-09","233097979441"
"DOGE","2016-05-10","229270642785"
"DOGE","2016-05-11","233689568439"
"DOGE","2016-05-12","245519418234"
"DOGE","2016-05-13","246076773112"
"DOGE","2016-05-14","241451653721"
"DOGE","2016-05-15","240946485301"
"DOGE","2016-05-16","23899556742"
"DOGE","2016-05-17","235973367967"
"DOGE","2016-05-18","237970838511"
"DOGE","2016-05-19","235043686508"
"DOGE","2016-05-20","237919323443"
"DOGE","2016-05-21","236452633669"
"DOGE","2016-05-22","234303120253"
"DOGE","2016-05-23","235160700603"
"DOGE","2016-05-24","234278745725"
"DOGE","2016-05-25","23434949931"
"DOGE","2016-05-26","238387001507"
"DOGE","2016-05-27","240098492906"
"DOGE","2016-05-28","247500042913"
"DOGE","2016-05-29","248695037975"
"DOGE","2016-05-30","249260055943"
"DOGE","2016-05-31","241830484195"
"DOGE","2016-06-01","244265631401"
"DOGE","2016-06-02","241035828727"
"DOGE","2016-06-03","248899355978"
"DOGE","2016-06-04","247471731361"
"DOGE","2016-06-05","247568343628"
"DOGE","2016-06-06","246468418635"
"DOGE","2016-06-07","250704046675"
"DOGE","2016-06-08","257123450177"
"DOGE","2016-06-09","277724893648"
"DOGE","2016-06-10","272699307698"
"DOGE","2016-06-11","264656447568"
"DOGE","2016-06-12","282985461638"
"DOGE","2016-06-13","311956701873"
"DOGE","2016-06-14","334928512903"
"DOGE","2016-06-15","327510416562"
"DOGE","2016-06-16","350670899491"
"DOGE","2016-06-17","336572618867"
"DOGE","2016-06-18","339969897369"
"DOGE","2016-06-19","354372196807"
"DOGE","2016-06-20","338861922271"
"DOGE","2016-06-21","32214517913"
"DOGE","2016-06-22","278652925737"
"DOGE","2016-06-23","293576826401"
"DOGE","2016-06-24","295125893671"
"DOGE","2016-06-25","297562198444"
"DOGE","2016-06-26","298903623516"
"DOGE","2016-06-27","302278747123"
"DOGE","2016-06-28","316212296293"
"DOGE","2016-06-29","310539586385"
"DOGE","2016-06-30","319418619775"
"DOGE","2016-07-01","317119077567"
"DOGE","2016-07-02","321589105403"
"DOGE","2016-07-03","296374104518"
"DOGE","2016-07-04","303902615866"
"DOGE","2016-07-05","301861868994"
"DOGE","2016-07-06","298078800719"
"DOGE","2016-07-07","288520708531"
"DOGE","2016-07-08","291554546054"
"DOGE","2016-07-09","284099453422"
"DOGE","2016-07-10","286040498721"
"DOGE","2016-07-11","280530651497"
"DOGE","2016-07-12","279140677311"
"DOGE","2016-07-13","276056939282"
"DOGE","2016-07-14","275626562701"
"DOGE","2016-07-15","277741108398"
"DOGE","2016-07-16","275708429064"
"DOGE","2016-07-17","276767278477"
"DOGE","2016-07-18","265529955993"
"DOGE","2016-07-19","25795840518"
"DOGE","2016-07-20","256299029751"
"DOGE","2016-07-21","249965532532"
"DOGE","2016-07-22","249713301469"
"DOGE","2016-07-23","263920889634"
"DOGE","2016-07-24","262208139959"
"DOGE","2016-07-25","258499689622"
"DOGE","2016-07-26","252539064287"
"DOGE","2016-07-27","249629867761"
"DOGE","2016-07-28","250762435612"
"DOGE","2016-07-29","25028619337"
"DOGE","2016-07-30","251464747592"
"DOGE","2016-07-31","242914836955"
"DOGE","2016-08-01","235097155028"
"DOGE","2016-08-02","216830424718"
"DOGE","2016-08-03","225730279614"
"DOGE","2016-08-04","226339866512"
"DOGE","2016-08-05","229702399677"
"DOGE","2016-08-06","244012241338"
"DOGE","2016-08-07","278189924142"
"DOGE","2016-08-08","249894840469"
"DOGE","2016-08-09","249605681898"
"DOGE","2016-08-10","251917139429"
"DOGE","2016-08-11","248030954533"
"DOGE","2016-08-12","252419697677"
"DOGE","2016-08-13","252096710958"
"DOGE","2016-08-14","258506814192"
"DOGE","2016-08-15","25174764259"
"DOGE","2016-08-16","272957937669"
"DOGE","2016-08-17","260901244936"
"DOGE","2016-08-18","261124509009"
"DOGE","2016-08-19","245879193936"
"DOGE","2016-08-20","251711486502"
"DOGE","2016-08-21","244753409989"
"DOGE","2016-08-22","242094224334"
"DOGE","2016-08-23","240320399069"
"DOGE","2016-08-24","244221906274"
"DOGE","2016-08-25","242621430773"
"DOGE","2016-08-26","244506107466"
"DOGE","2016-08-27","237077540784"
"DOGE","2016-08-28","242574224113"
"DOGE","2016-08-29","238449360594"
"DOGE","2016-08-30","246839509264"
"DOGE","2016-08-31","248776364867"
"DOGE","2016-09-01","245502529154"
"DOGE","2016-09-02","248730605155"
"DOGE","2016-09-03","250249768872"
"DOGE","2016-09-04","249266963374"
"DOGE","2016-09-05","25019861033"
"DOGE","2016-09-06","255072600162"
"DOGE","2016-09-07","256377715295"
"DOGE","2016-09-08","241539592107"
"DOGE","2016-09-09","24410792383"
"DOGE","2016-09-10","241021520206"
"DOGE","2016-09-11","239813638629"
"DOGE","2016-09-12","239697787577"
"DOGE","2016-09-13","23879612256"
"DOGE","2016-09-14","23910726992"
"DOGE","2016-09-15","247275519375"
"DOGE","2016-09-16","265651601411"
"DOGE","2016-09-17","250752773246"
"DOGE","2016-09-18","254629064605"
"DOGE","2016-09-19","249870221392"
"DOGE","2016-09-20","246365211248"
"DOGE","2016-09-21","24549348099"
"DOGE","2016-09-22","241479214213"
"DOGE","2016-09-23","238163934894"
"DOGE","2016-09-24","240235789061"
"DOGE","2016-09-25","23848219019"
"DOGE","2016-09-26","243400213009"
"DOGE","2016-09-27","241653015093"
"DOGE","2016-09-28","242883505293"
"DOGE","2016-09-29","244939108752"
"DOGE","2016-09-30","249634766504"
"DOGE","2016-10-01","247621460671"
"DOGE","2016-10-02","244725659028"
"DOGE","2016-10-03","248345019507"
"DOGE","2016-10-04","243659626995"
"DOGE","2016-10-05","247804163646"
"DOGE","2016-10-06","237340788164"
"DOGE","2016-10-07","242016287638"
"DOGE","2016-10-08","239780368885"
"DOGE","2016-10-09","242545511887"
"DOGE","2016-10-10","242273579724"
"DOGE","2016-10-11","244908188446"
"DOGE","2016-10-12","23969248545"
"DOGE","2016-10-13","241337412681"
"DOGE","2016-10-14","241231434045"
"DOGE","2016-10-15","238920781336"
"DOGE","2016-10-16","237068419729"
"DOGE","2016-10-17","235218854644"
"DOGE","2016-10-18","235413502209"
"DOGE","2016-10-19","232845372036"
"DOGE","2016-10-20","235508346021"
"DOGE","2016-10-21","232660205837"
"DOGE","2016-10-22","237884338148"
"DOGE","2016-10-23","235925432571"
"DOGE","2016-10-24","233337121751"
"DOGE","2016-10-25","23381750214"
"DOGE","2016-10-26","230387123672"
"DOGE","2016-10-27","231451479789"
"DOGE","2016-10-28","230496300265"
"DOGE","2016-10-29","237760905817"
"DOGE","2016-10-30","238403997927"
"DOGE","2016-10-31","234987820686"
"DOGE","2016-11-01","235794305812"
"DOGE","2016-11-02","234886854691"
"DOGE","2016-11-03","231792926273"
"DOGE","2016-11-04","234246975377"
"DOGE","2016-11-05","237253550084"
"DOGE","2016-11-06","236313663348"
"DOGE","2016-11-07","25522330808"
"DOGE","2016-11-08","244930106056"
"DOGE","2016-11-09","244846276561"
"DOGE","2016-11-10","243747140249"
"DOGE","2016-11-11","24230442164"
"DOGE","2016-11-12","235344621741"
"DOGE","2016-11-13","240947802612"
"DOGE","2016-11-14","238520550649"
"DOGE","2016-11-15","237075177523"
"DOGE","2016-11-16","236312682705"
"DOGE","2016-11-17","239207803869"
"DOGE","2016-11-18","232821825115"
"DOGE","2016-11-19","235556229779"
"DOGE","2016-11-20","233923292836"
"DOGE","2016-11-21","237619522215"
"DOGE","2016-11-22","239883116334"
"DOGE","2016-11-23","233823627813"
"DOGE","2016-11-24","233389342753"
"DOGE","2016-11-25","235953793882"
"DOGE","2016-11-26","234192407369"
"DOGE","2016-11-27","232808308635"
"DOGE","2016-11-28","233187080911"
"DOGE","2016-11-29","231978190564"
"DOGE","2016-11-30","229405497259"
"DOGE","2016-12-01","229622925987"
"DOGE","2016-12-02","231512530774"
"DOGE","2016-12-03","232255878476"
"DOGE","2016-12-04","232133899786"
"DOGE","2016-12-05","230191114492"
"DOGE","2016-12-06","227563017385"
"DOGE","2016-12-07","229358908132"
"DOGE","2016-12-08","230036422228"
"DOGE","2016-12-09","227813799111"
"DOGE","2016-12-10","230249699751"
"DOGE","2016-12-11","23963511752"
"DOGE","2016-12-12","238291037781"
"DOGE","2016-12-13","231219898429"
"DOGE","2016-12-14","232984687386"
"DOGE","2016-12-15","230891626197"
"DOGE","2016-12-16","232773881746"
"DOGE","2016-12-17","234742660805"
"DOGE","2016-12-18","234307001971"
"DOGE","2016-12-19","234112763015"
"DOGE","2016-12-20","23539492"
"DOGE","2016-12-21","243781978126"
"DOGE","2016-12-22","241916907802"
"DOGE","2016-12-23","254027595783"
"DOGE","2016-12-24","251271514494"
"DOGE","2016-12-25","247086947021"
"DOGE","2016-12-26","250421363555"
"DOGE","2016-12-27","24421177304"
"DOGE","2016-12-28","240025194006"
"DOGE","2016-12-29","245623798882"
"DOGE","2016-12-30","244666289178"
"DOGE","2016-12-31","240292214446"
"DOGE","2017-01-01","24501968853"
"DOGE","2017-01-02","243434838916"
"DOGE","2017-01-03","244297723143"
"DOGE","2017-01-04","25404850928"
"DOGE","2017-01-05","246044615846"
"DOGE","2017-01-06","23623828226"
"DOGE","2017-01-07","237567913222"
"DOGE","2017-01-08","237912676892"
"DOGE","2017-01-09","246545993514"
"DOGE","2017-01-10","243595756115"
"DOGE","2017-01-11","221068938804"
"DOGE","2017-01-12","224415320952"
"DOGE","2017-01-13","224959962893"
"DOGE","2017-01-14","224871138065"
"DOGE","2017-01-15","222056694694"
"DOGE","2017-01-16","223253035884"
"DOGE","2017-01-17","232089377279"
"DOGE","2017-01-18","223963822603"
"DOGE","2017-01-19","227007625683"
"DOGE","2017-01-20","22481310094"
"DOGE","2017-01-21","224587175768"
"DOGE","2017-01-22","223621185706"
"DOGE","2017-01-23","224468791579"
"DOGE","2017-01-24","218161838297"
"DOGE","2017-01-25","219779533144"
"DOGE","2017-01-26","224463211388"
"DOGE","2017-01-27","220461639344"
"DOGE","2017-01-28","22555027"
"DOGE","2017-01-29","220451589246"
"DOGE","2017-01-30","224440265296"
"DOGE","2017-01-31","222033375236"
"DOGE","2017-02-01","226082457135"
"DOGE","2017-02-02","228284969545"
"DOGE","2017-02-03","230136305516"
"DOGE","2017-02-04","228339240363"
"DOGE","2017-02-05","227840269167"
"DOGE","2017-02-06","231231099332"
"DOGE","2017-02-07","224805604995"
"DOGE","2017-02-08","227644055357"
"DOGE","2017-02-09","220905887375"
"DOGE","2017-02-10","224374031548"
"DOGE","2017-02-11","226778088693"
"DOGE","2017-02-12","225170175712"
"DOGE","2017-02-13","224733834289"
"DOGE","2017-02-14","225632427591"
"DOGE","2017-02-15","226139293255"
"DOGE","2017-02-16","224460003418"
"DOGE","2017-02-17","225770514617"
"DOGE","2017-02-18","212850332915"
"DOGE","2017-02-19","224708014214"
"DOGE","2017-02-20","223843700179"
"DOGE","2017-02-21","225619421873"
"DOGE","2017-02-22","218320899134"
"DOGE","2017-02-23","224745544639"
"DOGE","2017-02-24","224996405586"
"DOGE","2017-02-25","217074424919"
"DOGE","2017-02-26","219966810546"
"DOGE","2017-02-27","225732913005"
"DOGE","2017-02-28","222080261673"
"DOGE","2017-03-01","219721519891"
"DOGE","2017-03-02","222702650158"
"DOGE","2017-03-03","22839080089"
"DOGE","2017-03-04","221690399418"
"DOGE","2017-03-05","223475092283"
"DOGE","2017-03-06","227475876158"
"DOGE","2017-03-07","226248124641"
"DOGE","2017-03-08","225527616007"
"DOGE","2017-03-09","228766858083"
"DOGE","2017-03-10","221222948382"
"DOGE","2017-03-11","229242701384"
"DOGE","2017-03-12","248884509142"
"DOGE","2017-03-13","268034608564"
"DOGE","2017-03-14","258231227687"
"DOGE","2017-03-15","263666817258"
"DOGE","2017-03-16","25505568431"
"DOGE","2017-03-17","242370310903"
"DOGE","2017-03-18","237339527901"
"DOGE","2017-03-19","255306202589"
"DOGE","2017-03-20","256674207689"
"DOGE","2017-03-21","266885409585"
"DOGE","2017-03-22","264476984865"
"DOGE","2017-03-23","263088416597"
"DOGE","2017-03-24","287425616119"
"DOGE","2017-03-25","323396065401"
"DOGE","2017-03-26","295789465995"
"DOGE","2017-03-27","276365072205"
"DOGE","2017-03-28","296975730488"
"DOGE","2017-03-29","295926337544"
"DOGE","2017-03-30","330311331216"
"DOGE","2017-03-31","356895221591"
"DOGE","2017-04-01","364616888521"
"DOGE","2017-04-02","532377714814"
"DOGE","2017-04-03","464734198593"
"DOGE","2017-04-04","470161478258"
"DOGE","2017-04-05","480580581399"
"DOGE","2017-04-06","489658856871"
"DOGE","2017-04-07","433708345805"
"DOGE","2017-04-08","470436458089"
"DOGE","2017-04-09","414434014684"
"DOGE","2017-04-10","435210438791"
"DOGE","2017-04-11","425045673821"
"DOGE","2017-04-12","451136711295"
"DOGE","2017-04-13","462508892347"
"DOGE","2017-04-14","464616731826"
"DOGE","2017-04-15","455788318122"
"DOGE","2017-04-16","494245464642"
"DOGE","2017-04-17","500468910403"
"DOGE","2017-04-18","50070361981"
"DOGE","2017-04-19","487982644638"
"DOGE","2017-04-20","483044678606"
"DOGE","2017-04-21","492356532609"
"DOGE","2017-04-22","505667450966"
"DOGE","2017-04-23","569229370935"
"DOGE","2017-04-24","561707234933"
"DOGE","2017-04-25","575255603801"
"DOGE","2017-04-26","593347241827"
"DOGE","2017-04-27","689657954604"
"DOGE","2017-04-28","740018266518"
"DOGE","2017-04-29","800944046055"
"DOGE","2017-04-30","814792170366"
"DOGE","2017-05-01","749269878415"
"DOGE","2017-05-02","666643186702"
"DOGE","2017-05-03","740828309529"
"DOGE","2017-05-04","813029721229"
"DOGE","2017-05-05","917300118909"
"DOGE","2017-05-06","127767020157"
"DOGE","2017-05-07","142549285622"
"DOGE","2017-05-08","166179751696"
"DOGE","2017-05-09","135399786395"
"DOGE","2017-05-10","135432314796"
"DOGE","2017-05-11","132531385452"
"DOGE","2017-05-12","129385995041"
"DOGE","2017-05-13","129426581159"
"DOGE","2017-05-14","139315690231"
"DOGE","2017-05-15","123385339698"
"DOGE","2017-05-16","115902941285"
"DOGE","2017-05-17","144250618133"
"DOGE","2017-05-18","165053035"
"DOGE","2017-05-19","166080690348"
"DOGE","2017-05-20","207936862073"
"DOGE","2017-05-21","335148584911"
"DOGE","2017-05-22","372790906964"
"DOGE","2017-05-23","390020192119"
"DOGE","2017-05-24","400696360863"
"DOGE","2017-05-25","327904155229"
"DOGE","2017-05-26","265467531217"
"DOGE","2017-05-27","278381109296"
"DOGE","2017-05-28","282586772964"
"DOGE","2017-05-29","299397081624"
"DOGE","2017-05-30","287491007218"
"DOGE","2017-05-31","291223323988"
"DOGE","2017-06-01","314238600152"
"DOGE","2017-06-02","331768243681"
"DOGE","2017-06-03","356480570815"
"DOGE","2017-06-04","348600599515"
"DOGE","2017-06-05","424751203705"
"DOGE","2017-06-06","410328883672"
"DOGE","2017-06-07","362183090197"
"DOGE","2017-06-08","392181329925"
"DOGE","2017-06-09","378848043615"
"DOGE","2017-06-10","363573699639"
"DOGE","2017-06-11","395265960428"
"DOGE","2017-06-12","357074637073"
"DOGE","2017-06-13","363714822367"
"DOGE","2017-06-14","339460161552"
"DOGE","2017-06-15","334136363816"
"DOGE","2017-06-16","347356322025"
"DOGE","2017-06-17","364943129202"
"DOGE","2017-06-18","354812175892"
"DOGE","2017-06-19","345103749756"
"DOGE","2017-06-20","353617215451"
"DOGE","2017-06-21","343387743538"
"DOGE","2017-06-22","341137156315"
"DOGE","2017-06-23","345466884972"
"DOGE","2017-06-24","344687036847"
"DOGE","2017-06-25","325563587853"
"DOGE","2017-06-26","302421459805"
"DOGE","2017-06-27","288432959877"
"DOGE","2017-06-28","307215582"
"DOGE","2017-06-29","292156833817"
"DOGE","2017-06-30","286240722201"
"DOGE","2017-07-01","291030486925"
"DOGE","2017-07-02","272983973678"
"DOGE","2017-07-03","278765958972"
"DOGE","2017-07-04","277197170687"
"DOGE","2017-07-05","298730544247"
"DOGE","2017-07-06","290253629895"
"DOGE","2017-07-07","263978150305"
"DOGE","2017-07-08","268764834"
"DOGE","2017-07-09","256657309214"
"DOGE","2017-07-10","215080219359"
"DOGE","2017-07-11","195983179706"
"DOGE","2017-07-12","213554221052"
"DOGE","2017-07-13","200871716711"
"DOGE","2017-07-14","185301422525"
"DOGE","2017-07-15","163558753458"
"DOGE","2017-07-16","144110351301"
"DOGE","2017-07-17","167556913842"
"DOGE","2017-07-18","205507620057"
"DOGE","2017-07-19","186252335973"
"DOGE","2017-07-20","213373669711"
"DOGE","2017-07-21","213594706445"
"DOGE","2017-07-22","231094037037"
"DOGE","2017-07-23","217635336586"
"DOGE","2017-07-24","218468435803"
"DOGE","2017-07-25","195723774"
"DOGE","2017-07-26","199806282333"
"DOGE","2017-07-27","204889709569"
"DOGE","2017-07-28","196738456"
"DOGE","2017-07-29","195262613903"
"DOGE","2017-07-30","189841583854"
"DOGE","2017-07-31","189798983584"
"DOGE","2017-08-01","197951947576"
"DOGE","2017-08-02","197572304012"
"DOGE","2017-08-03","198345141976"
"DOGE","2017-08-04","201162665689"
"DOGE","2017-08-05","230690211297"
"DOGE","2017-08-06","211048435933"
"DOGE","2017-08-07","215460298207"
"DOGE","2017-08-08","216822986504"
"DOGE","2017-08-09","214167441839"
"DOGE","2017-08-10","209656696493"
"DOGE","2017-08-11","207948540845"
"DOGE","2017-08-12","205262085071"
"DOGE","2017-08-13","199948812529"
"DOGE","2017-08-14","195005983281"
"DOGE","2017-08-15","192321527565"
"DOGE","2017-08-16","196376335578"
"DOGE","2017-08-17","189307022997"
"DOGE","2017-08-18","185762813376"
"DOGE","2017-08-19","185787197822"
"DOGE","2017-08-20","189031463249"
"DOGE","2017-08-21","189571337"
"DOGE","2017-08-22","190062368264"
"DOGE","2017-08-23","191824058741"
"DOGE","2017-08-24","201223519618"
"DOGE","2017-08-25","198284911561"
"DOGE","2017-08-26","197004365445"
"DOGE","2017-08-27","194996479774"
"DOGE","2017-08-28","202245398624"
"DOGE","2017-08-29","206951989615"
"DOGE","2017-08-30","233398752657"
"DOGE","2017-08-31","228804388924"
"DOGE","2017-09-01","282046045649"
"DOGE","2017-09-02","246876827886"
"DOGE","2017-09-03","238765000991"
"DOGE","2017-09-04","198144547633"
"DOGE","2017-09-05","211642097313"
"DOGE","2017-09-06","223986648"
"DOGE","2017-09-07","213910026"
"DOGE","2017-09-08","177125056719"
"DOGE","2017-09-09","174031366641"
"DOGE","2017-09-10","154850998158"
"DOGE","2017-09-11","162461816181"
"DOGE","2017-09-12","159882603496"
"DOGE","2017-09-13","155284725025"
"DOGE","2017-09-14","948478059111"
"DOGE","2017-09-15","961326785395"
"DOGE","2017-09-16","963067921231"
"DOGE","2017-09-17","947594141663"
"DOGE","2017-09-18","105289091965"
"DOGE","2017-09-19","989608844317"
"DOGE","2017-09-20","958641989878"
"DOGE","2017-09-21","839531788209"
"DOGE","2017-09-22","858399827661"
"DOGE","2017-09-23","106075800231"
"DOGE","2017-09-24","991509206594"
"DOGE","2017-09-25","126867683"
"DOGE","2017-09-26","128051586842"
"DOGE","2017-09-27","130487492467"
"DOGE","2017-09-28","120169039"
"DOGE","2017-09-29","120442313107"
"DOGE","2017-09-30","127462556478"
"DOGE","2017-10-01","120619529206"
"DOGE","2017-10-02","120828185984"
"DOGE","2017-10-03","123407577"
"DOGE","2017-10-04","114065545619"
"DOGE","2017-10-05","111512917068"
"DOGE","2017-10-06","117619217234"
"DOGE","2017-10-07","118755629512"
"DOGE","2017-10-08","117635322665"
"DOGE","2017-10-09","110386303529"
"DOGE","2017-10-10","115410505"
"DOGE","2017-10-11","116589677594"
"DOGE","2017-10-12","118374301883"
"DOGE","2017-10-13","118811778266"
"DOGE","2017-10-14","123728892153"
"DOGE","2017-10-15","123350731815"
"DOGE","2017-10-16","129818631046"
"DOGE","2017-10-17","119044077859"
"DOGE","2017-10-18","116835650"
"DOGE","2017-10-19","118646430679"
"DOGE","2017-10-20","117173990231"
"DOGE","2017-10-21","112344622006"
"DOGE","2017-10-22","114153274072"
"DOGE","2017-10-23","113352713289"
"DOGE","2017-10-24","121932279047"
"DOGE","2017-10-25","117863496"
"DOGE","2017-10-26","117395796037"
"DOGE","2017-10-27","117507606"
"DOGE","2017-10-28","115838085287"
"DOGE","2017-10-29","131042650188"
"DOGE","2017-10-30","128553236267"
"DOGE","2017-10-31","125608534109"
"DOGE","2017-11-01","127124958424"
"DOGE","2017-11-02","128673014383"
"DOGE","2017-11-03","125277848756"
"DOGE","2017-11-04","132880238843"
"DOGE","2017-11-05","132186840261"
"DOGE","2017-11-06","128985531406"
"DOGE","2017-11-07","131659738298"
"DOGE","2017-11-08","136644127741"
"DOGE","2017-11-09","158275566926"
"DOGE","2017-11-10","130061008459"
"DOGE","2017-11-11","134375657734"
"DOGE","2017-11-12","116147794615"
"DOGE","2017-11-13","135534681644"
"DOGE","2017-11-14","132549461987"
"DOGE","2017-11-15","149852218276"
"DOGE","2017-11-16","155643098269"
"DOGE","2017-11-17","147031148023"
"DOGE","2017-11-18","153733391749"
"DOGE","2017-11-19","154127619845"
"DOGE","2017-11-20","156086761131"
"DOGE","2017-11-21","155605422242"
"DOGE","2017-11-22","204237209952"
"DOGE","2017-11-23","211863702451"
"DOGE","2017-11-24","213828665"
"DOGE","2017-11-25","232185058738"
"DOGE","2017-11-26","227138162779"
"DOGE","2017-11-27","222859152"
"DOGE","2017-11-28","264879641395"
"DOGE","2017-11-29","233280394694"
"DOGE","2017-11-30","233164227235"
"DOGE","2017-12-01","240929704886"
"DOGE","2017-12-02","241024465926"
"DOGE","2017-12-03","249405607482"
"DOGE","2017-12-04","276409782"
"DOGE","2017-12-05","278242796499"
"DOGE","2017-12-06","298826686202"
"DOGE","2017-12-07","305323589866"
"DOGE","2017-12-08","311978308204"
"DOGE","2017-12-09","293806516981"
"DOGE","2017-12-10","285960070257"
"DOGE","2017-12-11","314179915571"
"DOGE","2017-12-12","371078319825"
"DOGE","2017-12-13","388750770191"
"DOGE","2017-12-14","416683564584"
"DOGE","2017-12-15","422678523553"
"DOGE","2017-12-16","666727523433"
"DOGE","2017-12-17","672488066769"
"DOGE","2017-12-18","723023421381"
"DOGE","2017-12-19","636924901881"
"DOGE","2017-12-20","748907794666"
"DOGE","2017-12-21","834820435071"
"DOGE","2017-12-22","680766389618"
"DOGE","2017-12-23","816428067"
"DOGE","2017-12-24","965364619581"
"DOGE","2017-12-25","1004674178"
"DOGE","2017-12-26","1058877173"
"DOGE","2017-12-27","998314075"
"DOGE","2017-12-28","954963150217"
"DOGE","2017-12-29","1056955586"
"DOGE","2017-12-30","884810743017"
"DOGE","2017-12-31","1010010339"
"DOGE","2018-01-01","1003050473"
"DOGE","2018-01-02","1029797362"
"DOGE","2018-01-03","1049588235"
"DOGE","2018-01-04","1086239171"
"DOGE","2018-01-05","1370604721"
"DOGE","2018-01-06","1674491225"
"DOGE","2018-01-07","1925382961"
"DOGE","2018-01-08","1695430616"
"DOGE","2018-01-09","1512508348"
"DOGE","2018-01-10","1476852402"
"DOGE","2018-01-11","1292966655"
"DOGE","2018-01-12","1472034319"
"DOGE","2018-01-13","1468529067"
"DOGE","2018-01-14","1317716492"
"DOGE","2018-01-15","1111760879"
"DOGE","2018-01-16","769558551718"
"DOGE","2018-01-17","862812720103"
"DOGE","2018-01-18","899102559907"
"DOGE","2018-01-19","888117577"
"DOGE","2018-01-20","953343861217"
"DOGE","2018-01-21","804877209963"
"DOGE","2018-01-22","760095988779"
"DOGE","2018-01-23","753393585259"
"DOGE","2018-01-24","799755503414"
"DOGE","2018-01-25","865745131056"
"DOGE","2018-01-26","817296655313"
"DOGE","2018-01-27","832760567351"
"DOGE","2018-01-28","843237987663"
"DOGE","2018-01-29","787122892801"
"DOGE","2018-01-30","680637218096"
"DOGE","2018-01-31","679199152555"
"DOGE","2018-02-01","568402415934"
"DOGE","2018-02-02","505797136183"
"DOGE","2018-02-03","583800029803"
"DOGE","2018-02-04","497364798999"
"DOGE","2018-02-05","399524305742"
"DOGE","2018-02-06","493153304123"
"DOGE","2018-02-07","486004813255"
"DOGE","2018-02-08","516515303922"
"DOGE","2018-02-09","565681598641"
"DOGE","2018-02-10","564542285216"
"DOGE","2018-02-11","560868396226"
"DOGE","2018-02-12","619304749189"
"DOGE","2018-02-13","638124004595"
"DOGE","2018-02-14","761914123954"
"DOGE","2018-02-15","831793417692"
"DOGE","2018-02-16","796386651408"
"DOGE","2018-02-17","798267106342"
"DOGE","2018-02-18","727588695507"
"DOGE","2018-02-19","758506771"
"DOGE","2018-02-20","803659982014"
"DOGE","2018-02-21","745581439886"
"DOGE","2018-02-22","709168605291"
"DOGE","2018-02-23","753353115357"
"DOGE","2018-02-24","716769750728"
"DOGE","2018-02-25","696235029881"
"DOGE","2018-02-26","718603157"
"DOGE","2018-02-27","713270307094"
"DOGE","2018-02-28","682419941821"
"DOGE","2018-03-01","704812282141"
"DOGE","2018-03-02","621726560824"
"DOGE","2018-03-03","601285948957"
"DOGE","2018-03-04","624158961847"
"DOGE","2018-03-05","591986387762"
"DOGE","2018-03-06","523141571"
"DOGE","2018-03-07","456705754474"
"DOGE","2018-03-08","456837511846"
"DOGE","2018-03-09","470609045886"
"DOGE","2018-03-10","451032436277"
"DOGE","2018-03-11","477971378738"
"DOGE","2018-03-12","457816698176"
"DOGE","2018-03-13","449768151377"
"DOGE","2018-03-14","400229180029"
"DOGE","2018-03-15","401676595446"
"DOGE","2018-03-16","398839482543"
"DOGE","2018-03-17","374824967305"
"DOGE","2018-03-18","362543841367"
"DOGE","2018-03-19","390980328"
"DOGE","2018-03-20","414990078178"
"DOGE","2018-03-21","415921724809"
"DOGE","2018-03-22","401139207441"
"DOGE","2018-03-23","404772684683"
"DOGE","2018-03-24","408301807687"
"DOGE","2018-03-25","398679314316"
"DOGE","2018-03-26","374176871716"
"DOGE","2018-03-27","357785687"
"DOGE","2018-03-28","357344344"
"DOGE","2018-03-29","321655143719"
"DOGE","2018-03-30","314463228196"
"DOGE","2018-03-31","320911092"
"DOGE","2018-04-01","309485888548"
"DOGE","2018-04-02","318465573668"
"DOGE","2018-04-03","339266306834"
"DOGE","2018-04-04","315475248"
"DOGE","2018-04-05","309054897075"
"DOGE","2018-04-06","304130895945"
"DOGE","2018-04-07","319168903781"
"DOGE","2018-04-08","323884729"
"DOGE","2018-04-09","314807365832"
"DOGE","2018-04-10","346737260529"
"DOGE","2018-04-11","387108402762"
"DOGE","2018-04-12","432950912176"
"DOGE","2018-04-13","455430860868"
"DOGE","2018-04-14","473228672703"
"DOGE","2018-04-15","521261890589"
"DOGE","2018-04-16","522843971412"
"DOGE","2018-04-17","541044698576"
"DOGE","2018-04-18","617372188328"
"DOGE","2018-04-19","664427354102"
"DOGE","2018-04-20","672355879"
"DOGE","2018-04-21","617731981171"
"DOGE","2018-04-22","632129664281"
"DOGE","2018-04-23","625700625841"
"DOGE","2018-04-24","662124917506"
"DOGE","2018-04-25","581482890608"
"DOGE","2018-04-26","642470068"
"DOGE","2018-04-27","619127864669"
"DOGE","2018-04-28","611859889769"
"DOGE","2018-04-29","623566087355"
"DOGE","2018-04-30","595237179108"
"DOGE","2018-05-01","587750702008"
"DOGE","2018-05-02","602519225175"
"DOGE","2018-05-03","644659838352"
"DOGE","2018-05-04","602168794775"
"DOGE","2018-05-05","592172153953"
"DOGE","2018-05-06","568134217701"
"DOGE","2018-05-07","550808733636"
"DOGE","2018-05-08","606410324171"
"DOGE","2018-05-09","582406975681"
"DOGE","2018-05-10","557000639144"
"DOGE","2018-05-11","498921346211"
"DOGE","2018-05-12","511781760529"
"DOGE","2018-05-13","495286561632"
"DOGE","2018-05-14","510361317631"
"DOGE","2018-05-15","516726420819"
"DOGE","2018-05-16","501944870633"
"DOGE","2018-05-17","479446691625"
"DOGE","2018-05-18","459919189689"
"DOGE","2018-05-19","490735464017"
"DOGE","2018-05-20","506485164165"
"DOGE","2018-05-21","489159637869"
"DOGE","2018-05-22","441124251685"
"DOGE","2018-05-23","411345522531"
"DOGE","2018-05-24","400915452008"
"DOGE","2018-05-25","402683932786"
"DOGE","2018-05-26","396818056522"
"DOGE","2018-05-27","392428907345"
"DOGE","2018-05-28","369745371288"
"DOGE","2018-05-29","393979506"
"DOGE","2018-05-30","384506683522"
"DOGE","2018-05-31","389661095576"
"DOGE","2018-06-01","392591613027"
"DOGE","2018-06-02","408089277658"
"DOGE","2018-06-03","423325478714"
"DOGE","2018-06-04","405239497"
"DOGE","2018-06-05","419254905661"
"DOGE","2018-06-06","434554167542"
"DOGE","2018-06-07","428293523755"
"DOGE","2018-06-08","419946808996"
"DOGE","2018-06-09","412504965847"
"DOGE","2018-06-10","365371602834"
"DOGE","2018-06-11","371367950"
"DOGE","2018-06-12","354758101966"
"DOGE","2018-06-13","323516474"
"DOGE","2018-06-14","338168614"
"DOGE","2018-06-15","333264839523"
"DOGE","2018-06-16","332593553"
"DOGE","2018-06-17","330081698171"
"DOGE","2018-06-18","347923935035"
"DOGE","2018-06-19","348638114612"
"DOGE","2018-06-20","347206137989"
"DOGE","2018-06-21","343481918247"
"DOGE","2018-06-22","306702252792"
"DOGE","2018-06-23","303670219972"
"DOGE","2018-06-24","288641070567"
"DOGE","2018-06-25","285861157984"
"DOGE","2018-06-26","285041032835"
"DOGE","2018-06-27","280401349511"
"DOGE","2018-06-28","271187894004"
"DOGE","2018-06-29","279304722012"
"DOGE","2018-06-30","287630566836"
"DOGE","2018-07-01","286509504419"
"DOGE","2018-07-02","311174075889"
"DOGE","2018-07-03","303713116808"
"DOGE","2018-07-04","308602980"
"DOGE","2018-07-05","299294779773"
"DOGE","2018-07-06","299049594502"
"DOGE","2018-07-07","304620168816"
"DOGE","2018-07-08","300734141542"
"DOGE","2018-07-09","299949049888"
"DOGE","2018-07-10","277864985586"
"DOGE","2018-07-11","279463345288"
"DOGE","2018-07-12","265785073863"
"DOGE","2018-07-13","268861136119"
"DOGE","2018-07-14","272285060333"
"DOGE","2018-07-15","274421956281"
"DOGE","2018-07-16","329148247879"
"DOGE","2018-07-17","372245951921"
"DOGE","2018-07-18","428178334927"
"DOGE","2018-07-19","443392195254"
"DOGE","2018-07-20","393392431813"
"DOGE","2018-07-21","377290409714"
"DOGE","2018-07-22","399040882341"
"DOGE","2018-07-23","395957341953"
"DOGE","2018-07-24","417763030491"
"DOGE","2018-07-25","408948842128"
"DOGE","2018-07-26","391735302128"
"DOGE","2018-07-27","394605474642"
"DOGE","2018-07-28","392607816671"
"DOGE","2018-07-29","381945738766"
"DOGE","2018-07-30","377999635665"
"DOGE","2018-07-31","340164809296"
"DOGE","2018-08-01","365019481485"
"DOGE","2018-08-02","340387651762"
"DOGE","2018-08-03","337172279"
"DOGE","2018-08-04","317270338329"
"DOGE","2018-08-05","327938539923"
"DOGE","2018-08-06","321265094797"
"DOGE","2018-08-07","308809410878"
"DOGE","2018-08-08","279185556298"
"DOGE","2018-08-09","295514406101"
"DOGE","2018-08-10","276653725975"
"DOGE","2018-08-11","278022864789"
"DOGE","2018-08-12","278123344734"
"DOGE","2018-08-13","269736328589"
"DOGE","2018-08-14","261534677"
"DOGE","2018-08-15","266549316148"
"DOGE","2018-08-16","265235124042"
"DOGE","2018-08-17","284151788607"
"DOGE","2018-08-18","277170288232"
"DOGE","2018-08-19","286367575707"
"DOGE","2018-08-20","274272437996"
"DOGE","2018-08-21","280772182736"
"DOGE","2018-08-22","268075742068"
"DOGE","2018-08-23","276305563329"
"DOGE","2018-08-24","281064241656"
"DOGE","2018-08-25","274615435445"
"DOGE","2018-08-26","278624233162"
"DOGE","2018-08-27","285305948654"
"DOGE","2018-08-28","302144269502"
"DOGE","2018-08-29","302033241693"
"DOGE","2018-08-30","371736147615"
"DOGE","2018-08-31","555832504294"
"DOGE","2018-09-01","727970620"
"DOGE","2018-09-02","579769447222"
"DOGE","2018-09-03","610853684724"
"DOGE","2018-09-04","611181289"
"DOGE","2018-09-05","572046224431"
"DOGE","2018-09-06","581271399635"
"DOGE","2018-09-07","615880469769"
"DOGE","2018-09-08","660574627575"
"DOGE","2018-09-09","676577705495"
"DOGE","2018-09-10","800113778708"
"DOGE","2018-09-11","734786914687"
"DOGE","2018-09-12","749563101831"
"DOGE","2018-09-13","761150295435"
"DOGE","2018-09-14","717737372686"
"DOGE","2018-09-15","716133148532"
"DOGE","2018-09-16","758705130939"
"DOGE","2018-09-17","725299656712"
"DOGE","2018-09-18","694945887327"
"DOGE","2018-09-19","651826831054"
"DOGE","2018-09-20","661896910189"
"DOGE","2018-09-21","660681858128"
"DOGE","2018-09-22","669390105176"
"DOGE","2018-09-23","686080916532"
"DOGE","2018-09-24","660168122221"
"DOGE","2018-09-25","661194575513"
"DOGE","2018-09-26","662329725015"
"DOGE","2018-09-27","683838581031"
"DOGE","2018-09-28","678300466"
"DOGE","2018-09-29","682339781634"
"DOGE","2018-09-30","687215142888"
"DOGE","2018-10-01","691491511997"
"DOGE","2018-10-02","677834330757"
"DOGE","2018-10-03","663984391115"
"DOGE","2018-10-04","657223863557"
"DOGE","2018-10-05","660047445461"
"DOGE","2018-10-06","645695892723"
"DOGE","2018-10-07","647783089718"
"DOGE","2018-10-08","649726469809"
"DOGE","2018-10-09","656416571128"
"DOGE","2018-10-10","646790164936"
"DOGE","2018-10-11","582635154731"
"DOGE","2018-10-12","611427695055"
"DOGE","2018-10-13","603905182485"
"DOGE","2018-10-14","601233348731"
"DOGE","2018-10-15","608254396047"
"DOGE","2018-10-16","584946753882"
"DOGE","2018-10-17","536231883176"
"DOGE","2018-10-18","511469870124"
"DOGE","2018-10-19","521344520317"
"DOGE","2018-10-20","530881311268"
"DOGE","2018-10-21","526968561161"
"DOGE","2018-10-22","509318217263"
"DOGE","2018-10-23","486756513048"
"DOGE","2018-10-24","456437857085"
"DOGE","2018-10-25","433818658581"
"DOGE","2018-10-26","465080941067"
"DOGE","2018-10-27","489681080"
"DOGE","2018-10-28","474359841967"
"DOGE","2018-10-29","449242891107"
"DOGE","2018-10-30","449643132979"
"DOGE","2018-10-31","439603253562"
"DOGE","2018-11-01","441152745241"
"DOGE","2018-11-02","440812519171"
"DOGE","2018-11-03","436195624042"
"DOGE","2018-11-04","429511052794"
"DOGE","2018-11-05","423301552855"
"DOGE","2018-11-06","433467772"
"DOGE","2018-11-07","425182384979541"
"DOGE","2018-11-08","395578770058429"
"DOGE","2018-11-09","367129457309387"
"DOGE","2018-11-10","38406886053947"
"DOGE","2018-11-11","369745369674913"
"DOGE","2018-11-12","358414069618565"
"DOGE","2018-11-13","344531570688022"
"DOGE","2018-11-14","315331725949183"
"DOGE","2018-11-15","327645999363026"
"DOGE","2018-11-16","321325360840395"
"DOGE","2018-11-17","303689775826382"
"DOGE","2018-11-18","309369879440067"
"DOGE","2018-11-19","283005650914032"
"DOGE","2018-11-20","263932882378113"
"DOGE","2018-11-21","286620432236602"
"DOGE","2018-11-22","282441633823295"
"DOGE","2018-11-23","276466211265452"
"DOGE","2018-11-24","260499267998098"
"DOGE","2018-11-25","260041719537575"
"DOGE","2018-11-26","245848748434413"
"DOGE","2018-11-27","244511714869169"
"DOGE","2018-11-28","263216104549114"
"DOGE","2018-11-29","26263188610457"
"DOGE","2018-11-30","253728205803632"
"DOGE","2018-12-01","263750542439472"
"DOGE","2018-12-02","263285350994659"
"DOGE","2018-12-03","278040469947048"
"DOGE","2018-12-04","257494595219507"
"DOGE","2018-12-05","255697624908685"
"DOGE","2018-12-06","245980362963325"
"DOGE","2018-12-07","246818848314936"
"DOGE","2018-12-08","248738484343774"
"DOGE","2018-12-09","246649040005517"
"DOGE","2018-12-10","246427923736884"
"DOGE","2018-12-11","245087586383077"
"DOGE","2018-12-12","247778497146685"
"DOGE","2018-12-13","242442810394584"
"DOGE","2018-12-14","243041742187764"
"DOGE","2018-12-15","248156317090334"
"DOGE","2018-12-16","249589838665024"
"DOGE","2018-12-17","297529699781063"
"DOGE","2018-12-18","315219760419398"
"DOGE","2018-12-19","319482825742301"
"DOGE","2018-12-20","320894678999937"
"DOGE","2018-12-21","299000804042382"
"DOGE","2018-12-22","294025343229956"
"DOGE","2018-12-23","298792069667937"
"DOGE","2018-12-24","298584294039031"
"DOGE","2018-12-25","282621316494911"
"DOGE","2018-12-26","290868131283693"
"DOGE","2018-12-27","277947391555032"
"DOGE","2018-12-28","28624034835408"
"DOGE","2018-12-29","282658119389757"
"DOGE","2018-12-30","278470304317267"
"DOGE","2018-12-31","275928511690179"
"DOGE","2019-01-01","281442716957996"
"DOGE","2019-01-02","283171751233943"
"DOGE","2019-01-03","277679885380054"
"DOGE","2019-01-04","272494769560141"
"DOGE","2019-01-05","27299656366542"
"DOGE","2019-01-06","274056601320637"
"DOGE","2019-01-07","269018283211661"
"DOGE","2019-01-08","267977606798294"
"DOGE","2019-01-09","266854313577598"
"DOGE","2019-01-10","251103614519666"
"DOGE","2019-01-11","250754769579297"
"DOGE","2019-01-12","253082186198382"
"DOGE","2019-01-13","246733655806186"
"DOGE","2019-01-14","257213741174364"
"DOGE","2019-01-15","248720212529666"
"DOGE","2019-01-16","251931605092914"
"DOGE","2019-01-17","246798931509283"
"DOGE","2019-01-18","248304913518916"
"DOGE","2019-01-19","253903206062992"
"DOGE","2019-01-20","24984327461501"
"DOGE","2019-01-21","247737174726346"
"DOGE","2019-01-22","242632498035559"
"DOGE","2019-01-23","240979399045278"
"DOGE","2019-01-24","240547775547546"
"DOGE","2019-01-25","249905438276333"
"DOGE","2019-01-26","245748560313479"
"DOGE","2019-01-27","239272756131475"
"DOGE","2019-01-28","229396885815957"
"DOGE","2019-01-29","227482733174664"
"DOGE","2019-01-30","231532342987148"
"DOGE","2019-01-31","227283335238771"
"DOGE","2019-02-01","22630806690742"
"DOGE","2019-02-02","22861125138275"
"DOGE","2019-02-03","224849258843295"
"DOGE","2019-02-04","223945016925715"
"DOGE","2019-02-05","223012093172894"
"DOGE","2019-02-06","220417139503702"
"DOGE","2019-02-07","218008800429945"
"DOGE","2019-02-08","23120275623398"
"DOGE","2019-02-09","230403926690179"
"DOGE","2019-02-10","229995070151242"
"DOGE","2019-02-11","225276851360986"
"DOGE","2019-02-12","223946348742353"
"DOGE","2019-02-13","223902916725541"
"DOGE","2019-02-14","224325153593791"
"DOGE","2019-02-15","225621219468381"
"DOGE","2019-02-16","227597790312809"
"DOGE","2019-02-17","235719871396181"
"DOGE","2019-02-18","250094071523358"
"DOGE","2019-02-19","244633572662847"
"DOGE","2019-02-20","246042747215028"
"DOGE","2019-02-21","240071969663012"
"DOGE","2019-02-22","243372975745897"
"DOGE","2019-02-23","246661868692155"
"DOGE","2019-02-24","233678258562318"
"DOGE","2019-02-25","240373594735811"
"DOGE","2019-02-26","239562466293354"
"DOGE","2019-02-27","239107349620924"
"DOGE","2019-02-28","234089208766574"
"DOGE","2019-03-01","236294433629096"
"DOGE","2019-03-02","237292659390835"
"DOGE","2019-03-03","23692204723802"
"DOGE","2019-03-04","234927106178891"
"DOGE","2019-03-05","235312822095306"
"DOGE","2019-03-06","235065671521104"
"DOGE","2019-03-07","236034180813962"
"DOGE","2019-03-08","234803751444237"
"DOGE","2019-03-09","236946256674061"
"DOGE","2019-03-10","237074915926868"
"DOGE","2019-03-11","233158765339489"
"DOGE","2019-03-12","238641758689874"
"DOGE","2019-03-13","240262325865225"
"DOGE","2019-03-14","241919026728706"
"DOGE","2019-03-15","243069197744295"
"DOGE","2019-03-16","246562176266734"
"DOGE","2019-03-17","2469848469038"
"DOGE","2019-03-18","247277160020906"
"DOGE","2019-03-19","248260771297656"
"DOGE","2019-03-20","244693571253137"
"DOGE","2019-03-21","243873314506114"
"DOGE","2019-03-22","243742932622498"
"DOGE","2019-03-23","245183327739392"
"DOGE","2019-03-24","243962932120316"
"DOGE","2019-03-25","242770806122323"
"DOGE","2019-03-26","244056902209011"
"DOGE","2019-03-27","247769700134811"
"DOGE","2019-03-28","246454838409083"
"DOGE","2019-03-29","248123446936437"
"DOGE","2019-03-30","247321175307952"
"DOGE","2019-03-31","247350012097438"
"DOGE","2019-04-01","29264181111261"
"DOGE","2019-04-02","332358223246825"
"DOGE","2019-04-03","376346599001668"
"DOGE","2019-04-04","439749413925701"
"DOGE","2019-04-05","427026547926532"
"DOGE","2019-04-06","409155292835093"
"DOGE","2019-04-07","406652917492884"
"DOGE","2019-04-08","362309890128445"
"DOGE","2019-04-09","343234838527354"
"DOGE","2019-04-10","359651119910998"
"DOGE","2019-04-11","332037825219654"
"DOGE","2019-04-12","339977666992995"
"DOGE","2019-04-13","342015736359087"
"DOGE","2019-04-14","343200438446089"
"DOGE","2019-04-15","332280603221462"
"DOGE","2019-04-16","337688746065502"
"DOGE","2019-04-17","334723161140105"
"DOGE","2019-04-18","350965937859117"
"DOGE","2019-04-19","344694916159112"
"DOGE","2019-04-20","345812689167461"
"DOGE","2019-04-21","328896047982303"
"DOGE","2019-04-22","333525284068504"
"DOGE","2019-04-23","330508959539314"
"DOGE","2019-04-24","309878403368902"
"DOGE","2019-04-25","298780219364871"
"DOGE","2019-04-26","300449791835983"
"DOGE","2019-04-27","30009505801635"
"DOGE","2019-04-28","301935050863943"
"DOGE","2019-04-29","294229866032108"
"DOGE","2019-04-30","299790179203632"
"DOGE","2019-05-01","300837223669261"
"DOGE","2019-05-02","311635238316092"
"DOGE","2019-05-03","324719935496409"
"DOGE","2019-05-04","319848588165382"
"DOGE","2019-05-05","3166966772539"
"DOGE","2019-05-06","303508480545574"
"DOGE","2019-05-07","302868566662485"
"DOGE","2019-05-08","30295252975183"
"DOGE","2019-05-09","298547818682414"
"DOGE","2019-05-10","301197111107606"
"DOGE","2019-05-11","328986275313012"
"DOGE","2019-05-12","318441124804875"
"DOGE","2019-05-13","32929847378884"
"DOGE","2019-05-14","366618100672179"
"DOGE","2019-05-15","395364529264547"
"DOGE","2019-05-16","378701248616612"
"DOGE","2019-05-17","354120288238997"
"DOGE","2019-05-18","359326116325298"
"DOGE","2019-05-19","380056299375571"
"DOGE","2019-05-20","363688982459936"
"DOGE","2019-05-21","369138169513289"
"DOGE","2019-05-22","351505520098358"
"DOGE","2019-05-23","354207199246359"
"DOGE","2019-05-24","35828110235542"
"DOGE","2019-05-25","357860014062915"
"DOGE","2019-05-26","370079611685648"
"DOGE","2019-05-27","375920685774088"
"DOGE","2019-05-28","376838964042123"
"DOGE","2019-05-29","37434290317612"
"DOGE","2019-05-30","390104147420554"
"DOGE","2019-05-31","412039594834364"
"DOGE","2019-06-01","409426093689958"
"DOGE","2019-06-02","406924035043616"
"DOGE","2019-06-03","383067693888539"
"DOGE","2019-06-04","364362598069468"
"DOGE","2019-06-05","367856968406008"
"DOGE","2019-06-06","369884381688593"
"DOGE","2019-06-07","372741941089416"
"DOGE","2019-06-08","369623512090643"
"DOGE","2019-06-09","36101175053997"
"DOGE","2019-06-10","370527383013694"
"DOGE","2019-06-11","366598994178945"
"DOGE","2019-06-12","367743216439949"
"DOGE","2019-06-13","368689737042006"
"DOGE","2019-06-14","374713827286984"
"DOGE","2019-06-15","378704191602897"
"DOGE","2019-06-16","382232242973778"
"DOGE","2019-06-17","382759058310154"
"DOGE","2019-06-18","374976170798191"
"DOGE","2019-06-19","375562335431735"
"DOGE","2019-06-20","379320132144197"
"DOGE","2019-06-21","386823956464658"
"DOGE","2019-06-22","393654484630509"
"DOGE","2019-06-23","396730842805816"
"DOGE","2019-06-24","404420400932071"
"DOGE","2019-06-25","407366308780511"
"DOGE","2019-06-26","405826744169832"
"DOGE","2019-06-27","39985915263683"
"DOGE","2019-06-28","419171359868963"
"DOGE","2019-06-29","4090630985845"
"DOGE","2019-06-30","39142331758106"
"DOGE","2019-07-01","389069550768649"
"DOGE","2019-07-02","385000907756708"
"DOGE","2019-07-03","398204900640692"
"DOGE","2019-07-04","388085562578922"
"DOGE","2019-07-05","464839135602298"
"DOGE","2019-07-06","426421765978934"
"DOGE","2019-07-07","436892153684487"
"DOGE","2019-07-08","427975398685475"
"DOGE","2019-07-09","426861436117779"
"DOGE","2019-07-10","411846677525871"
"DOGE","2019-07-11","390119795079366"
"DOGE","2019-07-12","401865725844649"
"DOGE","2019-07-13","390920284308042"
"DOGE","2019-07-14","362718198986017"
"DOGE","2019-07-15","372153997380526"
"DOGE","2019-07-16","340039852867687"
"DOGE","2019-07-17","364796543404116"
"DOGE","2019-07-18","37580242486651"
"DOGE","2019-07-19","368322123281642"
"DOGE","2019-07-20","375496388561238"
"DOGE","2019-07-21","370439302885689"
"DOGE","2019-07-22","360973873576175"
"DOGE","2019-07-23","34698916183281"
"DOGE","2019-07-24","351265071530279"
"DOGE","2019-07-25","351999833164186"
"DOGE","2019-07-26","351972410639651"
"DOGE","2019-07-27","340210523754065"
"DOGE","2019-07-28","344666082675676"
"DOGE","2019-07-29","342396264827239"
"DOGE","2019-07-30","339690583313042"
"DOGE","2019-07-31","349610537747977"
"DOGE","2019-08-01","356641797607777"
"DOGE","2019-08-02","350830676770969"
"DOGE","2019-08-03","351275677827523"
"DOGE","2019-08-04","354483149254108"
"DOGE","2019-08-05","372477432865982"
"DOGE","2019-08-06","355991865550507"
"DOGE","2019-08-07","362745386161324"
"DOGE","2019-08-08","353408334377279"
"DOGE","2019-08-09","350568745498968"
"DOGE","2019-08-10","34312007204825"
"DOGE","2019-08-11","349886911423066"
"DOGE","2019-08-12","347750297129122"
"DOGE","2019-08-13","341124651883648"
"DOGE","2019-08-14","328706637336832"
"DOGE","2019-08-15","318849058829889"
"DOGE","2019-08-16","323821638318145"
"DOGE","2019-08-17","319657988417752"
"DOGE","2019-08-18","328961191382942"
"DOGE","2019-08-19","338022974102467"
"DOGE","2019-08-20","333973893536444"
"DOGE","2019-08-21","323282142680742"
"DOGE","2019-08-22","326418778663991"
"DOGE","2019-08-23","32805205737882"
"DOGE","2019-08-24","32178750338861"
"DOGE","2019-08-25","321922165279636"
"DOGE","2019-08-26","324057575398672"
"DOGE","2019-08-27","316922333350595"
"DOGE","2019-08-28","30528191097483"
"DOGE","2019-08-29","29635353269928"
"DOGE","2019-08-30","300273833854111"
"DOGE","2019-08-31","303898754402247"
"DOGE","2019-09-01","301547448716597"
"DOGE","2019-09-02","314174809245812"
"DOGE","2019-09-03","314163634288929"
"DOGE","2019-09-04","325624542787525"
"DOGE","2019-09-05","306473459542747"
"DOGE","2019-09-06","303870099631257"
"DOGE","2019-09-07","304626896533521"
"DOGE","2019-09-08","302972061331851"
"DOGE","2019-09-09","298135096317599"
"DOGE","2019-09-10","295224766160785"
"DOGE","2019-09-11","290629359975511"
"DOGE","2019-09-12","293854225873227"
"DOGE","2019-09-13","293959645770237"
"DOGE","2019-09-14","295798965957362"
"DOGE","2019-09-15","298246050434078"
"DOGE","2019-09-16","29764742644343"
"DOGE","2019-09-17","316212957706881"
"DOGE","2019-09-18","329649837446452"
"DOGE","2019-09-19","328562682408345"
"DOGE","2019-09-20","324135090957539"
"DOGE","2019-09-21","313689746904664"
"DOGE","2019-09-22","314478667375803"
"DOGE","2019-09-23","301618719020143"
"DOGE","2019-09-24","270292234837895"
"DOGE","2019-09-25","266601412974145"
"DOGE","2019-09-26","261563927496273"
"DOGE","2019-09-27","26954563350762"
"DOGE","2019-09-28","271215845193263"
"DOGE","2019-09-29","269929126278747"
"DOGE","2019-09-30","289882718675439"
"DOGE","2019-10-01","290007971362601"
"DOGE","2019-10-02","285590696249197"
"DOGE","2019-10-03","282370082884902"
"DOGE","2019-10-04","286684074986573"
"DOGE","2019-10-05","282153892796836"
"DOGE","2019-10-06","285110218071853"
"DOGE","2019-10-07","290494970512602"
"DOGE","2019-10-08","28511408196272"
"DOGE","2019-10-09","290246473655638"
"DOGE","2019-10-10","283471138128954"
"DOGE","2019-10-11","285091460244972"
"DOGE","2019-10-12","284518006262041"
"DOGE","2019-10-13","297629961951253"
"DOGE","2019-10-14","309575030767067"
"DOGE","2019-10-15","305248061408702"
"DOGE","2019-10-16","317190469358066"
"DOGE","2019-10-17","3351634092963"
"DOGE","2019-10-18","32925302193778"
"DOGE","2019-10-19","33375270155005"
"DOGE","2019-10-20","33230820479276"
"DOGE","2019-10-21","337678499542684"
"DOGE","2019-10-22","312300057281714"
"DOGE","2019-10-23","303741402455736"
"DOGE","2019-10-24","309068054374129"
"DOGE","2019-10-25","326793803715882"
"DOGE","2019-10-26","319273921860287"
"DOGE","2019-10-27","323238307775632"
"DOGE","2019-10-28","32235288067368"
"DOGE","2019-10-29","323421852221851"
"DOGE","2019-10-30","318792234722316"
"DOGE","2019-10-31","318711696451941"
"DOGE","2019-11-01","32055723577686"
"DOGE","2019-11-02","320192884809535"
"DOGE","2019-11-03","32138494194111"
"DOGE","2019-11-04","318630213427097"
"DOGE","2019-11-05","31989921355598"
"DOGE","2019-11-06","320462936358363"
"DOGE","2019-11-07","332378116853195"
"DOGE","2019-11-08","323568239581311"
"DOGE","2019-11-09","330918440285401"
"DOGE","2019-11-10","338534498370242"
"DOGE","2019-11-11","331233143623261"
"DOGE","2019-11-12","33251314182404"
"DOGE","2019-11-13","329198490502182"
"DOGE","2019-11-14","327123523215582"
"DOGE","2019-11-15","324279636711384"
"DOGE","2019-11-16","325863005982339"
"DOGE","2019-11-17","323291533642262"
"DOGE","2019-11-18","314572758761176"
"DOGE","2019-11-19","311165408825792"
"DOGE","2019-11-20","312212809933611"
"DOGE","2019-11-21","296327208697332"
"DOGE","2019-11-22","288557851564584"
"DOGE","2019-11-23","306003875284027"
"DOGE","2019-11-24","289036445546275"
"DOGE","2019-11-25","279365755275518"
"DOGE","2019-11-26","280017041866504"
"DOGE","2019-11-27","285878920447868"
"DOGE","2019-11-28","282749816475182"
"DOGE","2019-11-29","300286976689369"
"DOGE","2019-11-30","283632277834985"
"DOGE","2019-12-01","280260602432215"
"DOGE","2019-12-02","273321735200433"
"DOGE","2019-12-03","271179198672449"
"DOGE","2019-12-04","270124716069859"
"DOGE","2019-12-05","271958842543012"
"DOGE","2019-12-06","272363964707709"
"DOGE","2019-12-07","272923283787785"
"DOGE","2019-12-08","273855019177549"
"DOGE","2019-12-09","270249023099329"
"DOGE","2019-12-10","26976052129683"
"DOGE","2019-12-11","267452542195208"
"DOGE","2019-12-12","267889467079336"
"DOGE","2019-12-13","266326828808131"
"DOGE","2019-12-14","265712613552855"
"DOGE","2019-12-15","263792776968528"
"DOGE","2019-12-16","259756534817439"
"DOGE","2019-12-17","247187444530538"
"DOGE","2019-12-18","267456561365722"
"DOGE","2019-12-19","260179865529452"
"DOGE","2019-12-20","254253745737655"
"DOGE","2019-12-21","255384097782294"
"DOGE","2019-12-22","259272041121902"
"DOGE","2019-12-23","254110240890954"
"DOGE","2019-12-24","25413132425429"
"DOGE","2019-12-25","256078593465785"
"DOGE","2019-12-26","252331534487034"
"DOGE","2019-12-27","25173759400625"
"DOGE","2019-12-28","253200405502726"
"DOGE","2019-12-29","253718796411184"
"DOGE","2019-12-30","252057915579338"
"DOGE","2019-12-31","248883033586831"
"DOGE","2020-01-01","249432496876089"
"DOGE","2020-01-02","24651847893142"
"DOGE","2020-01-03","263328861908919"
"DOGE","2020-01-04","275114092669902"
"DOGE","2020-01-05","296989929958002"
"DOGE","2020-01-06","302412673447395"
"DOGE","2020-01-07","298738083403373"
"DOGE","2020-01-08","28159419123327"
"DOGE","2020-01-09","277106182671971"
"DOGE","2020-01-10","289375370842334"
"DOGE","2020-01-11","284228140879509"
"DOGE","2020-01-12","292507504015728"
"DOGE","2020-01-13","289722805351358"
"DOGE","2020-01-14","303552342209688"
"DOGE","2020-01-15","291129905063257"
"DOGE","2020-01-16","288233512702912"
"DOGE","2020-01-17","306098384408112"
"DOGE","2020-01-18","308242054726058"
"DOGE","2020-01-19","295732370581367"
"DOGE","2020-01-20","291955767010132"
"DOGE","2020-01-21","292280593381007"
"DOGE","2020-01-22","285795825087593"
"DOGE","2020-01-23","278962447808787"
"DOGE","2020-01-24","280006237420921"
"DOGE","2020-01-25","277757847353706"
"DOGE","2020-01-26","283609272572719"
"DOGE","2020-01-27","291399495398829"
"DOGE","2020-01-28","301513932972359"
"DOGE","2020-01-29","294177531674357"
"DOGE","2020-01-30","300452707253648"
"DOGE","2020-01-31","294719511403612"
"DOGE","2020-02-01","298258838842198"
"DOGE","2020-02-02","30401134702579"
"DOGE","2020-02-03","300519838686688"
"DOGE","2020-02-04","308369226050807"
"DOGE","2020-02-05","318098839653614"
"DOGE","2020-02-06","326893710213855"
"DOGE","2020-02-07","341181360982181"
"DOGE","2020-02-08","389267351012849"
"DOGE","2020-02-09","398390042126141"
"DOGE","2020-02-10","368116092420674"
"DOGE","2020-02-11","374865844517358"
"DOGE","2020-02-12","381325934548073"
"DOGE","2020-02-13","3731218300436"
"DOGE","2020-02-14","38598312591904"
"DOGE","2020-02-15","360091409996616"
"DOGE","2020-02-16","342218086660317"
"DOGE","2020-02-17","334603231030554"
"DOGE","2020-02-18","350309552415687"
"DOGE","2020-02-19","3237908539859"
"DOGE","2020-02-20","328108479139087"
"DOGE","2020-02-21","326850964899452"
"DOGE","2020-02-22","321103019818438"
"DOGE","2020-02-23","330869854506872"
"DOGE","2020-02-24","31971294648606"
"DOGE","2020-02-25","305747426670276"
"DOGE","2020-02-26","288866739024308"
"DOGE","2020-02-27","286998184928365"
"DOGE","2020-02-28","282688554427628"
"DOGE","2020-02-29","276061991843286"
"DOGE","2020-03-01","281031073159536"
"DOGE","2020-03-02","2901892074532"
"DOGE","2020-03-03","308838196564191"
"DOGE","2020-03-04","296360513877235"
"DOGE","2020-03-05","309716478811719"
"DOGE","2020-03-06","308500232532776"
"DOGE","2020-03-07","29726754721324"
"DOGE","2020-03-08","270393757766826"
"DOGE","2020-03-09","27381870627516"
"DOGE","2020-03-10","272882609986803"
"DOGE","2020-03-11","270074772379497"
"DOGE","2020-03-12","190144933816014"
"DOGE","2020-03-13","214986092172923"
"DOGE","2020-03-14","206091389858682"
"DOGE","2020-03-15","208529246530011"
"DOGE","2020-03-16","196417176377177"
"DOGE","2020-03-17","196461667718322"
"DOGE","2020-03-18","193785698407974"
"DOGE","2020-03-19","219514141337855"
"DOGE","2020-03-20","219455535697865"
"DOGE","2020-03-21","220961923934094"
"DOGE","2020-03-22","214343344138332"
"DOGE","2020-03-23","223492493579591"
"DOGE","2020-03-24","229239744696236"
"DOGE","2020-03-25","227179862278478"
"DOGE","2020-03-26","228149691202495"
"DOGE","2020-03-27","223900764270753"
"DOGE","2020-03-28","220300503691932"
"DOGE","2020-03-29","213563007151415"
"DOGE","2020-03-30","226946377389913"
"DOGE","2020-03-31","224479953112359"
"DOGE","2020-04-01","231413176567819"
"DOGE","2020-04-02","233351815056405"
"DOGE","2020-04-03","229778125901206"
"DOGE","2020-04-04","233196515174848"
"DOGE","2020-04-05","231320500222612"
"DOGE","2020-04-06","245612628232734"
"DOGE","2020-04-07","247774783222172"
"DOGE","2020-04-08","249600632678744"
"DOGE","2020-04-09","250828570364084"
"DOGE","2020-04-10","244243873874271"
"DOGE","2020-04-11","246938787076334"
"DOGE","2020-04-12","247017402663509"
"DOGE","2020-04-13","243169532136064"
"DOGE","2020-04-14","243890207335785"
"DOGE","2020-04-15","240940084034266"
"DOGE","2020-04-16","251792237805995"
"DOGE","2020-04-17","250020332926281"
"DOGE","2020-04-18","255975738165998"
"DOGE","2020-04-19","255679213722494"
"DOGE","2020-04-20","246254197398968"
"DOGE","2020-04-21","244952725084459"
"DOGE","2020-04-22","249859465509535"
"DOGE","2020-04-23","25440573244458"
"DOGE","2020-04-24","261348176248226"
"DOGE","2020-04-25","266196402023277"
"DOGE","2020-04-26","299489107988736"
"DOGE","2020-04-27","292782250535125"
"DOGE","2020-04-28","290826200106014"
"DOGE","2020-04-29","313022241209475"
"DOGE","2020-04-30","303821692334527"
"DOGE","2020-05-01","310205840541571"
"DOGE","2020-05-02","317137161584042"
"DOGE","2020-05-03","312317539787165"
"DOGE","2020-05-04","308717731831182"
"DOGE","2020-05-05","309152819380662"
"DOGE","2020-05-06","314770174944714"
"DOGE","2020-05-07","331559200540199"
"DOGE","2020-05-08","326773515204208"
"DOGE","2020-05-09","325340680086276"
"DOGE","2020-05-10","306205310245471"
"DOGE","2020-05-11","300433957548385"
"DOGE","2020-05-12","306709496945218"
"DOGE","2020-05-13","313976983371345"
"DOGE","2020-05-14","320635004390562"
"DOGE","2020-05-15","31215106274629"
"DOGE","2020-05-16","313027822915622"
"DOGE","2020-05-17","316247228561848"
"DOGE","2020-05-18","316941137029014"
"DOGE","2020-05-19","3163398085931"
"DOGE","2020-05-20","312584382314717"
"DOGE","2020-05-21","309787051104984"
"DOGE","2020-05-22","315791490500556"
"DOGE","2020-05-23","317181977101972"
"DOGE","2020-05-24","306481507746418"
"DOGE","2020-05-25","316777418428644"
"DOGE","2020-05-26","310112644084169"
"DOGE","2020-05-27","313107923484408"
"DOGE","2020-05-28","314819322477886"
"DOGE","2020-05-29","315943382824064"
"DOGE","2020-05-30","326318848536682"
"DOGE","2020-05-31","318792346156047"
"DOGE","2020-06-01","330327929242279"
"DOGE","2020-06-02","319695394759952"
"DOGE","2020-06-03","322396401835182"
"DOGE","2020-06-04","328426404250425"
"DOGE","2020-06-05","324106967194747"
"DOGE","2020-06-06","323074952972667"
"DOGE","2020-06-07","325471959424687"
"DOGE","2020-06-08","322775862612561"
"DOGE","2020-06-09","320861092042297"
"DOGE","2020-06-10","322845886634602"
"DOGE","2020-06-11","306396405796058"
"DOGE","2020-06-12","314916066041783"
"DOGE","2020-06-13","316564552381458"
"DOGE","2020-06-14","313784645414373"
"DOGE","2020-06-15","309919897881615"
"DOGE","2020-06-16","310886938751036"
"DOGE","2020-06-17","310685801178482"
"DOGE","2020-06-18","30905665098722"
"DOGE","2020-06-19","304484755957141"
"DOGE","2020-06-20","306010372483079"
"DOGE","2020-06-21","306030111437704"
"DOGE","2020-06-22","309447065013849"
"DOGE","2020-06-23","310804275215969"
"DOGE","2020-06-24","304012446363732"
"DOGE","2020-06-25","302499093425411"
"DOGE","2020-06-26","295206724701614"
"DOGE","2020-06-27","289498985617433"
"DOGE","2020-06-28","291109078249979"
"DOGE","2020-06-29","289555488214735"
"DOGE","2020-06-30","290426013750259"
"DOGE","2020-07-01","29472782941124"
"DOGE","2020-07-02","295744264617049"
"DOGE","2020-07-03","290044511816821"
"DOGE","2020-07-04","289295826764035"
"DOGE","2020-07-05","289277435497808"
"DOGE","2020-07-06","327723522687337"
"DOGE","2020-07-07","387151635327659"
"DOGE","2020-07-08","595274589059399"
"DOGE","2020-07-09","551095461233002"
"DOGE","2020-07-10","440600401413436"
"DOGE","2020-07-11","477768832451344"
"DOGE","2020-07-12","455084341769801"
"DOGE","2020-07-13","398447402154819"
"DOGE","2020-07-14","413143009397039"
"DOGE","2020-07-15","386951870996942"
"DOGE","2020-07-16","37566631748571"
"DOGE","2020-07-17","383967367089897"
"DOGE","2020-07-18","435685575564915"
"DOGE","2020-07-19","424349866940269"
"DOGE","2020-07-20","40650553858203"
"DOGE","2020-07-21","414749065754083"
"DOGE","2020-07-22","412342063833694"
"DOGE","2020-07-23","413578574990681"
"DOGE","2020-07-24","404193463204154"
"DOGE","2020-07-25","406049051726464"
"DOGE","2020-07-26","406166431365826"
"DOGE","2020-07-27","396003960459365"
"DOGE","2020-07-28","401583092158623"
"DOGE","2020-07-29","40099963362624"
"DOGE","2020-07-30","405907619754851"
"DOGE","2020-07-31","405228597920905"
"DOGE","2020-08-01","46348508436845"
"DOGE","2020-08-02","419228838825418"
"DOGE","2020-08-03","425910182264243"
"DOGE","2020-08-04","444285518957184"
"DOGE","2020-08-05","441575952078178"
"DOGE","2020-08-06","447599583126263"
"DOGE","2020-08-07","444227232638681"
"DOGE","2020-08-08","441372650307187"
"DOGE","2020-08-09","435562679541287"
"DOGE","2020-08-10","440184390096215"
"DOGE","2020-08-11","427010939471176"
"DOGE","2020-08-12","438341325955061"
"DOGE","2020-08-13","442425313428478"
"DOGE","2020-08-14","448048011021924"
"DOGE","2020-08-15","445406226471791"
"DOGE","2020-08-16","443458494590913"
"DOGE","2020-08-17","452006666998326"
"DOGE","2020-08-18","442352422956569"
"DOGE","2020-08-19","431060773020062"
"DOGE","2020-08-20","435550927865083"
"DOGE","2020-08-21","427273265847848"
"DOGE","2020-08-22","433479975903163"
"DOGE","2020-08-23","430026193951913"
"DOGE","2020-08-24","430544250892677"
"DOGE","2020-08-25","416312715322817"
"DOGE","2020-08-26","41620066112694"
"DOGE","2020-08-27","403564900397309"
"DOGE","2020-08-28","411895611107467"
"DOGE","2020-08-29","413659277462124"
"DOGE","2020-08-30","415967943031652"
"DOGE","2020-08-31","405995488780816"
"DOGE","2020-09-01","410502858905674"
"DOGE","2020-09-02","393723629528822"
"DOGE","2020-09-03","353407911686784"
"DOGE","2020-09-04","365578053205988"
"DOGE","2020-09-05","347914351368353"
"DOGE","2020-09-06","351568868167265"
"DOGE","2020-09-07","354702877014839"
"DOGE","2020-09-08","34769294997545"
"DOGE","2020-09-09","350691173953314"
"DOGE","2020-09-10","354031943402211"
"DOGE","2020-09-11","354191865882438"
"DOGE","2020-09-12","355828180109679"
"DOGE","2020-09-13","350476175953957"
"DOGE","2020-09-14","353858513198275"
"DOGE","2020-09-15","35757591644994"
"DOGE","2020-09-16","356864047542933"
"DOGE","2020-09-17","355350720155226"
"DOGE","2020-09-18","354211095995222"
"DOGE","2020-09-19","352928506899833"
"DOGE","2020-09-20","350976930950444"
"DOGE","2020-09-21","332359049983079"
"DOGE","2020-09-22","335642709065402"
"DOGE","2020-09-23","32359942843706900"
"DOGE","2020-09-24","33220904475127100"
"DOGE","2020-09-25","34112022796687600"
"DOGE","2020-09-26","3433871293116570"
"DOGE","2020-09-27","34038138302873100"
"DOGE","2020-09-28","33535389354769400"
"DOGE","2020-09-29","3396143788248430"
"DOGE","2020-09-30","3326623636317090"
"DOGE","2020-10-01","33088801426810400"
"DOGE","2020-10-02","32682033846076500"
"DOGE","2020-10-03","32880801322871300"
"DOGE","2020-10-04","33340749642572800"
"DOGE","2020-10-05","3305956488938450"
"DOGE","2020-10-06","3305160774635750"
"DOGE","2020-10-07","32849014643562300"
"DOGE","2020-10-08","32857319486756100"
"DOGE","2020-10-09","33582197974342100"
"DOGE","2020-10-10","3361116899837050"
"DOGE","2020-10-11","3385682409594270"
"DOGE","2020-10-12","33854378692822300"
"DOGE","2020-10-13","333761625132713"
"DOGE","2020-10-14","33405239441114300"
"DOGE","2020-10-15","32845470471453700"
"DOGE","2020-10-16","33095179295281700"
"DOGE","2020-10-17","32706429553014500"
"DOGE","2020-10-18","3277813948659950"
"DOGE","2020-10-19","32823158556338700"
"DOGE","2020-10-20","3296833353029490"
"DOGE","2020-10-21","3334452084591410"
"DOGE","2020-10-22","3365762918191240"
"DOGE","2020-10-23","3356199776497820"
"DOGE","2020-10-24","3354796441070900"
"DOGE","2020-10-25","33648509988876000"
"DOGE","2020-10-26","33974143345312400"
"DOGE","2020-10-27","3395404116086200"
"DOGE","2020-10-28","3292164949220160"
"DOGE","2020-10-29","32743429844765100"
"DOGE","2020-10-30","3297156487878960"
"DOGE","2020-10-31","3269060273406370"
"DOGE","2020-11-01","32767883457824500"
"DOGE","2020-11-02","319510587604291"
"DOGE","2020-11-03","3208784820665720"
"DOGE","2020-11-04","3216322485018240"
"DOGE","2020-11-05","3322782280531640"
"DOGE","2020-11-06","3504790437578310"
"DOGE","2020-11-07","33918703989303500"
"DOGE","2020-11-08","3443000151446860"
"DOGE","2020-11-09","3391146210822620"
"DOGE","2020-11-10","3498084354858230"
"DOGE","2020-11-11","3518219308715630"
"DOGE","2020-11-12","3531349187793090"
"DOGE","2020-11-13","35856747846274400"
"DOGE","2020-11-14","35244734348289000"
"DOGE","2020-11-15","35279228132812700"
"DOGE","2020-11-16","3668631721533010"
"DOGE","2020-11-17","37327224667927700"
"DOGE","2020-11-18","36989728025179700"
"DOGE","2020-11-19","3701933418557570"
"DOGE","2020-11-20","37955653831162000"
"DOGE","2020-11-21","446026142964531"
"DOGE","2020-11-22","423521332182202"
"DOGE","2020-11-23","4641091491346350"
"DOGE","2020-11-24","5348642183075410"
"DOGE","2020-11-25","474231349152897"
"DOGE","2020-11-26","41358943310318200"
"DOGE","2020-11-27","4168658559949500"
"DOGE","2020-11-28","4334168260810320"
"DOGE","2020-11-29","4389248519554450"
"DOGE","2020-11-30","4520999670137510"
"DOGE","2020-12-01","4246208914790260"
"DOGE","2020-12-02","42971748168017800"
"DOGE","2020-12-03","43654428833300100"
"DOGE","2020-12-04","4200982058294760"
"DOGE","2020-12-05","4327230964225320"
"DOGE","2020-12-06","4316917458955500"
"DOGE","2020-12-07","42586846724829900"
"DOGE","2020-12-08","4051437603333900"
"DOGE","2020-12-09","402483349518502"
"DOGE","2020-12-10","3957063478861120"
"DOGE","2020-12-11","3924598361622310"
"DOGE","2020-12-12","4032485669532970"
"DOGE","2020-12-13","4151205097089850"
"DOGE","2020-12-14","4119660977941840"
"DOGE","2020-12-15","4088206677378020"
"DOGE","2020-12-16","4357151850449560"
"DOGE","2020-12-17","47575144893726300"
"DOGE","2020-12-18","4921854891920900"
"DOGE","2020-12-19","50098199318398800"
"DOGE","2020-12-20","5900869891223500"
"DOGE","2020-12-21","6109251969168860"
"DOGE","2020-12-22","5753042246716420"
"DOGE","2020-12-23","48089367803282900"
"DOGE","2020-12-24","5834256902022940"
"DOGE","2020-12-25","5849634638659880"
"DOGE","2020-12-26","5737477383515450"
"DOGE","2020-12-27","5807106993485170"
"DOGE","2020-12-28","5863997672411810"
"DOGE","2020-12-29","5730141743489070"
"DOGE","2020-12-30","5921137745844690"
"DOGE","2020-12-31","5981490013709890"
"DOGE","2021-01-01","7263233106655000"
"DOGE","2021-01-02","13562807399392700"
"DOGE","2021-01-03","12485774591098500"
"DOGE","2021-01-04","12482866723342300"
"DOGE","2021-01-05","12680039639313700"
"DOGE","2021-01-06","13377722404847300"
"DOGE","2021-01-07","12455236302249400"
"DOGE","2021-01-08","1258947803618870"
"DOGE","2021-01-09","13035619848427400"
"DOGE","2021-01-10","12609155139332400"
"DOGE","2021-01-11","11299457216723600"
"DOGE","2021-01-12","10313611304007600"
"DOGE","2021-01-13","11022776444346800"
"DOGE","2021-01-14","12022409797752000"
"DOGE","2021-01-15","1198824804936550"
"DOGE","2021-01-16","1185597169487580"
"DOGE","2021-01-17","116036606601391"
"DOGE","2021-01-18","11738809697794400"
"DOGE","2021-01-19","1164676216010510"
"DOGE","2021-01-20","1159923229479770"
"DOGE","2021-01-21","1045611058019170"
"DOGE","2021-01-22","10914617480120800"
"DOGE","2021-01-23","10987027269931200"
"DOGE","2021-01-24","1117773114715810"
"DOGE","2021-01-25","10738090655606200"
"DOGE","2021-01-26","10574833300995300"
"DOGE","2021-01-27","9585487256258920"
"DOGE","2021-01-28","4367344237"
"DOGE","2021-01-29","6043762706"
"DOGE","2021-01-30","3611147492"
"DOGE","2021-01-31","4767745805"
"DOGE","2021-02-01","4470660189"
"DOGE","2021-02-02","4041088459"
"DOGE","2021-02-03","4759532731"
"DOGE","2021-02-04","6833498776"
"DOGE","2021-02-05","6019284098"
"DOGE","2021-02-06","7387203762"
"DOGE","2021-02-07","10105792829"
"DOGE","2021-02-08","10112456103"
"DOGE","2021-02-09","8990202084"
"DOGE","2021-02-10","9353895799"
"DOGE","2021-02-11","8941609529"
"DOGE","2021-02-12","8992978136"
"DOGE","2021-02-13","8529400211"
"DOGE","2021-02-14","8028048754"
"DOGE","2021-02-15","7265519863"
"DOGE","2021-02-16","6872026263"
"DOGE","2021-02-17","6340534302"
"DOGE","2021-02-18","7646763727"
"DOGE","2021-02-19","7082160843"
"DOGE","2021-02-20","6985943091"
"DOGE","2021-02-21","7191635972"
"DOGE","2021-02-22","6902725620"
"DOGE","2021-02-23","6089686351"
"DOGE","2021-02-24","7267918251"
"DOGE","2021-02-25","6447664671"
"DOGE","2021-02-26","6488523369"
"DOGE","2021-02-27","6438192652"
"DOGE","2021-02-28","6177710994"
"DOGE","2021-03-01","6505875328"
"DOGE","2021-03-02","6463312203"
"DOGE","2021-03-03","6506425615"
"DOGE","2021-03-04","6437196942"
"DOGE","2021-03-05","6381297708"
"DOGE","2021-03-06","6558965902"
"DOGE","2021-03-07","6706005852"
"DOGE","2021-03-08","7971280044"
"DOGE","2021-03-09","7463686738"
"DOGE","2021-03-10","7207816086"
"DOGE","2021-03-11","7197497882"
"DOGE","2021-03-12","7125032152"
"DOGE","2021-03-13","8037692870"
"DOGE","2021-03-14","7544115603"
"DOGE","2021-03-15","7351218571"
"DOGE","2021-03-16","7547720122"
"DOGE","2021-03-17","7425583380"
"DOGE","2021-03-18","7391550949"
"DOGE","2021-03-19","7514154611"
"DOGE","2021-03-20","7596414495"
"DOGE","2021-03-21","7374772308"
"DOGE","2021-03-22","7082689335"
"DOGE","2021-03-23","6902245900"
"DOGE","2021-03-24","6664029763"
"DOGE","2021-03-25","6632093766"
"DOGE","2021-03-26","6955497857"
"DOGE","2021-03-27","7011100665"
"DOGE","2021-03-28","6924335588"
"DOGE","2021-03-29","6970630600"
"DOGE","2021-03-30","6951867440"
"DOGE","2021-03-31","6921249082"
"DOGE","2021-04-01","7996434168"
"DOGE","2021-04-02","7439646120"
"DOGE","2021-04-03","7200412904"
"DOGE","2021-04-04","7407664648"
"DOGE","2021-04-05","7704287493"
"DOGE","2021-04-06","8319797961"
"DOGE","2021-04-07","7619768371"
"DOGE","2021-04-08","7934992305"
"DOGE","2021-04-09","7964226155"
"DOGE","2021-04-10","8244132101"
"DOGE","2021-04-11","9640258366"
"DOGE","2021-04-12","9139899746"
"DOGE","2021-04-13","12070137895"
"DOGE","2021-04-14","15697925271"
"DOGE","2021-04-15","23540494382"
"DOGE","2021-04-16","47274068218"
"DOGE","2021-04-17","36722073277"
"DOGE","2021-04-18","41417581076"
"DOGE","2021-04-19","52646623418"
"DOGE","2021-04-20","41300434109"
"DOGE","2021-04-21","39679105903"
"DOGE","2021-04-22","33741377335"
"DOGE","2021-04-23","32134070797"
"DOGE","2021-04-24","34944176235"
"DOGE","2021-04-25","32477418138"
"DOGE","2021-04-26","35011409694"
"DOGE","2021-04-27","35210893019"
"DOGE","2021-04-28","41876610359"
"DOGE","2021-04-29","39485786704"
"DOGE","2021-04-30","43681559535"
"DOGE","2021-05-01","50860335491"
"DOGE","2021-05-02","48672985630"
"DOGE","2021-05-03","57177802914"
"DOGE","2021-05-04","70081925802"
"DOGE","2021-05-05","85147176077"
"DOGE","2021-05-06","75207782074"
"DOGE","2021-05-07","88680824303"
"DOGE","2021-05-08","82429781487"
"DOGE","2021-05-09","73841942943"
"DOGE","2021-05-10","58290605343"
"DOGE","2021-05-11","64161634641"
"DOGE","2021-05-12","49932901319"
"DOGE","2021-05-13","63544125614"
"DOGE","2021-05-14","72522897885"
"DOGE","2021-05-15","65838461456"
"DOGE","2021-05-16","66742824282"
"DOGE","2021-05-17","63249211418"
"DOGE","2021-05-18","61729644541"
"DOGE","2021-05-19","43194982873"
"DOGE","2021-05-20","51897302336"
"DOGE","2021-05-21","46609753575"
"DOGE","2021-05-22","44408253680"
"DOGE","2021-05-23","39963404929"
"DOGE","2021-05-24","47504120043"
"DOGE","2021-05-25","44932307822"
"DOGE","2021-05-26","45896157271"
"DOGE","2021-05-27","43208473793"
"DOGE","2021-05-28","40391360016"
"DOGE","2021-05-29","39344899569"
"DOGE","2021-05-30","39232589726"
"DOGE","2021-05-31","42298953606"
"DOGE","2021-06-01","48050998401"
"DOGE","2021-06-02","54976914119"
"DOGE","2021-06-03","51942452228"
"DOGE","2021-06-04","48877461705"
"DOGE","2021-06-05","48345164969"
"DOGE","2021-06-06","48302113586"
"DOGE","2021-06-07","43011807788"
"DOGE","2021-06-08","42579375329"
"DOGE","2021-06-09","44616868086"
"DOGE","2021-06-10","42414763171"
"DOGE","2021-06-11","41510465777"
"DOGE","2021-06-12","40569059978"
"DOGE","2021-06-13","42172193662"
"DOGE","2021-06-14","43173647089"
"DOGE","2021-06-15","42701157582"
"DOGE","2021-06-16","40024275630"
"DOGE","2021-06-17","39863941887"
"DOGE","2021-06-18","38174078175"
"DOGE","2021-06-19","37382435534"
"DOGE","2021-06-20","36545750822"
"DOGE","2021-06-21","23250576500"
"DOGE","2021-06-22","24858743142"
"DOGE","2021-06-23","30217348680"
"DOGE","2021-06-24","34205589763"
"DOGE","2021-06-25","31131171916"
"DOGE","2021-06-26","31867533719"
"DOGE","2021-06-27","34431598886"
"DOGE","2021-06-28","33446496885"
"DOGE","2021-06-29","34221491748"
"DOGE","2021-06-30","33111043725"
"DOGE","2021-07-01","31852848923"
"DOGE","2021-07-02","31949253278"
"DOGE","2021-07-03","32104908915"
"DOGE","2021-07-04","32117665811"
"DOGE","2021-07-05","30183443827"
"DOGE","2021-07-06","30552518424"
