"symbol","date","open"
"DOGE","2016-01-01",0.00015003
"DOGE","2016-01-02",0.00015465
"DOGE","2016-01-03",0.00014864
"DOGE","2016-01-04",0.00014568
"DOGE","2016-01-05",0.00014387
"DOGE","2016-01-06",0.00013709
"DOGE","2016-01-07",0.00013442
"DOGE","2016-01-08",0.00013993
"DOGE","2016-01-09",0.00017349
"DOGE","2016-01-10",0.00017989
"DOGE","2016-01-11",0.00016687
"DOGE","2016-01-12",0.00017100
"DOGE","2016-01-13",0.00017906
"DOGE","2016-01-14",0.00017704
"DOGE","2016-01-15",0.00017582
"DOGE","2016-01-16",0.00014937
"DOGE","2016-01-17",0.00015543
"DOGE","2016-01-18",0.00015157
"DOGE","2016-01-19",0.00015122
"DOGE","2016-01-20",0.00014809
"DOGE","2016-01-21",0.00016828
"DOGE","2016-01-22",0.00016268
"DOGE","2016-01-23",0.00017124
"DOGE","2016-01-24",0.00017295
"DOGE","2016-01-25",0.00019361
"DOGE","2016-01-26",0.00021219
"DOGE","2016-01-27",0.00035741
"DOGE","2016-01-28",0.00045454
"DOGE","2016-01-29",0.00034678
"DOGE","2016-01-30",0.00031701
"DOGE","2016-01-31",0.00025879
"DOGE","2016-02-01",0.00027766
"DOGE","2016-02-02",0.00027130
"DOGE","2016-02-03",0.00026202
"DOGE","2016-02-04",0.00026536
"DOGE","2016-02-05",0.00028494
"DOGE","2016-02-06",0.00030796
"DOGE","2016-02-07",0.00030599
"DOGE","2016-02-08",0.00028503
"DOGE","2016-02-09",0.00028681
"DOGE","2016-02-10",0.00029064
"DOGE","2016-02-11",0.00029684
"DOGE","2016-02-12",0.00029252
"DOGE","2016-02-13",0.00029963
"DOGE","2016-02-14",0.00029534
"DOGE","2016-02-15",0.00030132
"DOGE","2016-02-16",0.00029805
"DOGE","2016-02-17",0.00028987
"DOGE","2016-02-18",0.00027827
"DOGE","2016-02-19",0.00027759
"DOGE","2016-02-20",0.00029689
"DOGE","2016-02-21",0.00029156
"DOGE","2016-02-22",0.00028726
"DOGE","2016-02-23",0.00028272
"DOGE","2016-02-24",0.00027941
"DOGE","2016-02-25",0.00027665
"DOGE","2016-02-26",0.00026949
"DOGE","2016-02-27",0.00025937
"DOGE","2016-02-28",0.00025556
"DOGE","2016-02-29",0.00025443
"DOGE","2016-03-01",0.00024996
"DOGE","2016-03-02",0.00024734
"DOGE","2016-03-03",0.00024360
"DOGE","2016-03-04",0.00024567
"DOGE","2016-03-05",0.00023845
"DOGE","2016-03-06",0.00022342
"DOGE","2016-03-07",0.00022199
"DOGE","2016-03-08",0.00023072
"DOGE","2016-03-09",0.00021945
"DOGE","2016-03-10",0.00023001
"DOGE","2016-03-11",0.00024597
"DOGE","2016-03-12",0.00024182
"DOGE","2016-03-13",0.00023665
"DOGE","2016-03-14",0.00024078
"DOGE","2016-03-15",0.00023865
"DOGE","2016-03-16",0.00023312
"DOGE","2016-03-17",0.00023086
"DOGE","2016-03-18",0.00022145
"DOGE","2016-03-19",0.00021107
"DOGE","2016-03-20",0.00022082
"DOGE","2016-03-21",0.00021383
"DOGE","2016-03-22",0.00021201
"DOGE","2016-03-23",0.00021627
"DOGE","2016-03-24",0.00021186
"DOGE","2016-03-25",0.00021491
"DOGE","2016-03-26",0.00021441
"DOGE","2016-03-27",0.00021313
"DOGE","2016-03-28",0.00021461
"DOGE","2016-03-29",0.00021512
"DOGE","2016-03-30",0.00025717
"DOGE","2016-03-31",0.00023224
"DOGE","2016-04-01",0.00023300
"DOGE","2016-04-02",0.00022325
"DOGE","2016-04-03",0.00022409
"DOGE","2016-04-04",0.00022087
"DOGE","2016-04-05",0.00021958
"DOGE","2016-04-06",0.00021593
"DOGE","2016-04-07",0.00021620
"DOGE","2016-04-08",0.00021177
"DOGE","2016-04-09",0.00021146
"DOGE","2016-04-10",0.00020812
"DOGE","2016-04-11",0.00020277
"DOGE","2016-04-12",0.00021428
"DOGE","2016-04-13",0.00023061
"DOGE","2016-04-14",0.00023310
"DOGE","2016-04-15",0.00023148
"DOGE","2016-04-16",0.00023441
"DOGE","2016-04-17",0.00023055
"DOGE","2016-04-18",0.00022606
"DOGE","2016-04-19",0.00022449
"DOGE","2016-04-20",0.00022174
"DOGE","2016-04-21",0.00022477
"DOGE","2016-04-22",0.00022577
"DOGE","2016-04-23",0.00022360
"DOGE","2016-04-24",0.00022360
"DOGE","2016-04-25",0.00022783
"DOGE","2016-04-26",0.00022713
"DOGE","2016-04-27",0.00023147
"DOGE","2016-04-28",0.00022394
"DOGE","2016-04-29",0.00022829
"DOGE","2016-04-30",0.00022621
"DOGE","2016-05-01",0.00022562
"DOGE","2016-05-02",0.00022480
"DOGE","2016-05-03",0.00022745
"DOGE","2016-05-04",0.00022637
"DOGE","2016-05-05",0.00022548
"DOGE","2016-05-06",0.00021988
"DOGE","2016-05-07",0.00022403
"DOGE","2016-05-08",0.00022172
"DOGE","2016-05-09",0.00022234
"DOGE","2016-05-10",0.00022203
"DOGE","2016-05-11",0.00021992
"DOGE","2016-05-12",0.00022336
"DOGE","2016-05-13",0.00023490
"DOGE","2016-05-14",0.00023590
"DOGE","2016-05-15",0.00023141
"DOGE","2016-05-16",0.00023084
"DOGE","2016-05-17",0.00022777
"DOGE","2016-05-18",0.00022607
"DOGE","2016-05-19",0.00022793
"DOGE","2016-05-20",0.00022260
"DOGE","2016-05-21",0.00022795
"DOGE","2016-05-22",0.00022665
"DOGE","2016-05-23",0.00022239
"DOGE","2016-05-24",0.00022576
"DOGE","2016-05-25",0.00022314
"DOGE","2016-05-26",0.00022426
"DOGE","2016-05-27",0.00022808
"DOGE","2016-05-28",0.00022968
"DOGE","2016-05-29",0.00023581
"DOGE","2016-05-30",0.00023794
"DOGE","2016-05-31",0.00023852
"DOGE","2016-06-01",0.00023121
"DOGE","2016-06-02",0.00023424
"DOGE","2016-06-03",0.00023189
"DOGE","2016-06-04",0.00023741
"DOGE","2016-06-05",0.00023721
"DOGE","2016-06-06",0.00023640
"DOGE","2016-06-07",0.00023490
"DOGE","2016-06-08",0.00023917
"DOGE","2016-06-09",0.00024560
"DOGE","2016-06-10",0.00026520
"DOGE","2016-06-11",0.00026135
"DOGE","2016-06-12",0.00025267
"DOGE","2016-06-13",0.00027002
"DOGE","2016-06-14",0.00029469
"DOGE","2016-06-15",0.00031964
"DOGE","2016-06-16",0.00031155
"DOGE","2016-06-17",0.00033220
"DOGE","2016-06-18",0.00031998
"DOGE","2016-06-19",0.00032438
"DOGE","2016-06-20",0.00033728
"DOGE","2016-06-21",0.00032386
"DOGE","2016-06-22",0.00030716
"DOGE","2016-06-23",0.00026518
"DOGE","2016-06-24",0.00028263
"DOGE","2016-06-25",0.00028283
"DOGE","2016-06-26",0.00028670
"DOGE","2016-06-27",0.00028256
"DOGE","2016-06-28",0.00028873
"DOGE","2016-06-29",0.00029755
"DOGE","2016-06-30",0.00029454
"DOGE","2016-07-01",0.00030434
"DOGE","2016-07-02",0.00030211
"DOGE","2016-07-03",0.00030567
"DOGE","2016-07-04",0.00028353
"DOGE","2016-07-05",0.00028942
"DOGE","2016-07-06",0.00028754
"DOGE","2016-07-07",0.00028358
"DOGE","2016-07-08",0.00027474
"DOGE","2016-07-09",0.00027551
"DOGE","2016-07-10",0.00027041
"DOGE","2016-07-11",0.00027207
"DOGE","2016-07-12",0.00026802
"DOGE","2016-07-13",0.00026381
"DOGE","2016-07-14",0.00026315
"DOGE","2016-07-15",0.00026075
"DOGE","2016-07-16",0.00026183
"DOGE","2016-07-17",0.00026186
"DOGE","2016-07-18",0.00026332
"DOGE","2016-07-19",0.00025223
"DOGE","2016-07-20",0.00024528
"DOGE","2016-07-21",0.00024195
"DOGE","2016-07-22",0.00023889
"DOGE","2016-07-23",0.00023734
"DOGE","2016-07-24",0.00025352
"DOGE","2016-07-25",0.00024591
"DOGE","2016-07-26",0.00024560
"DOGE","2016-07-27",0.00024013
"DOGE","2016-07-28",0.00023473
"DOGE","2016-07-29",0.00023682
"DOGE","2016-07-30",0.00023753
"DOGE","2016-07-31",0.00023840
"DOGE","2016-08-01",0.00023032
"DOGE","2016-08-02",0.00022293
"DOGE","2016-08-03",0.00020938
"DOGE","2016-08-04",0.00021282
"DOGE","2016-08-05",0.00021478
"DOGE","2016-08-06",0.00021837
"DOGE","2016-08-07",0.00023127
"DOGE","2016-08-08",0.00025930
"DOGE","2016-08-09",0.00023274
"DOGE","2016-08-10",0.00023956
"DOGE","2016-08-11",0.00024198
"DOGE","2016-08-12",0.00023847
"DOGE","2016-08-13",0.00023956
"DOGE","2016-08-14",0.00023894
"DOGE","2016-08-15",0.00024826
"DOGE","2016-08-16",0.00024228
"DOGE","2016-08-17",0.00026265
"DOGE","2016-08-18",0.00024724
"DOGE","2016-08-19",0.00024722
"DOGE","2016-08-20",0.00023611
"DOGE","2016-08-21",0.00023811
"DOGE","2016-08-22",0.00023450
"DOGE","2016-08-23",0.00022904
"DOGE","2016-08-24",0.00022728
"DOGE","2016-08-25",0.00023104
"DOGE","2016-08-26",0.00022777
"DOGE","2016-08-27",0.00023130
"DOGE","2016-08-28",0.00022608
"DOGE","2016-08-29",0.00022704
"DOGE","2016-08-30",0.00022354
"DOGE","2016-08-31",0.00023329
"DOGE","2016-09-01",0.00023530
"DOGE","2016-09-02",0.00023199
"DOGE","2016-09-03",0.00023368
"DOGE","2016-09-04",0.00023643
"DOGE","2016-09-05",0.00023531
"DOGE","2016-09-06",0.00023821
"DOGE","2016-09-07",0.00024086
"DOGE","2016-09-08",0.00024197
"DOGE","2016-09-09",0.00023145
"DOGE","2016-09-10",0.00023025
"DOGE","2016-09-11",0.00022769
"DOGE","2016-09-12",0.00022629
"DOGE","2016-09-13",0.00022617
"DOGE","2016-09-14",0.00022765
"DOGE","2016-09-15",0.00022780
"DOGE","2016-09-16",0.00023271
"DOGE","2016-09-17",0.00024780
"DOGE","2016-09-18",0.00023646
"DOGE","2016-09-19",0.00023717
"DOGE","2016-09-20",0.00023224
"DOGE","2016-09-21",0.00023444
"DOGE","2016-09-22",0.00023136
"DOGE","2016-09-23",0.00022752
"DOGE","2016-09-24",0.00022834
"DOGE","2016-09-25",0.00022629
"DOGE","2016-09-26",0.00022466
"DOGE","2016-09-27",0.00022820
"DOGE","2016-09-28",0.00022999
"DOGE","2016-09-29",0.00022869
"DOGE","2016-09-30",0.00022943
"DOGE","2016-10-01",0.00023245
"DOGE","2016-10-02",0.00023023
"DOGE","2016-10-03",0.00023045
"DOGE","2016-10-04",0.00023618
"DOGE","2016-10-05",0.00022901
"DOGE","2016-10-06",0.00023036
"DOGE","2016-10-07",0.00022317
"DOGE","2016-10-08",0.00022753
"DOGE","2016-10-09",0.00022784
"DOGE","2016-10-10",0.00022804
"DOGE","2016-10-11",0.00022777
"DOGE","2016-10-12",0.00023018
"DOGE","2016-10-13",0.00022521
"DOGE","2016-10-14",0.00022677
"DOGE","2016-10-15",0.00022497
"DOGE","2016-10-16",0.00022480
"DOGE","2016-10-17",0.00022269
"DOGE","2016-10-18",0.00022261
"DOGE","2016-10-19",0.00022186
"DOGE","2016-10-20",0.00021727
"DOGE","2016-10-21",0.00022107
"DOGE","2016-10-22",0.00021838
"DOGE","2016-10-23",0.00022327
"DOGE","2016-10-24",0.00022061
"DOGE","2016-10-25",0.00021890
"DOGE","2016-10-26",0.00021935
"DOGE","2016-10-27",0.00021607
"DOGE","2016-10-28",0.00021870
"DOGE","2016-10-29",0.00021864
"DOGE","2016-10-30",0.00022284
"DOGE","2016-10-31",0.00022214
"DOGE","2016-11-01",0.00022018
"DOGE","2016-11-02",0.00022094
"DOGE","2016-11-03",0.00022333
"DOGE","2016-11-04",0.00021949
"DOGE","2016-11-05",0.00022066
"DOGE","2016-11-06",0.00022099
"DOGE","2016-11-07",0.00022178
"DOGE","2016-11-08",0.00023918
"DOGE","2016-11-09",0.00022910
"DOGE","2016-11-10",0.00022923
"DOGE","2016-11-11",0.00022810
"DOGE","2016-11-12",0.00022643
"DOGE","2016-11-13",0.00022025
"DOGE","2016-11-14",0.00022546
"DOGE","2016-11-15",0.00022330
"DOGE","2016-11-16",0.00022179
"DOGE","2016-11-17",0.00022233
"DOGE","2016-11-18",0.00022305
"DOGE","2016-11-19",0.00022059
"DOGE","2016-11-20",0.00022018
"DOGE","2016-11-21",0.00021763
"DOGE","2016-11-22",0.00022210
"DOGE","2016-11-23",0.00022302
"DOGE","2016-11-24",0.00021565
"DOGE","2016-11-25",0.00021803
"DOGE","2016-11-26",0.00022100
"DOGE","2016-11-27",0.00021880
"DOGE","2016-11-28",0.00021710
"DOGE","2016-11-29",0.00021856
"DOGE","2016-11-30",0.00021614
"DOGE","2016-12-01",0.00021459
"DOGE","2016-12-02",0.00021436
"DOGE","2016-12-03",0.00021580
"DOGE","2016-12-04",0.00021546
"DOGE","2016-12-05",0.00021649
"DOGE","2016-12-06",0.00021478
"DOGE","2016-12-07",0.00021247
"DOGE","2016-12-08",0.00021188
"DOGE","2016-12-09",0.00021455
"DOGE","2016-12-10",0.00021119
"DOGE","2016-12-11",0.00021444
"DOGE","2016-12-12",0.00022418
"DOGE","2016-12-13",0.00022019
"DOGE","2016-12-14",0.00021538
"DOGE","2016-12-15",0.00021536
"DOGE","2016-12-16",0.00021514
"DOGE","2016-12-17",0.00021690
"DOGE","2016-12-18",0.00021867
"DOGE","2016-12-19",0.00021642
"DOGE","2016-12-20",0.00021870
"DOGE","2016-12-21",0.00021987
"DOGE","2016-12-22",0.00022768
"DOGE","2016-12-23",0.00022503
"DOGE","2016-12-24",0.00023803
"DOGE","2016-12-25",0.00023379
"DOGE","2016-12-26",0.00023149
"DOGE","2016-12-27",0.00023194
"DOGE","2016-12-28",0.00022748
"DOGE","2016-12-29",0.00022320
"DOGE","2016-12-30",0.00023375
"DOGE","2016-12-31",0.00022745
"DOGE","2017-01-01",0.00022344
"DOGE","2017-01-02",0.00022837
"DOGE","2017-01-03",0.00022360
"DOGE","2017-01-04",0.00022699
"DOGE","2017-01-05",0.00023321
"DOGE","2017-01-06",0.00022763
"DOGE","2017-01-07",0.00022158
"DOGE","2017-01-08",0.00022424
"DOGE","2017-01-09",0.00022128
"DOGE","2017-01-10",0.00022894
"DOGE","2017-01-11",0.00022482
"DOGE","2017-01-12",0.00020346
"DOGE","2017-01-13",0.00020794
"DOGE","2017-01-14",0.00020895
"DOGE","2017-01-15",0.00020668
"DOGE","2017-01-16",0.00020612
"DOGE","2017-01-17",0.00020668
"DOGE","2017-01-18",0.00021543
"DOGE","2017-01-19",0.00020563
"DOGE","2017-01-20",0.00020903
"DOGE","2017-01-21",0.00020566
"DOGE","2017-01-22",0.00020833
"DOGE","2017-01-23",0.00020499
"DOGE","2017-01-24",0.00020797
"DOGE","2017-01-25",0.00020280
"DOGE","2017-01-26",0.00020375
"DOGE","2017-01-27",0.00020804
"DOGE","2017-01-28",0.00020902
"DOGE","2017-01-29",0.00020900
"DOGE","2017-01-30",0.00020381
"DOGE","2017-01-31",0.00020841
"DOGE","2017-02-01",0.00021078
"DOGE","2017-02-02",0.00021191
"DOGE","2017-02-03",0.00021106
"DOGE","2017-02-04",0.00021308
"DOGE","2017-02-05",0.00021146
"DOGE","2017-02-06",0.00021040
"DOGE","2017-02-07",0.00021178
"DOGE","2017-02-08",0.00021152
"DOGE","2017-02-09",0.00020761
"DOGE","2017-02-10",0.00020362
"DOGE","2017-02-11",0.00020821
"DOGE","2017-02-12",0.00020987
"DOGE","2017-02-13",0.00021045
"DOGE","2017-02-14",0.00020782
"DOGE","2017-02-15",0.00020820
"DOGE","2017-02-16",0.00020927
"DOGE","2017-02-17",0.00020726
"DOGE","2017-02-18",0.00020858
"DOGE","2017-02-19",0.00019669
"DOGE","2017-02-20",0.00020783
"DOGE","2017-02-21",0.00021012
"DOGE","2017-02-22",0.00020845
"DOGE","2017-02-23",0.00020166
"DOGE","2017-02-24",0.00020766
"DOGE","2017-02-25",0.00020401
"DOGE","2017-02-26",0.00020005
"DOGE","2017-02-27",0.00020627
"DOGE","2017-02-28",0.00020432
"DOGE","2017-03-01",0.00020564
"DOGE","2017-03-02",0.00020524
"DOGE","2017-03-03",0.00020515
"DOGE","2017-03-04",0.00021109
"DOGE","2017-03-05",0.00020445
"DOGE","2017-03-06",0.00020996
"DOGE","2017-03-07",0.00020610
"DOGE","2017-03-08",0.00020881
"DOGE","2017-03-09",0.00020701
"DOGE","2017-03-10",0.00021079
"DOGE","2017-03-11",0.00020473
"DOGE","2017-03-12",0.00021160
"DOGE","2017-03-13",0.00022664
"DOGE","2017-03-14",0.00024126
"DOGE","2017-03-15",0.00023790
"DOGE","2017-03-16",0.00024119
"DOGE","2017-03-17",0.00023494
"DOGE","2017-03-18",0.00022327
"DOGE","2017-03-19",0.00021921
"DOGE","2017-03-20",0.00023547
"DOGE","2017-03-21",0.00022710
"DOGE","2017-03-22",0.00024524
"DOGE","2017-03-23",0.00023914
"DOGE","2017-03-24",0.00024176
"DOGE","2017-03-25",0.00026434
"DOGE","2017-03-26",0.00029768
"DOGE","2017-03-27",0.00027766
"DOGE","2017-03-28",0.00024675
"DOGE","2017-03-29",0.00027908
"DOGE","2017-03-30",0.00027799
"DOGE","2017-03-31",0.00030431
"DOGE","2017-04-01",0.00033289
"DOGE","2017-04-02",0.00033617
"DOGE","2017-04-03",0.00049008
"DOGE","2017-04-04",0.00043195
"DOGE","2017-04-05",0.00043787
"DOGE","2017-04-06",0.00043745
"DOGE","2017-04-07",0.00045597
"DOGE","2017-04-08",0.00039842
"DOGE","2017-04-09",0.00043023
"DOGE","2017-04-10",0.00038055
"DOGE","2017-04-11",0.00039620
"DOGE","2017-04-12",0.00038834
"DOGE","2017-04-13",0.00041502
"DOGE","2017-04-14",0.00043144
"DOGE","2017-04-15",0.00042485
"DOGE","2017-04-16",0.00041735
"DOGE","2017-04-17",0.00045336
"DOGE","2017-04-18",0.00046596
"DOGE","2017-04-19",0.00045553
"DOGE","2017-04-20",0.00044807
"DOGE","2017-04-21",0.00044042
"DOGE","2017-04-22",0.00045640
"DOGE","2017-04-23",0.00046781
"DOGE","2017-04-24",0.00052560
"DOGE","2017-04-25",0.00051108
"DOGE","2017-04-26",0.00053357
"DOGE","2017-04-27",0.00054881
"DOGE","2017-04-28",0.00062477
"DOGE","2017-04-29",0.00067931
"DOGE","2017-04-30",0.00073567
"DOGE","2017-05-01",0.00074621
"DOGE","2017-05-02",0.00068853
"DOGE","2017-05-03",0.00061081
"DOGE","2017-05-04",0.00068601
"DOGE","2017-05-05",0.00073750
"DOGE","2017-05-06",0.00083661
"DOGE","2017-05-07",0.00117556
"DOGE","2017-05-08",0.00133484
"DOGE","2017-05-09",0.00153078
"DOGE","2017-05-10",0.00125308
"DOGE","2017-05-11",0.00123586
"DOGE","2017-05-12",0.00121516
"DOGE","2017-05-13",0.00118798
"DOGE","2017-05-14",0.00119784
"DOGE","2017-05-15",0.00127525
"DOGE","2017-05-16",0.00112252
"DOGE","2017-05-17",0.00106757
"DOGE","2017-05-18",0.00131795
"DOGE","2017-05-19",0.00151188
"DOGE","2017-05-20",0.00151088
"DOGE","2017-05-21",0.00191031
"DOGE","2017-05-22",0.00309540
"DOGE","2017-05-23",0.00336670
"DOGE","2017-05-24",0.00354330
"DOGE","2017-05-25",0.00370188
"DOGE","2017-05-26",0.00295011
"DOGE","2017-05-27",0.00242757
"DOGE","2017-05-28",0.00258298
"DOGE","2017-05-29",0.00253009
"DOGE","2017-05-30",0.00273379
"DOGE","2017-05-31",0.00263925
"DOGE","2017-06-01",0.00266509
"DOGE","2017-06-02",0.00287776
"DOGE","2017-06-03",0.00302197
"DOGE","2017-06-04",0.00327867
"DOGE","2017-06-05",0.00319131
"DOGE","2017-06-06",0.00385869
"DOGE","2017-06-07",0.00376405
"DOGE","2017-06-08",0.00327931
"DOGE","2017-06-09",0.00357604
"DOGE","2017-06-10",0.00342954
"DOGE","2017-06-11",0.00330663
"DOGE","2017-06-12",0.00360336
"DOGE","2017-06-13",0.00324973
"DOGE","2017-06-14",0.00330528
"DOGE","2017-06-15",0.00310021
"DOGE","2017-06-16",0.00304269
"DOGE","2017-06-17",0.00313517
"DOGE","2017-06-18",0.00333469
"DOGE","2017-06-19",0.00321938
"DOGE","2017-06-20",0.00315384
"DOGE","2017-06-21",0.00321854
"DOGE","2017-06-22",0.00312560
"DOGE","2017-06-23",0.00310059
"DOGE","2017-06-24",0.00313905
"DOGE","2017-06-25",0.00312910
"DOGE","2017-06-26",0.00295785
"DOGE","2017-06-27",0.00275014
"DOGE","2017-06-28",0.00263555
"DOGE","2017-06-29",0.00278747
"DOGE","2017-06-30",0.00265409
"DOGE","2017-07-01",0.00260133
"DOGE","2017-07-02",0.00263839
"DOGE","2017-07-03",0.00246710
"DOGE","2017-07-04",0.00252682
"DOGE","2017-07-05",0.00250399
"DOGE","2017-07-06",0.00271105
"DOGE","2017-07-07",0.00262917
"DOGE","2017-07-08",0.00238570
"DOGE","2017-07-09",0.00244206
"DOGE","2017-07-10",0.00233759
"DOGE","2017-07-11",0.00195554
"DOGE","2017-07-12",0.00175864
"DOGE","2017-07-13",0.00195848
"DOGE","2017-07-14",0.00182626
"DOGE","2017-07-15",0.00167514
"DOGE","2017-07-16",0.00148360
"DOGE","2017-07-17",0.00130303
"DOGE","2017-07-18",0.00152281
"DOGE","2017-07-19",0.00186951
"DOGE","2017-07-20",0.00169353
"DOGE","2017-07-21",0.00195448
"DOGE","2017-07-22",0.00193585
"DOGE","2017-07-23",0.00209668
"DOGE","2017-07-24",0.00197315
"DOGE","2017-07-25",0.00199747
"DOGE","2017-07-26",0.00177236
"DOGE","2017-07-27",0.00181030
"DOGE","2017-07-28",0.00185546
"DOGE","2017-07-29",0.00177232
"DOGE","2017-07-30",0.00177090
"DOGE","2017-07-31",0.00171312
"DOGE","2017-08-01",0.00171918
"DOGE","2017-08-02",0.00179042
"DOGE","2017-08-03",0.00178543
"DOGE","2017-08-04",0.00179403
"DOGE","2017-08-05",0.00181683
"DOGE","2017-08-06",0.00208624
"DOGE","2017-08-07",0.00191942
"DOGE","2017-08-08",0.00194958
"DOGE","2017-08-09",0.00196114
"DOGE","2017-08-10",0.00193919
"DOGE","2017-08-11",0.00189653
"DOGE","2017-08-12",0.00187664
"DOGE","2017-08-13",0.00185280
"DOGE","2017-08-14",0.00180733
"DOGE","2017-08-15",0.00175765
"DOGE","2017-08-16",0.00173173
"DOGE","2017-08-17",0.00178059
"DOGE","2017-08-18",0.00171142
"DOGE","2017-08-19",0.00168113
"DOGE","2017-08-20",0.00166982
"DOGE","2017-08-21",0.00169309
"DOGE","2017-08-22",0.00171335
"DOGE","2017-08-23",0.00171514
"DOGE","2017-08-24",0.00173062
"DOGE","2017-08-25",0.00180805
"DOGE","2017-08-26",0.00178701
"DOGE","2017-08-27",0.00177910
"DOGE","2017-08-28",0.00176436
"DOGE","2017-08-29",0.00182187
"DOGE","2017-08-30",0.00186234
"DOGE","2017-08-31",0.00210311
"DOGE","2017-09-01",0.00206374
"DOGE","2017-09-02",0.00255675
"DOGE","2017-09-03",0.00226277
"DOGE","2017-09-04",0.00216926
"DOGE","2017-09-05",0.00180033
"DOGE","2017-09-06",0.00191151
"DOGE","2017-09-07",0.00201581
"DOGE","2017-09-08",0.00193005
"DOGE","2017-09-09",0.00158611
"DOGE","2017-09-10",0.00157318
"DOGE","2017-09-11",0.00139677
"DOGE","2017-09-12",0.00146534
"DOGE","2017-09-13",0.00144162
"DOGE","2017-09-14",0.00138359
"DOGE","2017-09-15",0.00085193
"DOGE","2017-09-16",0.00084758
"DOGE","2017-09-17",0.00086705
"DOGE","2017-09-18",0.00085348
"DOGE","2017-09-19",0.00093953
"DOGE","2017-09-20",0.00088105
"DOGE","2017-09-21",0.00084951
"DOGE","2017-09-22",0.00076233
"DOGE","2017-09-23",0.00077137
"DOGE","2017-09-24",0.00093974
"DOGE","2017-09-25",0.00089026
"DOGE","2017-09-26",0.00114070
"DOGE","2017-09-27",0.00113245
"DOGE","2017-09-28",0.00114221
"DOGE","2017-09-29",0.00110542
"DOGE","2017-09-30",0.00109086
"DOGE","2017-10-01",0.00114158
"DOGE","2017-10-02",0.00107543
"DOGE","2017-10-03",0.00108455
"DOGE","2017-10-04",0.00112092
"DOGE","2017-10-05",0.00101598
"DOGE","2017-10-06",0.00100291
"DOGE","2017-10-07",0.00107899
"DOGE","2017-10-08",0.00107185
"DOGE","2017-10-09",0.00105593
"DOGE","2017-10-10",0.00098042
"DOGE","2017-10-11",0.00103539
"DOGE","2017-10-12",0.00105699
"DOGE","2017-10-13",0.00106436
"DOGE","2017-10-14",0.00104693
"DOGE","2017-10-15",0.00109654
"DOGE","2017-10-16",0.00110677
"DOGE","2017-10-17",0.00116081
"DOGE","2017-10-18",0.00106569
"DOGE","2017-10-19",0.00105625
"DOGE","2017-10-20",0.00107123
"DOGE","2017-10-21",0.00104755
"DOGE","2017-10-22",0.00100824
"DOGE","2017-10-23",0.00102245
"DOGE","2017-10-24",0.00101315
"DOGE","2017-10-25",0.00110000
"DOGE","2017-10-26",0.00105508
"DOGE","2017-10-27",0.00105193
"DOGE","2017-10-28",0.00104043
"DOGE","2017-10-29",0.00103738
"DOGE","2017-10-30",0.00122431
"DOGE","2017-10-31",0.00114329
"DOGE","2017-11-01",0.00114279
"DOGE","2017-11-02",0.00110860
"DOGE","2017-11-03",0.00115693
"DOGE","2017-11-04",0.00114272
"DOGE","2017-11-05",0.00116804
"DOGE","2017-11-06",0.00117136
"DOGE","2017-11-07",0.00115656
"DOGE","2017-11-08",0.00117507
"DOGE","2017-11-09",0.00120654
"DOGE","2017-11-10",0.00142119
"DOGE","2017-11-11",0.00114555
"DOGE","2017-11-12",0.00118856
"DOGE","2017-11-13",0.00104639
"DOGE","2017-11-14",0.00120075
"DOGE","2017-11-15",0.00118914
"DOGE","2017-11-16",0.00134791
"DOGE","2017-11-17",0.00138125
"DOGE","2017-11-18",0.00130802
"DOGE","2017-11-19",0.00135526
"DOGE","2017-11-20",0.00137443
"DOGE","2017-11-21",0.00141042
"DOGE","2017-11-22",0.00140118
"DOGE","2017-11-23",0.00181925
"DOGE","2017-11-24",0.00194046
"DOGE","2017-11-25",0.00192267
"DOGE","2017-11-26",0.00207260
"DOGE","2017-11-27",0.00199950
"DOGE","2017-11-28",0.00199134
"DOGE","2017-11-29",0.00233286
"DOGE","2017-11-30",0.00204781
"DOGE","2017-12-01",0.00205080
"DOGE","2017-12-02",0.00212174
"DOGE","2017-12-03",0.00209211
"DOGE","2017-12-04",0.00220625
"DOGE","2017-12-05",0.00247415
"DOGE","2017-12-06",0.00249457
"DOGE","2017-12-07",0.00258142
"DOGE","2017-12-08",0.00272996
"DOGE","2017-12-09",0.00277152
"DOGE","2017-12-10",0.00260724
"DOGE","2017-12-11",0.00256340
"DOGE","2017-12-12",0.00279430
"DOGE","2017-12-13",0.00330599
"DOGE","2017-12-14",0.00344942
"DOGE","2017-12-15",0.00367045
"DOGE","2017-12-16",0.00376715
"DOGE","2017-12-17",0.00591674
"DOGE","2017-12-18",0.00593836
"DOGE","2017-12-19",0.00640152
"DOGE","2017-12-20",0.00561947
"DOGE","2017-12-21",0.00673318
"DOGE","2017-12-22",0.00738636
"DOGE","2017-12-23",0.00613460
"DOGE","2017-12-24",0.00728194
"DOGE","2017-12-25",0.00864854
"DOGE","2017-12-26",0.00893540
"DOGE","2017-12-27",0.00934224
"DOGE","2017-12-28",0.00885602
"DOGE","2017-12-29",0.00851308
"DOGE","2017-12-30",0.00936470
"DOGE","2017-12-31",0.00780277
"DOGE","2018-01-01",0.00903089
"DOGE","2018-01-02",0.00887265
"DOGE","2018-01-03",0.00908812
"DOGE","2018-01-04",0.00934573
"DOGE","2018-01-05",0.00966016
"DOGE","2018-01-06",0.01222650
"DOGE","2018-01-07",0.01467270
"DOGE","2018-01-08",0.01711460
"DOGE","2018-01-09",0.01507150
"DOGE","2018-01-10",0.01355410
"DOGE","2018-01-11",0.01301970
"DOGE","2018-01-12",0.01147940
"DOGE","2018-01-13",0.01305700
"DOGE","2018-01-14",0.01305740
"DOGE","2018-01-15",0.01163060
"DOGE","2018-01-16",0.00986330
"DOGE","2018-01-17",0.00681158
"DOGE","2018-01-18",0.00764051
"DOGE","2018-01-19",0.00787215
"DOGE","2018-01-20",0.00795719
"DOGE","2018-01-21",0.00843767
"DOGE","2018-01-22",0.00719857
"DOGE","2018-01-23",0.00672295
"DOGE","2018-01-24",0.00664191
"DOGE","2018-01-25",0.00715487
"DOGE","2018-01-26",0.00770242
"DOGE","2018-01-27",0.00723980
"DOGE","2018-01-28",0.00740886
"DOGE","2018-01-29",0.00740147
"DOGE","2018-01-30",0.00696866
"DOGE","2018-01-31",0.00600054
"DOGE","2018-02-01",0.00602144
"DOGE","2018-02-02",0.00502257
"DOGE","2018-02-03",0.00450127
"DOGE","2018-02-04",0.00518211
"DOGE","2018-02-05",0.00439679
"DOGE","2018-02-06",0.00354421
"DOGE","2018-02-07",0.00431411
"DOGE","2018-02-08",0.00426300
"DOGE","2018-02-09",0.00455983
"DOGE","2018-02-10",0.00498172
"DOGE","2018-02-11",0.00496837
"DOGE","2018-02-12",0.00496440
"DOGE","2018-02-13",0.00547465
"DOGE","2018-02-14",0.00563045
"DOGE","2018-02-15",0.00671709
"DOGE","2018-02-16",0.00729546
"DOGE","2018-02-17",0.00706392
"DOGE","2018-02-18",0.00711404
"DOGE","2018-02-19",0.00640986
"DOGE","2018-02-20",0.00667912
"DOGE","2018-02-21",0.00708710
"DOGE","2018-02-22",0.00656767
"DOGE","2018-02-23",0.00625296
"DOGE","2018-02-24",0.00666621
"DOGE","2018-02-25",0.00632137
"DOGE","2018-02-26",0.00616861
"DOGE","2018-02-27",0.00636273
"DOGE","2018-02-28",0.00627002
"DOGE","2018-03-01",0.00604204
"DOGE","2018-03-02",0.00617420
"DOGE","2018-03-03",0.00549364
"DOGE","2018-03-04",0.00523449
"DOGE","2018-03-05",0.00546180
"DOGE","2018-03-06",0.00512225
"DOGE","2018-03-07",0.00461817
"DOGE","2018-03-08",0.00401490
"DOGE","2018-03-09",0.00400625
"DOGE","2018-03-10",0.00413701
"DOGE","2018-03-11",0.00395928
"DOGE","2018-03-12",0.00420666
"DOGE","2018-03-13",0.00401974
"DOGE","2018-03-14",0.00395450
"DOGE","2018-03-15",0.00352110
"DOGE","2018-03-16",0.00354192
"DOGE","2018-03-17",0.00350483
"DOGE","2018-03-18",0.00328034
"DOGE","2018-03-19",0.00319882
"DOGE","2018-03-20",0.00346604
"DOGE","2018-03-21",0.00365150
"DOGE","2018-03-22",0.00366592
"DOGE","2018-03-23",0.00353257
"DOGE","2018-03-24",0.00359719
"DOGE","2018-03-25",0.00354966
"DOGE","2018-03-26",0.00349786
"DOGE","2018-03-27",0.00327551
"DOGE","2018-03-28",0.00313432
"DOGE","2018-03-29",0.00317066
"DOGE","2018-03-30",0.00281148
"DOGE","2018-03-31",0.00275151
"DOGE","2018-04-01",0.00281834
"DOGE","2018-04-02",0.00273111
"DOGE","2018-04-03",0.00279411
"DOGE","2018-04-04",0.00298234
"DOGE","2018-04-05",0.00278489
"DOGE","2018-04-06",0.00271491
"DOGE","2018-04-07",0.00268193
"DOGE","2018-04-08",0.00278633
"DOGE","2018-04-09",0.00285524
"DOGE","2018-04-10",0.00275896
"DOGE","2018-04-11",0.00303869
"DOGE","2018-04-12",0.00337393
"DOGE","2018-04-13",0.00378181
"DOGE","2018-04-14",0.00395775
"DOGE","2018-04-15",0.00413510
"DOGE","2018-04-16",0.00458779
"DOGE","2018-04-17",0.00458791
"DOGE","2018-04-18",0.00471237
"DOGE","2018-04-19",0.00539657
"DOGE","2018-04-20",0.00583441
"DOGE","2018-04-21",0.00587790
"DOGE","2018-04-22",0.00544224
"DOGE","2018-04-23",0.00554545
"DOGE","2018-04-24",0.00548867
"DOGE","2018-04-25",0.00587860
"DOGE","2018-04-26",0.00512833
"DOGE","2018-04-27",0.00558269
"DOGE","2018-04-28",0.00536392
"DOGE","2018-04-29",0.00547006
"DOGE","2018-04-30",0.00540501
"DOGE","2018-05-01",0.00527183
"DOGE","2018-05-02",0.00511438
"DOGE","2018-05-03",0.00533439
"DOGE","2018-05-04",0.00553274
"DOGE","2018-05-05",0.00526677
"DOGE","2018-05-06",0.00520204
"DOGE","2018-05-07",0.00496592
"DOGE","2018-05-08",0.00483317
"DOGE","2018-05-09",0.00527325
"DOGE","2018-05-10",0.00482461
"DOGE","2018-05-11",0.00503599
"DOGE","2018-05-12",0.00444977
"DOGE","2018-05-13",0.00430677
"DOGE","2018-05-14",0.00449933
"DOGE","2018-05-15",0.00444329
"DOGE","2018-05-16",0.00447431
"DOGE","2018-05-17",0.00436846
"DOGE","2018-05-18",0.00399613
"DOGE","2018-05-19",0.00421665
"DOGE","2018-05-20",0.00425025
"DOGE","2018-05-21",0.00439707
"DOGE","2018-05-22",0.00421178
"DOGE","2018-05-23",0.00385806
"DOGE","2018-05-24",0.00359018
"DOGE","2018-05-25",0.00347429
"DOGE","2018-05-26",0.00355046
"DOGE","2018-05-27",0.00346406
"DOGE","2018-05-28",0.00343338
"DOGE","2018-05-29",0.00322600
"DOGE","2018-05-30",0.00344715
"DOGE","2018-05-31",0.00342891
"DOGE","2018-06-01",0.00342735
"DOGE","2018-06-02",0.00341826
"DOGE","2018-06-03",0.00357623
"DOGE","2018-06-04",0.00369103
"DOGE","2018-06-05",0.00353769
"DOGE","2018-06-06",0.00365513
"DOGE","2018-06-07",0.00374808
"DOGE","2018-06-08",0.00374561
"DOGE","2018-06-09",0.00365827
"DOGE","2018-06-10",0.00359503
"DOGE","2018-06-11",0.00318007
"DOGE","2018-06-12",0.00323747
"DOGE","2018-06-13",0.00309158
"DOGE","2018-06-14",0.00281552
"DOGE","2018-06-15",0.00295295
"DOGE","2018-06-16",0.00289170
"DOGE","2018-06-17",0.00290637
"DOGE","2018-06-18",0.00291556
"DOGE","2018-06-19",0.00302718
"DOGE","2018-06-20",0.00303491
"DOGE","2018-06-21",0.00302118
"DOGE","2018-06-22",0.00298283
"DOGE","2018-06-23",0.00267054
"DOGE","2018-06-24",0.00263500
"DOGE","2018-06-25",0.00248995
"DOGE","2018-06-26",0.00250088
"DOGE","2018-06-27",0.00248392
"DOGE","2018-06-28",0.00240554
"DOGE","2018-06-29",0.00240876
"DOGE","2018-06-30",0.00243453
"DOGE","2018-07-01",0.00250824
"DOGE","2018-07-02",0.00248641
"DOGE","2018-07-03",0.00269893
"DOGE","2018-07-04",0.00263701
"DOGE","2018-07-05",0.00267929
"DOGE","2018-07-06",0.00260958
"DOGE","2018-07-07",0.00260086
"DOGE","2018-07-08",0.00264222
"DOGE","2018-07-09",0.00261186
"DOGE","2018-07-10",0.00260630
"DOGE","2018-07-11",0.00240586
"DOGE","2018-07-12",0.00239470
"DOGE","2018-07-13",0.00230714
"DOGE","2018-07-14",0.00230353
"DOGE","2018-07-15",0.00237011
"DOGE","2018-07-16",0.00236634
"DOGE","2018-07-17",0.00281206
"DOGE","2018-07-18",0.00322236
"DOGE","2018-07-19",0.00368285
"DOGE","2018-07-20",0.00382908
"DOGE","2018-07-21",0.00344978
"DOGE","2018-07-22",0.00333937
"DOGE","2018-07-23",0.00346844
"DOGE","2018-07-24",0.00344588
"DOGE","2018-07-25",0.00359244
"DOGE","2018-07-26",0.00353003
"DOGE","2018-07-27",0.00338813
"DOGE","2018-07-28",0.00340840
"DOGE","2018-07-29",0.00341358
"DOGE","2018-07-30",0.00331273
"DOGE","2018-07-31",0.00332482
"DOGE","2018-08-01",0.00301790
"DOGE","2018-08-02",0.00308042
"DOGE","2018-08-03",0.00295943
"DOGE","2018-08-04",0.00289591
"DOGE","2018-08-05",0.00278258
"DOGE","2018-08-06",0.00287216
"DOGE","2018-08-07",0.00277450
"DOGE","2018-08-08",0.00266903
"DOGE","2018-08-09",0.00240824
"DOGE","2018-08-10",0.00255446
"DOGE","2018-08-11",0.00238044
"DOGE","2018-08-12",0.00239555
"DOGE","2018-08-13",0.00240693
"DOGE","2018-08-14",0.00232042
"DOGE","2018-08-15",0.00225579
"DOGE","2018-08-16",0.00229890
"DOGE","2018-08-17",0.00231577
"DOGE","2018-08-18",0.00247708
"DOGE","2018-08-19",0.00241328
"DOGE","2018-08-20",0.00246443
"DOGE","2018-08-21",0.00236449
"DOGE","2018-08-22",0.00242278
"DOGE","2018-08-23",0.00231484
"DOGE","2018-08-24",0.00239055
"DOGE","2018-08-25",0.00242336
"DOGE","2018-08-26",0.00236777
"DOGE","2018-08-27",0.00240384
"DOGE","2018-08-28",0.00247467
"DOGE","2018-08-29",0.00260662
"DOGE","2018-08-30",0.00259765
"DOGE","2018-08-31",0.00321559
"DOGE","2018-09-01",0.00474107
"DOGE","2018-09-02",0.00630987
"DOGE","2018-09-03",0.00502582
"DOGE","2018-09-04",0.00527887
"DOGE","2018-09-05",0.00525912
"DOGE","2018-09-06",0.00492559
"DOGE","2018-09-07",0.00499646
"DOGE","2018-09-08",0.00529772
"DOGE","2018-09-09",0.00571001
"DOGE","2018-09-10",0.00583969
"DOGE","2018-09-11",0.00693134
"DOGE","2018-09-12",0.00632547
"DOGE","2018-09-13",0.00646823
"DOGE","2018-09-14",0.00655846
"DOGE","2018-09-15",0.00618718
"DOGE","2018-09-16",0.00619073
"DOGE","2018-09-17",0.00654002
"DOGE","2018-09-18",0.00623052
"DOGE","2018-09-19",0.00598412
"DOGE","2018-09-20",0.00560547
"DOGE","2018-09-21",0.00569517
"DOGE","2018-09-22",0.00568237
"DOGE","2018-09-23",0.00576498
"DOGE","2018-09-24",0.00590432
"DOGE","2018-09-25",0.00568023
"DOGE","2018-09-26",0.00569217
"DOGE","2018-09-27",0.00570155
"DOGE","2018-09-28",0.00586412
"DOGE","2018-09-29",0.00583202
"DOGE","2018-09-30",0.00586721
"DOGE","2018-10-01",0.00590114
"DOGE","2018-10-02",0.00592732
"DOGE","2018-10-03",0.00581345
"DOGE","2018-10-04",0.00571176
"DOGE","2018-10-05",0.00564690
"DOGE","2018-10-06",0.00568607
"DOGE","2018-10-07",0.00555912
"DOGE","2018-10-08",0.00557321
"DOGE","2018-10-09",0.00559369
"DOGE","2018-10-10",0.00562828
"DOGE","2018-10-11",0.00554734
"DOGE","2018-10-12",0.00498232
"DOGE","2018-10-13",0.00524473
"DOGE","2018-10-14",0.00517407
"DOGE","2018-10-15",0.00515336
"DOGE","2018-10-16",0.00522191
"DOGE","2018-10-17",0.00500971
"DOGE","2018-10-18",0.00460492
"DOGE","2018-10-19",0.00438907
"DOGE","2018-10-20",0.00450079
"DOGE","2018-10-21",0.00455247
"DOGE","2018-10-22",0.00450755
"DOGE","2018-10-23",0.00437306
"DOGE","2018-10-24",0.00416204
"DOGE","2018-10-25",0.00391211
"DOGE","2018-10-26",0.00370307
"DOGE","2018-10-27",0.00401133
"DOGE","2018-10-28",0.00418804
"DOGE","2018-10-29",0.00404778
"DOGE","2018-10-30",0.00385652
"DOGE","2018-10-31",0.00383545
"DOGE","2018-11-01",0.00375945
"DOGE","2018-11-02",0.00377837
"DOGE","2018-11-03",0.00377595
"DOGE","2018-11-04",0.00374866
"DOGE","2018-11-05",0.00366425
"DOGE","2018-11-06",0.00363230
"DOGE","2018-11-07",0.00369839
"DOGE","2018-11-08",0.00363700
"DOGE","2018-11-09",0.00336850
"DOGE","2018-11-10",0.00313517
"DOGE","2018-11-11",0.00327794
"DOGE","2018-11-12",0.00316439
"DOGE","2018-11-13",0.00306598
"DOGE","2018-11-14",0.00294749
"DOGE","2018-11-15",0.00270307
"DOGE","2018-11-16",0.00280320
"DOGE","2018-11-17",0.00274604
"DOGE","2018-11-18",0.00259662
"DOGE","2018-11-19",0.00264136
"DOGE","2018-11-20",0.00241449
"DOGE","2018-11-21",0.00226598
"DOGE","2018-11-22",0.00245402
"DOGE","2018-11-23",0.00240783
"DOGE","2018-11-24",0.00236396
"DOGE","2018-11-25",0.00223039
"DOGE","2018-11-26",0.00221820
"DOGE","2018-11-27",0.00209542
"DOGE","2018-11-28",0.00208866
"DOGE","2018-11-29",0.00225120
"DOGE","2018-11-30",0.00224048
"DOGE","2018-12-01",0.00217541
"DOGE","2018-12-02",0.00225224
"DOGE","2018-12-03",0.00224740
"DOGE","2018-12-04",0.00236996
"DOGE","2018-12-05",0.00219371
"DOGE","2018-12-06",0.00217820
"DOGE","2018-12-07",0.00210374
"DOGE","2018-12-08",0.00209597
"DOGE","2018-12-09",0.00211279
"DOGE","2018-12-10",0.00209800
"DOGE","2018-12-11",0.00209660
"DOGE","2018-12-12",0.00208860
"DOGE","2018-12-13",0.00211820
"DOGE","2018-12-14",0.00206662
"DOGE","2018-12-15",0.00207036
"DOGE","2018-12-16",0.00210585
"DOGE","2018-12-17",0.00212519
"DOGE","2018-12-18",0.00253595
"DOGE","2018-12-19",0.00267438
"DOGE","2018-12-20",0.00270688
"DOGE","2018-12-21",0.00272245
"DOGE","2018-12-22",0.00253896
"DOGE","2018-12-23",0.00250220
"DOGE","2018-12-24",0.00254971
"DOGE","2018-12-25",0.00255452
"DOGE","2018-12-26",0.00240248
"DOGE","2018-12-27",0.00247729
"DOGE","2018-12-28",0.00236190
"DOGE","2018-12-29",0.00243932
"DOGE","2018-12-30",0.00237960
"DOGE","2018-12-31",0.00237038
"DOGE","2019-01-01",0.00234642
"DOGE","2019-01-02",0.00238813
"DOGE","2019-01-03",0.00240380
"DOGE","2019-01-04",0.00236426
"DOGE","2019-01-05",0.00232006
"DOGE","2019-01-06",0.00231310
"DOGE","2019-01-07",0.00232808
"DOGE","2019-01-08",0.00229834
"DOGE","2019-01-09",0.00227769
"DOGE","2019-01-10",0.00226323
"DOGE","2019-01-11",0.00212947
"DOGE","2019-01-12",0.00213040
"DOGE","2019-01-13",0.00213671
"DOGE","2019-01-14",0.00210204
"DOGE","2019-01-15",0.00217783
"DOGE","2019-01-16",0.00210772
"DOGE","2019-01-17",0.00213258
"DOGE","2019-01-18",0.00209287
"DOGE","2019-01-19",0.00210424
"DOGE","2019-01-20",0.00215322
"DOGE","2019-01-21",0.00210570
"DOGE","2019-01-22",0.00209913
"DOGE","2019-01-23",0.00205482
"DOGE","2019-01-24",0.00204513
"DOGE","2019-01-25",0.00205733
"DOGE","2019-01-26",0.00209391
"DOGE","2019-01-27",0.00208162
"DOGE","2019-01-28",0.00202559
"DOGE","2019-01-29",0.00194704
"DOGE","2019-01-30",0.00192504
"DOGE","2019-01-31",0.00196318
"DOGE","2019-02-01",0.00192569
"DOGE","2019-02-02",0.00191429
"DOGE","2019-02-03",0.00193157
"DOGE","2019-02-04",0.00190386
"DOGE","2019-02-05",0.00189906
"DOGE","2019-02-06",0.00188626
"DOGE","2019-02-07",0.00186885
"DOGE","2019-02-08",0.00184735
"DOGE","2019-02-09",0.00195244
"DOGE","2019-02-10",0.00195125
"DOGE","2019-02-11",0.00194620
"DOGE","2019-02-12",0.00190444
"DOGE","2019-02-13",0.00189381
"DOGE","2019-02-14",0.00189111
"DOGE","2019-02-15",0.00189616
"DOGE","2019-02-16",0.00190675
"DOGE","2019-02-17",0.00192337
"DOGE","2019-02-18",0.00199256
"DOGE","2019-02-19",0.00211556
"DOGE","2019-02-20",0.00206524
"DOGE","2019-02-21",0.00206627
"DOGE","2019-02-22",0.00202967
"DOGE","2019-02-23",0.00205541
"DOGE","2019-02-24",0.00208832
"DOGE","2019-02-25",0.00197270
"DOGE","2019-02-26",0.00202903
"DOGE","2019-02-27",0.00202364
"DOGE","2019-02-28",0.00201777
"DOGE","2019-03-01",0.00197647
"DOGE","2019-03-02",0.00199230
"DOGE","2019-03-03",0.00200171
"DOGE","2019-03-04",0.00200353
"DOGE","2019-03-05",0.00198079
"DOGE","2019-03-06",0.00198526
"DOGE","2019-03-07",0.00198167
"DOGE","2019-03-08",0.00199220
"DOGE","2019-03-09",0.00198229
"DOGE","2019-03-10",0.00200042
"DOGE","2019-03-11",0.00200081
"DOGE","2019-03-12",0.00196886
"DOGE","2019-03-13",0.00201460
"DOGE","2019-03-14",0.00202246
"DOGE","2019-03-15",0.00204139
"DOGE","2019-03-16",0.00204698
"DOGE","2019-03-17",0.00208092
"DOGE","2019-03-18",0.00207647
"DOGE","2019-03-19",0.00208290
"DOGE","2019-03-20",0.00208442
"DOGE","2019-03-21",0.00206508
"DOGE","2019-03-22",0.00205100
"DOGE","2019-03-23",0.00205714
"DOGE","2019-03-24",0.00206195
"DOGE","2019-03-25",0.00205764
"DOGE","2019-03-26",0.00204063
"DOGE","2019-03-27",0.00204952
"DOGE","2019-03-28",0.00208750
"DOGE","2019-03-29",0.00207554
"DOGE","2019-03-30",0.00209077
"DOGE","2019-03-31",0.00208062
"DOGE","2019-04-01",0.00208233
"DOGE","2019-04-02",0.00245886
"DOGE","2019-04-03",0.00277668
"DOGE","2019-04-04",0.00315844
"DOGE","2019-04-05",0.00367871
"DOGE","2019-04-06",0.00359410
"DOGE","2019-04-07",0.00343960
"DOGE","2019-04-08",0.00342803
"DOGE","2019-04-09",0.00304414
"DOGE","2019-04-10",0.00288141
"DOGE","2019-04-11",0.00301853
"DOGE","2019-04-12",0.00279115
"DOGE","2019-04-13",0.00285216
"DOGE","2019-04-14",0.00287338
"DOGE","2019-04-15",0.00288429
"DOGE","2019-04-16",0.00278997
"DOGE","2019-04-17",0.00283679
"DOGE","2019-04-18",0.00281554
"DOGE","2019-04-19",0.00294496
"DOGE","2019-04-20",0.00289151
"DOGE","2019-04-21",0.00290034
"DOGE","2019-04-22",0.00275834
"DOGE","2019-04-23",0.00280356
"DOGE","2019-04-24",0.00277497
"DOGE","2019-04-25",0.00259452
"DOGE","2019-04-26",0.00249932
"DOGE","2019-04-27",0.00251538
"DOGE","2019-04-28",0.00251961
"DOGE","2019-04-29",0.00252739
"DOGE","2019-04-30",0.00246919
"DOGE","2019-05-01",0.00251027
"DOGE","2019-05-02",0.00252513
"DOGE","2019-05-03",0.00261036
"DOGE","2019-05-04",0.00269799
"DOGE","2019-05-05",0.00270856
"DOGE","2019-05-06",0.00263302
"DOGE","2019-05-07",0.00254362
"DOGE","2019-05-08",0.00253390
"DOGE","2019-05-09",0.00253647
"DOGE","2019-05-10",0.00250333
"DOGE","2019-05-11",0.00251481
"DOGE","2019-05-12",0.00275707
"DOGE","2019-05-13",0.00266251
"DOGE","2019-05-14",0.00275782
"DOGE","2019-05-15",0.00307307
"DOGE","2019-05-16",0.00330977
"DOGE","2019-05-17",0.00316882
"DOGE","2019-05-18",0.00296573
"DOGE","2019-05-19",0.00301071
"DOGE","2019-05-20",0.00317874
"DOGE","2019-05-21",0.00304179
"DOGE","2019-05-22",0.00308229
"DOGE","2019-05-23",0.00293674
"DOGE","2019-05-24",0.00296000
"DOGE","2019-05-25",0.00299577
"DOGE","2019-05-26",0.00298678
"DOGE","2019-05-27",0.00309873
"DOGE","2019-05-28",0.00314186
"DOGE","2019-05-29",0.00314917
"DOGE","2019-05-30",0.00312459
"DOGE","2019-05-31",0.00325628
"DOGE","2019-06-01",0.00344324
"DOGE","2019-06-02",0.00342572
"DOGE","2019-06-03",0.00339747
"DOGE","2019-06-04",0.00321283
"DOGE","2019-06-05",0.00303865
"DOGE","2019-06-06",0.00307198
"DOGE","2019-06-07",0.00308765
"DOGE","2019-06-08",0.00311534
"DOGE","2019-06-09",0.00307681
"DOGE","2019-06-10",0.00301369
"DOGE","2019-06-11",0.00309034
"DOGE","2019-06-12",0.00306112
"DOGE","2019-06-13",0.00306311
"DOGE","2019-06-14",0.00307502
"DOGE","2019-06-15",0.00313543
"DOGE","2019-06-16",0.00314507
"DOGE","2019-06-17",0.00318759
"DOGE","2019-06-18",0.00319306
"DOGE","2019-06-19",0.00312284
"DOGE","2019-06-20",0.00314287
"DOGE","2019-06-21",0.00316733
"DOGE","2019-06-22",0.00322864
"DOGE","2019-06-23",0.00328469
"DOGE","2019-06-24",0.00331374
"DOGE","2019-06-25",0.00336699
"DOGE","2019-06-26",0.00339072
"DOGE","2019-06-27",0.00339026
"DOGE","2019-06-28",0.00333204
"DOGE","2019-06-29",0.00347895
"DOGE","2019-06-30",0.00341787
"DOGE","2019-07-01",0.00325026
"DOGE","2019-07-02",0.00323683
"DOGE","2019-07-03",0.00320696
"DOGE","2019-07-04",0.00331381
"DOGE","2019-07-05",0.00322629
"DOGE","2019-07-06",0.00387243
"DOGE","2019-07-07",0.00355276
"DOGE","2019-07-08",0.00363525
"DOGE","2019-07-09",0.00355604
"DOGE","2019-07-10",0.00355126
"DOGE","2019-07-11",0.00341678
"DOGE","2019-07-12",0.00324150
"DOGE","2019-07-13",0.00334338
"DOGE","2019-07-14",0.00324958
"DOGE","2019-07-15",0.00301955
"DOGE","2019-07-16",0.00309291
"DOGE","2019-07-17",0.00281904
"DOGE","2019-07-18",0.00303128
"DOGE","2019-07-19",0.00312031
"DOGE","2019-07-20",0.00306379
"DOGE","2019-07-21",0.00311757
"DOGE","2019-07-22",0.00307596
"DOGE","2019-07-23",0.00299975
"DOGE","2019-07-24",0.00287994
"DOGE","2019-07-25",0.00291046
"DOGE","2019-07-26",0.00292081
"DOGE","2019-07-27",0.00292266
"DOGE","2019-07-28",0.00282180
"DOGE","2019-07-29",0.00285911
"DOGE","2019-07-30",0.00283109
"DOGE","2019-07-31",0.00281607
"DOGE","2019-08-01",0.00290046
"DOGE","2019-08-02",0.00295710
"DOGE","2019-08-03",0.00290782
"DOGE","2019-08-04",0.00291279
"DOGE","2019-08-05",0.00293850
"DOGE","2019-08-06",0.00308866
"DOGE","2019-08-07",0.00295087
"DOGE","2019-08-08",0.00300471
"DOGE","2019-08-09",0.00292922
"DOGE","2019-08-10",0.00290476
"DOGE","2019-08-11",0.00284460
"DOGE","2019-08-12",0.00289569
"DOGE","2019-08-13",0.00288256
"DOGE","2019-08-14",0.00282347
"DOGE","2019-08-15",0.00272014
"DOGE","2019-08-16",0.00264076
"DOGE","2019-08-17",0.00268407
"DOGE","2019-08-18",0.00264741
"DOGE","2019-08-19",0.00272258
"DOGE","2019-08-20",0.00279792
"DOGE","2019-08-21",0.00276436
"DOGE","2019-08-22",0.00267596
"DOGE","2019-08-23",0.00270872
"DOGE","2019-08-24",0.00271296
"DOGE","2019-08-25",0.00266280
"DOGE","2019-08-26",0.00265194
"DOGE","2019-08-27",0.00267976
"DOGE","2019-08-28",0.00262194
"DOGE","2019-08-29",0.00252323
"DOGE","2019-08-30",0.00245089
"DOGE","2019-08-31",0.00248194
"DOGE","2019-09-01",0.00251203
"DOGE","2019-09-02",0.00249236
"DOGE","2019-09-03",0.00259835
"DOGE","2019-09-04",0.00259601
"DOGE","2019-09-05",0.00269013
"DOGE","2019-09-06",0.00252927
"DOGE","2019-09-07",0.00251532
"DOGE","2019-09-08",0.00251142
"DOGE","2019-09-09",0.00250883
"DOGE","2019-09-10",0.00246077
"DOGE","2019-09-11",0.00243203
"DOGE","2019-09-12",0.00239841
"DOGE","2019-09-13",0.00242452
"DOGE","2019-09-14",0.00242708
"DOGE","2019-09-15",0.00244272
"DOGE","2019-09-16",0.00246164
"DOGE","2019-09-17",0.00245449
"DOGE","2019-09-18",0.00260710
"DOGE","2019-09-19",0.00271832
"DOGE","2019-09-20",0.00270966
"DOGE","2019-09-21",0.00266733
"DOGE","2019-09-22",0.00259513
"DOGE","2019-09-23",0.00258727
"DOGE","2019-09-24",0.00248946
"DOGE","2019-09-25",0.00222915
"DOGE","2019-09-26",0.00220173
"DOGE","2019-09-27",0.00215518
"DOGE","2019-09-28",0.00222216
"DOGE","2019-09-29",0.00223812
"DOGE","2019-09-30",0.00222662
"DOGE","2019-10-01",0.00239258
"DOGE","2019-10-02",0.00239095
"DOGE","2019-10-03",0.00234868
"DOGE","2019-10-04",0.00232339
"DOGE","2019-10-05",0.00235498
"DOGE","2019-10-06",0.00232277
"DOGE","2019-10-07",0.00234173
"DOGE","2019-10-08",0.00238988
"DOGE","2019-10-09",0.00233953
"DOGE","2019-10-10",0.00239170
"DOGE","2019-10-11",0.00233249
"DOGE","2019-10-12",0.00232826
"DOGE","2019-10-13",0.00233866
"DOGE","2019-10-14",0.00244864
"DOGE","2019-10-15",0.00254559
"DOGE","2019-10-16",0.00250859
"DOGE","2019-10-17",0.00260407
"DOGE","2019-10-18",0.00275672
"DOGE","2019-10-19",0.00270389
"DOGE","2019-10-20",0.00274219
"DOGE","2019-10-21",0.00273193
"DOGE","2019-10-22",0.00277294
"DOGE","2019-10-23",0.00256405
"DOGE","2019-10-24",0.00249131
"DOGE","2019-10-25",0.00253922
"DOGE","2019-10-26",0.00268419
"DOGE","2019-10-27",0.00262077
"DOGE","2019-10-28",0.00265556
"DOGE","2019-10-29",0.00264725
"DOGE","2019-10-30",0.00265568
"DOGE","2019-10-31",0.00261848
"DOGE","2019-11-01",0.00261691
"DOGE","2019-11-02",0.00263135
"DOGE","2019-11-03",0.00262736
"DOGE","2019-11-04",0.00263450
"DOGE","2019-11-05",0.00261324
"DOGE","2019-11-06",0.00262292
"DOGE","2019-11-07",0.00262777
"DOGE","2019-11-08",0.00272336
"DOGE","2019-11-09",0.00265372
"DOGE","2019-11-10",0.00271244
"DOGE","2019-11-11",0.00277521
"DOGE","2019-11-12",0.00271354
"DOGE","2019-11-13",0.00272279
"DOGE","2019-11-14",0.00269410
"DOGE","2019-11-15",0.00268195
"DOGE","2019-11-16",0.00265665
"DOGE","2019-11-17",0.00266923
"DOGE","2019-11-18",0.00264752
"DOGE","2019-11-19",0.00257580
"DOGE","2019-11-20",0.00254823
"DOGE","2019-11-21",0.00255548
"DOGE","2019-11-22",0.00242577
"DOGE","2019-11-23",0.00236389
"DOGE","2019-11-24",0.00250857
"DOGE","2019-11-25",0.00236878
"DOGE","2019-11-26",0.00228666
"DOGE","2019-11-27",0.00229064
"DOGE","2019-11-28",0.00233658
"DOGE","2019-11-29",0.00231468
"DOGE","2019-11-30",0.00245588
"DOGE","2019-12-01",0.00232002
"DOGE","2019-12-02",0.00229277
"DOGE","2019-12-03",0.00223351
"DOGE","2019-12-04",0.00221737
"DOGE","2019-12-05",0.00220858
"DOGE","2019-12-06",0.00222079
"DOGE","2019-12-07",0.00222996
"DOGE","2019-12-08",0.00222989
"DOGE","2019-12-09",0.00223687
"DOGE","2019-12-10",0.00220829
"DOGE","2019-12-11",0.00220167
"DOGE","2019-12-12",0.00218527
"DOGE","2019-12-13",0.00218733
"DOGE","2019-12-14",0.00217468
"DOGE","2019-12-15",0.00217053
"DOGE","2019-12-16",0.00215382
"DOGE","2019-12-17",0.00211974
"DOGE","2019-12-18",0.00202451
"DOGE","2019-12-19",0.00218240
"DOGE","2019-12-20",0.00212706
"DOGE","2019-12-21",0.00207685
"DOGE","2019-12-22",0.00208225
"DOGE","2019-12-23",0.00211293
"DOGE","2019-12-24",0.00207326
"DOGE","2019-12-25",0.00207231
"DOGE","2019-12-26",0.00208575
"DOGE","2019-12-27",0.00205878
"DOGE","2019-12-28",0.00205304
"DOGE","2019-12-29",0.00206306
"DOGE","2019-12-30",0.00206967
"DOGE","2019-12-31",0.00205636
"DOGE","2020-01-01",0.00202804
"DOGE","2020-01-02",0.00203426
"DOGE","2020-01-03",0.00200798
"DOGE","2020-01-04",0.00214423
"DOGE","2020-01-05",0.00224001
"DOGE","2020-01-06",0.00241831
"DOGE","2020-01-07",0.00248482
"DOGE","2020-01-08",0.00243307
"DOGE","2020-01-09",0.00229132
"DOGE","2020-01-10",0.00225453
"DOGE","2020-01-11",0.00235060
"DOGE","2020-01-12",0.00231291
"DOGE","2020-01-13",0.00238106
"DOGE","2020-01-14",0.00235793
"DOGE","2020-01-15",0.00246757
"DOGE","2020-01-16",0.00237211
"DOGE","2020-01-17",0.00234619
"DOGE","2020-01-18",0.00249017
"DOGE","2020-01-19",0.00251421
"DOGE","2020-01-20",0.00240532
"DOGE","2020-01-21",0.00237448
"DOGE","2020-01-22",0.00237605
"DOGE","2020-01-23",0.00232334
"DOGE","2020-01-24",0.00226804
"DOGE","2020-01-25",0.00227608
"DOGE","2020-01-26",0.00225751
"DOGE","2020-01-27",0.00230443
"DOGE","2020-01-28",0.00236529
"DOGE","2020-01-29",0.00245059
"DOGE","2020-01-30",0.00239122
"DOGE","2020-01-31",0.00243988
"DOGE","2020-02-01",0.00239125
"DOGE","2020-02-02",0.00242109
"DOGE","2020-02-03",0.00246553
"DOGE","2020-02-04",0.00243845
"DOGE","2020-02-05",0.00250280
"DOGE","2020-02-06",0.00258295
"DOGE","2020-02-07",0.00265377
"DOGE","2020-02-08",0.00276688
"DOGE","2020-02-09",0.00315573
"DOGE","2020-02-10",0.00323390
"DOGE","2020-02-11",0.00301143
"DOGE","2020-02-12",0.00304067
"DOGE","2020-02-13",0.00306355
"DOGE","2020-02-14",0.00299922
"DOGE","2020-02-15",0.00309815
"DOGE","2020-02-16",0.00291694
"DOGE","2020-02-17",0.00273968
"DOGE","2020-02-18",0.00267745
"DOGE","2020-02-19",0.00283863
"DOGE","2020-02-20",0.00262525
"DOGE","2020-02-21",0.00265614
"DOGE","2020-02-22",0.00265050
"DOGE","2020-02-23",0.00259979
"DOGE","2020-02-24",0.00267934
"DOGE","2020-02-25",0.00259014
"DOGE","2020-02-26",0.00247547
"DOGE","2020-02-27",0.00233714
"DOGE","2020-02-28",0.00232335
"DOGE","2020-02-29",0.00228560
"DOGE","2020-03-01",0.00223325
"DOGE","2020-03-02",0.00227845
"DOGE","2020-03-03",0.00234835
"DOGE","2020-03-04",0.00249975
"DOGE","2020-03-05",0.00239913
"DOGE","2020-03-06",0.00250447
"DOGE","2020-03-07",0.00250066
"DOGE","2020-03-08",0.00240635
"DOGE","2020-03-09",0.00218947
"DOGE","2020-03-10",0.00221685
"DOGE","2020-03-11",0.00220790
"DOGE","2020-03-12",0.00218337
"DOGE","2020-03-13",0.00154012
"DOGE","2020-03-14",0.00173678
"DOGE","2020-03-15",0.00166362
"DOGE","2020-03-16",0.00168383
"DOGE","2020-03-17",0.00159088
"DOGE","2020-03-18",0.00159032
"DOGE","2020-03-19",0.00156632
"DOGE","2020-03-20",0.00177146
"DOGE","2020-03-21",0.00177065
"DOGE","2020-03-22",0.00178459
"DOGE","2020-03-23",0.00172747
"DOGE","2020-03-24",0.00180515
"DOGE","2020-03-25",0.00185200
"DOGE","2020-03-26",0.00183300
"DOGE","2020-03-27",0.00184342
"DOGE","2020-03-28",0.00180510
"DOGE","2020-03-29",0.00177690
"DOGE","2020-03-30",0.00172314
"DOGE","2020-03-31",0.00185068
"DOGE","2020-04-01",0.00181180
"DOGE","2020-04-02",0.00186792
"DOGE","2020-04-03",0.00188317
"DOGE","2020-04-04",0.00185289
"DOGE","2020-04-05",0.00188030
"DOGE","2020-04-06",0.00186589
"DOGE","2020-04-07",0.00197208
"DOGE","2020-04-08",0.00198607
"DOGE","2020-04-09",0.00201291
"DOGE","2020-04-10",0.00202128
"DOGE","2020-04-11",0.00196803
"DOGE","2020-04-12",0.00198948
"DOGE","2020-04-13",0.00198954
"DOGE","2020-04-14",0.00195791
"DOGE","2020-04-15",0.00196347
"DOGE","2020-04-16",0.00194055
"DOGE","2020-04-17",0.00202793
"DOGE","2020-04-18",0.00201280
"DOGE","2020-04-19",0.00205968
"DOGE","2020-04-20",0.00205830
"DOGE","2020-04-21",0.00198227
"DOGE","2020-04-22",0.00197063
"DOGE","2020-04-23",0.00201050
"DOGE","2020-04-24",0.00204713
"DOGE","2020-04-25",0.00210188
"DOGE","2020-04-26",0.00214053
"DOGE","2020-04-27",0.00241047
"DOGE","2020-04-28",0.00235386
"DOGE","2020-04-29",0.00233902
"DOGE","2020-04-30",0.00251671
"DOGE","2020-05-01",0.00244439
"DOGE","2020-05-02",0.00249530
"DOGE","2020-05-03",0.00254775
"DOGE","2020-05-04",0.00251089
"DOGE","2020-05-05",0.00248126
"DOGE","2020-05-06",0.00248298
"DOGE","2020-05-07",0.00251802
"DOGE","2020-05-08",0.00265940
"DOGE","2020-05-09",0.00262186
"DOGE","2020-05-10",0.00261146
"DOGE","2020-05-11",0.00245731
"DOGE","2020-05-12",0.00241329
"DOGE","2020-05-13",0.00246351
"DOGE","2020-05-14",0.00251792
"DOGE","2020-05-15",0.00257352
"DOGE","2020-05-16",0.00250656
"DOGE","2020-05-17",0.00251236
"DOGE","2020-05-18",0.00253654
"DOGE","2020-05-19",0.00254372
"DOGE","2020-05-20",0.00253896
"DOGE","2020-05-21",0.00251013
"DOGE","2020-05-22",0.00248598
"DOGE","2020-05-23",0.00253256
"DOGE","2020-05-24",0.00254425
"DOGE","2020-05-25",0.00245552
"DOGE","2020-05-26",0.00253927
"DOGE","2020-05-27",0.00248556
"DOGE","2020-05-28",0.00251162
"DOGE","2020-05-29",0.00252351
"DOGE","2020-05-30",0.00253137
"DOGE","2020-05-31",0.00261536
"DOGE","2020-06-01",0.00255515
"DOGE","2020-06-02",0.00264741
"DOGE","2020-06-03",0.00256151
"DOGE","2020-06-04",0.00258265
"DOGE","2020-06-05",0.00263160
"DOGE","2020-06-06",0.00259537
"DOGE","2020-06-07",0.00258718
"DOGE","2020-06-08",0.00260557
"DOGE","2020-06-09",0.00258363
"DOGE","2020-06-10",0.00256850
"DOGE","2020-06-11",0.00258423
"DOGE","2020-06-12",0.00245496
"DOGE","2020-06-13",0.00252044
"DOGE","2020-06-14",0.00253263
"DOGE","2020-06-15",0.00250959
"DOGE","2020-06-16",0.00247931
"DOGE","2020-06-17",0.00248995
"DOGE","2020-06-18",0.00248497
"DOGE","2020-06-19",0.00247119
"DOGE","2020-06-20",0.00243480
"DOGE","2020-06-21",0.00244658
"DOGE","2020-06-22",0.00244669
"DOGE","2020-06-23",0.00247365
"DOGE","2020-06-24",0.00248342
"DOGE","2020-06-25",0.00243025
"DOGE","2020-06-26",0.00241661
"DOGE","2020-06-27",0.00235886
"DOGE","2020-06-28",0.00231292
"DOGE","2020-06-29",0.00232575
"DOGE","2020-06-30",0.00231064
"DOGE","2020-07-01",0.00231968
"DOGE","2020-07-02",0.00233005
"DOGE","2020-07-03",0.00236112
"DOGE","2020-07-04",0.00231487
"DOGE","2020-07-05",0.00230685
"DOGE","2020-07-06",0.00230898
"DOGE","2020-07-07",0.00261416
"DOGE","2020-07-08",0.00309710
"DOGE","2020-07-09",0.00473193
"DOGE","2020-07-10",0.00439390
"DOGE","2020-07-11",0.00352839
"DOGE","2020-07-12",0.00381061
"DOGE","2020-07-13",0.00362961
"DOGE","2020-07-14",0.00316931
"DOGE","2020-07-15",0.00328685
"DOGE","2020-07-16",0.00308584
"DOGE","2020-07-17",0.00299147
"DOGE","2020-07-18",0.00306012
"DOGE","2020-07-19",0.00346370
"DOGE","2020-07-20",0.00338255
"DOGE","2020-07-21",0.00323154
"DOGE","2020-07-22",0.00330152
"DOGE","2020-07-23",0.00328308
"DOGE","2020-07-24",0.00329478
"DOGE","2020-07-25",0.00321942
"DOGE","2020-07-26",0.00323823
"DOGE","2020-07-27",0.00323425
"DOGE","2020-07-28",0.00315456
"DOGE","2020-07-29",0.00319794
"DOGE","2020-07-30",0.00319241
"DOGE","2020-07-31",0.00322932
"DOGE","2020-08-01",0.00322536
"DOGE","2020-08-02",0.00369596
"DOGE","2020-08-03",0.00333611
"DOGE","2020-08-04",0.00338851
"DOGE","2020-08-05",0.00354334
"DOGE","2020-08-06",0.00351735
"DOGE","2020-08-07",0.00356331
"DOGE","2020-08-08",0.00353373
"DOGE","2020-08-09",0.00350815
"DOGE","2020-08-10",0.00346826
"DOGE","2020-08-11",0.00349487
"DOGE","2020-08-12",0.00339690
"DOGE","2020-08-13",0.00348333
"DOGE","2020-08-14",0.00351368
"DOGE","2020-08-15",0.00356262
"DOGE","2020-08-16",0.00354044
"DOGE","2020-08-17",0.00352356
"DOGE","2020-08-18",0.00359252
"DOGE","2020-08-19",0.00350815
"DOGE","2020-08-20",0.00342406
"DOGE","2020-08-21",0.00345750
"DOGE","2020-08-22",0.00339241
"DOGE","2020-08-23",0.00343785
"DOGE","2020-08-24",0.00341008
"DOGE","2020-08-25",0.00341754
"DOGE","2020-08-26",0.00330103
"DOGE","2020-08-27",0.00329989
"DOGE","2020-08-28",0.00320276
"DOGE","2020-08-29",0.00326728
"DOGE","2020-08-30",0.00328363
"DOGE","2020-08-31",0.00330144
"DOGE","2020-09-01",0.00321968
"DOGE","2020-09-02",0.00325792
"DOGE","2020-09-03",0.00312246
"DOGE","2020-09-04",0.00279904
"DOGE","2020-09-05",0.00289953
"DOGE","2020-09-06",0.00275826
"DOGE","2020-09-07",0.00278723
"DOGE","2020-09-08",0.00282025
"DOGE","2020-09-09",0.00275827
"DOGE","2020-09-10",0.00279212
"DOGE","2020-09-11",0.00280523
"DOGE","2020-09-12",0.00280233
"DOGE","2020-09-13",0.00281884
"DOGE","2020-09-14",0.00277566
"DOGE","2020-09-15",0.00279901
"DOGE","2020-09-16",0.00283059
"DOGE","2020-09-17",0.00282429
"DOGE","2020-09-18",0.00281351
"DOGE","2020-09-19",0.00279628
"DOGE","2020-09-20",0.00279413
"DOGE","2020-09-21",0.00277766
"DOGE","2020-09-22",0.00262516
"DOGE","2020-09-23",0.00264799
"DOGE","2020-09-24",0.00255728
"DOGE","2020-09-25",0.00262813
"DOGE","2020-09-26",0.00269872
"DOGE","2020-09-27",0.00269684
"DOGE","2020-09-28",0.00270924
"DOGE","2020-09-29",0.00266206
"DOGE","2020-09-30",0.00268287
"DOGE","2020-10-01",0.00263053
"DOGE","2020-10-02",0.00261442
"DOGE","2020-10-03",0.00258305
"DOGE","2020-10-04",0.00260592
"DOGE","2020-10-05",0.00263245
"DOGE","2020-10-06",0.00261242
"DOGE","2020-10-07",0.00259251
"DOGE","2020-10-08",0.00258433
"DOGE","2020-10-09",0.00261625
"DOGE","2020-10-10",0.00265449
"DOGE","2020-10-11",0.00266710
"DOGE","2020-10-12",0.00267412
"DOGE","2020-10-13",0.00266664
"DOGE","2020-10-14",0.00263355
"DOGE","2020-10-15",0.00264995
"DOGE","2020-10-16",0.00259479
"DOGE","2020-10-17",0.00260323
"DOGE","2020-10-18",0.00258097
"DOGE","2020-10-19",0.00259484
"DOGE","2020-10-20",0.00259049
"DOGE","2020-10-21",0.00260031
"DOGE","2020-10-22",0.00262654
"DOGE","2020-10-23",0.00264869
"DOGE","2020-10-24",0.00264680
"DOGE","2020-10-25",0.00264547
"DOGE","2020-10-26",0.00265310
"DOGE","2020-10-27",0.00267870
"DOGE","2020-10-28",0.00267660
"DOGE","2020-10-29",0.00259499
"DOGE","2020-10-30",0.00258067
"DOGE","2020-10-31",0.00259836
"DOGE","2020-11-01",0.00257594
"DOGE","2020-11-02",0.00258171
"DOGE","2020-11-03",0.00251712
"DOGE","2020-11-04",0.00252767
"DOGE","2020-11-05",0.00253331
"DOGE","2020-11-06",0.00261651
"DOGE","2020-11-07",0.00275989
"DOGE","2020-11-08",0.00267068
"DOGE","2020-11-09",0.00271063
"DOGE","2020-11-10",0.00266996
"DOGE","2020-11-11",0.00275339
"DOGE","2020-11-12",0.00276886
"DOGE","2020-11-13",0.00277891
"DOGE","2020-11-14",0.00282145
"DOGE","2020-11-15",0.00277300
"DOGE","2020-11-16",0.00277541
"DOGE","2020-11-17",0.00290789
"DOGE","2020-11-18",0.00293565
"DOGE","2020-11-19",0.00290910
"DOGE","2020-11-20",0.00291110
"DOGE","2020-11-21",0.00298434
"DOGE","2020-11-22",0.00350659
"DOGE","2020-11-23",0.00332931
"DOGE","2020-11-24",0.00364463
"DOGE","2020-11-25",0.00419989
"DOGE","2020-11-26",0.00372699
"DOGE","2020-11-27",0.00325027
"DOGE","2020-11-28",0.00327508
"DOGE","2020-11-29",0.00340482
"DOGE","2020-11-30",0.00344751
"DOGE","2020-12-01",0.00355136
"DOGE","2020-12-02",0.00333487
"DOGE","2020-12-03",0.00337518
"DOGE","2020-12-04",0.00342858
"DOGE","2020-12-05",0.00329714
"DOGE","2020-12-06",0.00339677
"DOGE","2020-12-07",0.00338820
"DOGE","2020-12-08",0.00334307
"DOGE","2020-12-09",0.00317889
"DOGE","2020-12-10",0.00315820
"DOGE","2020-12-11",0.00310475
"DOGE","2020-12-12",0.00307902
"DOGE","2020-12-13",0.00316358
"DOGE","2020-12-14",0.00325582
"DOGE","2020-12-15",0.00323041
"DOGE","2020-12-16",0.00320549
"DOGE","2020-12-17",0.00341616
"DOGE","2020-12-18",0.00373033
"DOGE","2020-12-19",0.00385850
"DOGE","2020-12-20",0.00392606
"DOGE","2020-12-21",0.00462681
"DOGE","2020-12-22",0.00478448
"DOGE","2020-12-23",0.00450782
"DOGE","2020-12-24",0.00376782
"DOGE","2020-12-25",0.00456994
"DOGE","2020-12-26",0.00458096
"DOGE","2020-12-27",0.00449345
"DOGE","2020-12-28",0.00454773
"DOGE","2020-12-29",0.00459213
"DOGE","2020-12-30",0.00448661
"DOGE","2020-12-31",0.00463551
"DOGE","2021-01-01",0.00468094
"DOGE","2021-01-02",0.00568641
"DOGE","2021-01-03",0.01060243
"DOGE","2021-01-04",0.00978450
"DOGE","2021-01-05",0.00976688
"DOGE","2021-01-06",0.00992297
"DOGE","2021-01-07",0.01045376
"DOGE","2021-01-08",0.00974340
"DOGE","2021-01-09",0.00983273
"DOGE","2021-01-10",0.01019315
"DOGE","2021-01-11",0.00985798
"DOGE","2021-01-12",0.00883020
"DOGE","2021-01-13",0.00806217
"DOGE","2021-01-14",0.00861863
"DOGE","2021-01-15",0.00938877
"DOGE","2021-01-16",0.00936665
"DOGE","2021-01-17",0.00926300
"DOGE","2021-01-18",0.00906962
"DOGE","2021-01-19",0.00917244
"DOGE","2021-01-20",0.00909604
"DOGE","2021-01-21",0.00906200
"DOGE","2021-01-22",0.00816462
"DOGE","2021-01-23",0.00851965
"DOGE","2021-01-24",0.00857834
"DOGE","2021-01-25",0.00872686
"DOGE","2021-01-26",0.00838200
"DOGE","2021-01-27",0.00825538
"DOGE","2021-01-28",0.00748061
"DOGE","2021-01-29",0.04373372
"DOGE","2021-01-30",0.04680256
"DOGE","2021-01-31",0.02819051
"DOGE","2021-02-01",0.03705359
"DOGE","2021-02-02",0.03491033
"DOGE","2021-02-03",0.03149316
"DOGE","2021-02-04",0.03722574
"DOGE","2021-02-05",0.05304323
"DOGE","2021-02-06",0.04693104
"DOGE","2021-02-07",0.05750161
"DOGE","2021-02-08",0.07835245
"DOGE","2021-02-09",0.07877260
"DOGE","2021-02-10",0.07011055
"DOGE","2021-02-11",0.07284431
"DOGE","2021-02-12",0.06965016
"DOGE","2021-02-13",0.07002460
"DOGE","2021-02-14",0.06644842
"DOGE","2021-02-15",0.06256832
"DOGE","2021-02-16",0.05648750
"DOGE","2021-02-17",0.05352225
"DOGE","2021-02-18",0.04936332
"DOGE","2021-02-19",0.05943402
"DOGE","2021-02-20",0.05513205
"DOGE","2021-02-21",0.05436871
"DOGE","2021-02-22",0.05604415
"DOGE","2021-02-23",0.05369844
"DOGE","2021-02-24",0.04741442
"DOGE","2021-02-25",0.05661460
"DOGE","2021-02-26",0.05013810
"DOGE","2021-02-27",0.05049989
"DOGE","2021-02-28",0.05009723
"DOGE","2021-03-01",0.04807008
"DOGE","2021-03-02",0.05059612
"DOGE","2021-03-03",0.05027800
"DOGE","2021-03-04",0.05058718
"DOGE","2021-03-05",0.05002789
"DOGE","2021-03-06",0.04960074
"DOGE","2021-03-07",0.05098004
"DOGE","2021-03-08",0.05212252
"DOGE","2021-03-09",0.06210413
"DOGE","2021-03-10",0.05796433
"DOGE","2021-03-11",0.05597715
"DOGE","2021-03-12",0.05592092
"DOGE","2021-03-13",0.05535252
"DOGE","2021-03-14",0.06238358
"DOGE","2021-03-15",0.05853079
"DOGE","2021-03-16",0.05708577
"DOGE","2021-03-17",0.05860954
"DOGE","2021-03-18",0.05763990
"DOGE","2021-03-19",0.05737717
"DOGE","2021-03-20",0.05831470
"DOGE","2021-03-21",0.05897036
"DOGE","2021-03-22",0.05725868
"DOGE","2021-03-23",0.05494137
"DOGE","2021-03-24",0.05352781
"DOGE","2021-03-25",0.05169855
"DOGE","2021-03-26",0.05143346
"DOGE","2021-03-27",0.05394031
"DOGE","2021-03-28",0.05438084
"DOGE","2021-03-29",0.05367808
"DOGE","2021-03-30",0.05405172
"DOGE","2021-03-31",0.05390236
"DOGE","2021-04-01",0.05365465
"DOGE","2021-04-02",0.06196777
"DOGE","2021-04-03",0.05765847
"DOGE","2021-04-04",0.05577593
"DOGE","2021-04-05",0.05741092
"DOGE","2021-04-06",0.05968941
"DOGE","2021-04-07",0.06445441
"DOGE","2021-04-08",0.05903561
"DOGE","2021-04-09",0.06146255
"DOGE","2021-04-10",0.06159123
"DOGE","2021-04-11",0.06374934
"DOGE","2021-04-12",0.07454443
"DOGE","2021-04-13",0.07067774
"DOGE","2021-04-14",0.09425563
"DOGE","2021-04-15",0.12116701
"DOGE","2021-04-16",0.18158731
"DOGE","2021-04-17",0.36609822
"DOGE","2021-04-18",0.28510492
"DOGE","2021-04-19",0.32046625
"DOGE","2021-04-20",0.40843477
"DOGE","2021-04-21",0.31695281
"DOGE","2021-04-22",0.30599035
"DOGE","2021-04-23",0.26102259
"DOGE","2021-04-24",0.24954419
"DOGE","2021-04-25",0.26978940
"DOGE","2021-04-26",0.25124009
"DOGE","2021-04-27",0.27142657
"DOGE","2021-04-28",0.27227263
"DOGE","2021-04-29",0.32323237
"DOGE","2021-04-30",0.30470232
"DOGE","2021-05-01",0.33755868
"DOGE","2021-05-02",0.39108719
"DOGE","2021-05-03",0.37363145
"DOGE","2021-05-04",0.44027394
"DOGE","2021-05-05",0.53735514
"DOGE","2021-05-06",0.65284241
"DOGE","2021-05-07",0.58110970
"DOGE","2021-05-08",0.68780147
"DOGE","2021-05-09",0.63582032
"DOGE","2021-05-10",0.56968708
"DOGE","2021-05-11",0.45048767
"DOGE","2021-05-12",0.49374215
"DOGE","2021-05-13",0.39217599
"DOGE","2021-05-14",0.48707005
"DOGE","2021-05-15",0.55966842
"DOGE","2021-05-16",0.50790986
"DOGE","2021-05-17",0.51341305
"DOGE","2021-05-18",0.48695351
"DOGE","2021-05-19",0.47643534
"DOGE","2021-05-20",0.33025220
"DOGE","2021-05-21",0.39812371
"DOGE","2021-05-22",0.35871667
"DOGE","2021-05-23",0.34252179
"DOGE","2021-05-24",0.30671532
"DOGE","2021-05-25",0.36604128
"DOGE","2021-05-26",0.34639616
"DOGE","2021-05-27",0.35346291
"DOGE","2021-05-28",0.33365093
"DOGE","2021-05-29",0.31139811
"DOGE","2021-05-30",0.30296943
"DOGE","2021-05-31",0.30194858
"DOGE","2021-06-01",0.32574441
"DOGE","2021-06-02",0.37030194
"DOGE","2021-06-03",0.42373928
"DOGE","2021-06-04",0.40098194
"DOGE","2021-06-05",0.37675215
"DOGE","2021-06-06",0.37167640
"DOGE","2021-06-07",0.37156634
"DOGE","2021-06-08",0.33182177
"DOGE","2021-06-09",0.32642343
"DOGE","2021-06-10",0.34333929
"DOGE","2021-06-11",0.32636400
"DOGE","2021-06-12",0.31889334
"DOGE","2021-06-13",0.31248462
"DOGE","2021-06-14",0.32390277
"DOGE","2021-06-15",0.32678520
"DOGE","2021-06-16",0.32037776
"DOGE","2021-06-17",0.30774912
"DOGE","2021-06-18",0.30642788
"DOGE","2021-06-19",0.29364877
"DOGE","2021-06-20",0.28639440
"DOGE","2021-06-21",0.28065974
"DOGE","2021-06-22",0.17868229
"DOGE","2021-06-23",0.19067143
"DOGE","2021-06-24",0.23496975
"DOGE","2021-06-25",0.26348025
"DOGE","2021-06-26",0.23767328
"DOGE","2021-06-27",0.24604547
"DOGE","2021-06-28",0.26491829
"DOGE","2021-06-29",0.25706059
"DOGE","2021-06-30",0.26341739
"DOGE","2021-07-01",0.25382802
"DOGE","2021-07-02",0.24398217
"DOGE","2021-07-03",0.24510558
"DOGE","2021-07-04",0.24642478
"DOGE","2021-07-05",0.24641907
"DOGE","2021-07-06",0.23121617
