"symbol","date","high"
"DOGE","2016-01-01",0.00015650
"DOGE","2016-01-02",0.00015577
"DOGE","2016-01-03",0.00015034
"DOGE","2016-01-04",0.00014831
"DOGE","2016-01-05",0.00015387
"DOGE","2016-01-06",0.00013770
"DOGE","2016-01-07",0.00014210
"DOGE","2016-01-08",0.00015829
"DOGE","2016-01-09",0.00020219
"DOGE","2016-01-10",0.00017989
"DOGE","2016-01-11",0.00017718
"DOGE","2016-01-12",0.00019303
"DOGE","2016-01-13",0.00018401
"DOGE","2016-01-14",0.00018090
"DOGE","2016-01-15",0.00017582
"DOGE","2016-01-16",0.00015621
"DOGE","2016-01-17",0.00015640
"DOGE","2016-01-18",0.00015326
"DOGE","2016-01-19",0.00015179
"DOGE","2016-01-20",0.00017116
"DOGE","2016-01-21",0.00016945
"DOGE","2016-01-22",0.00018382
"DOGE","2016-01-23",0.00017675
"DOGE","2016-01-24",0.00019348
"DOGE","2016-01-25",0.00021679
"DOGE","2016-01-26",0.00038299
"DOGE","2016-01-27",0.00049621
"DOGE","2016-01-28",0.00050046
"DOGE","2016-01-29",0.00034678
"DOGE","2016-01-30",0.00032633
"DOGE","2016-01-31",0.00031759
"DOGE","2016-02-01",0.00029389
"DOGE","2016-02-02",0.00027142
"DOGE","2016-02-03",0.00027259
"DOGE","2016-02-04",0.00028986
"DOGE","2016-02-05",0.00030925
"DOGE","2016-02-06",0.00032765
"DOGE","2016-02-07",0.00031191
"DOGE","2016-02-08",0.00029924
"DOGE","2016-02-09",0.00029591
"DOGE","2016-02-10",0.00030420
"DOGE","2016-02-11",0.00030320
"DOGE","2016-02-12",0.00030069
"DOGE","2016-02-13",0.00030146
"DOGE","2016-02-14",0.00030511
"DOGE","2016-02-15",0.00030241
"DOGE","2016-02-16",0.00030006
"DOGE","2016-02-17",0.00029378
"DOGE","2016-02-18",0.00028724
"DOGE","2016-02-19",0.00030173
"DOGE","2016-02-20",0.00030441
"DOGE","2016-02-21",0.00029392
"DOGE","2016-02-22",0.00028782
"DOGE","2016-02-23",0.00028424
"DOGE","2016-02-24",0.00028309
"DOGE","2016-02-25",0.00027801
"DOGE","2016-02-26",0.00027014
"DOGE","2016-02-27",0.00026767
"DOGE","2016-02-28",0.00025756
"DOGE","2016-02-29",0.00025831
"DOGE","2016-03-01",0.00025043
"DOGE","2016-03-02",0.00025117
"DOGE","2016-03-03",0.00024738
"DOGE","2016-03-04",0.00024692
"DOGE","2016-03-05",0.00023904
"DOGE","2016-03-06",0.00022544
"DOGE","2016-03-07",0.00024004
"DOGE","2016-03-08",0.00023392
"DOGE","2016-03-09",0.00023088
"DOGE","2016-03-10",0.00024732
"DOGE","2016-03-11",0.00024718
"DOGE","2016-03-12",0.00024287
"DOGE","2016-03-13",0.00024465
"DOGE","2016-03-14",0.00024575
"DOGE","2016-03-15",0.00023865
"DOGE","2016-03-16",0.00023443
"DOGE","2016-03-17",0.00023292
"DOGE","2016-03-18",0.00022361
"DOGE","2016-03-19",0.00022009
"DOGE","2016-03-20",0.00022105
"DOGE","2016-03-21",0.00021572
"DOGE","2016-03-22",0.00021683
"DOGE","2016-03-23",0.00021679
"DOGE","2016-03-24",0.00021914
"DOGE","2016-03-25",0.00021715
"DOGE","2016-03-26",0.00021552
"DOGE","2016-03-27",0.00021819
"DOGE","2016-03-28",0.00021877
"DOGE","2016-03-29",0.00025902
"DOGE","2016-03-30",0.00025991
"DOGE","2016-03-31",0.00023511
"DOGE","2016-04-01",0.00023300
"DOGE","2016-04-02",0.00022909
"DOGE","2016-04-03",0.00022697
"DOGE","2016-04-04",0.00022347
"DOGE","2016-04-05",0.00022032
"DOGE","2016-04-06",0.00021956
"DOGE","2016-04-07",0.00021821
"DOGE","2016-04-08",0.00021487
"DOGE","2016-04-09",0.00021478
"DOGE","2016-04-10",0.00021043
"DOGE","2016-04-11",0.00021450
"DOGE","2016-04-12",0.00024157
"DOGE","2016-04-13",0.00023922
"DOGE","2016-04-14",0.00023473
"DOGE","2016-04-15",0.00023592
"DOGE","2016-04-16",0.00023681
"DOGE","2016-04-17",0.00023055
"DOGE","2016-04-18",0.00022789
"DOGE","2016-04-19",0.00022646
"DOGE","2016-04-20",0.00022731
"DOGE","2016-04-21",0.00022819
"DOGE","2016-04-22",0.00022674
"DOGE","2016-04-23",0.00022707
"DOGE","2016-04-24",0.00022788
"DOGE","2016-04-25",0.00023126
"DOGE","2016-04-26",0.00023548
"DOGE","2016-04-27",0.00023281
"DOGE","2016-04-28",0.00023067
"DOGE","2016-04-29",0.00022904
"DOGE","2016-04-30",0.00023058
"DOGE","2016-05-01",0.00022808
"DOGE","2016-05-02",0.00023128
"DOGE","2016-05-03",0.00023075
"DOGE","2016-05-04",0.00022806
"DOGE","2016-05-05",0.00022671
"DOGE","2016-05-06",0.00022664
"DOGE","2016-05-07",0.00022530
"DOGE","2016-05-08",0.00022343
"DOGE","2016-05-09",0.00022497
"DOGE","2016-05-10",0.00022425
"DOGE","2016-05-11",0.00022438
"DOGE","2016-05-12",0.00023579
"DOGE","2016-05-13",0.00024462
"DOGE","2016-05-14",0.00023700
"DOGE","2016-05-15",0.00023528
"DOGE","2016-05-16",0.00023188
"DOGE","2016-05-17",0.00022984
"DOGE","2016-05-18",0.00022868
"DOGE","2016-05-19",0.00023370
"DOGE","2016-05-20",0.00022794
"DOGE","2016-05-21",0.00022803
"DOGE","2016-05-22",0.00022740
"DOGE","2016-05-23",0.00022630
"DOGE","2016-05-24",0.00022649
"DOGE","2016-05-25",0.00022552
"DOGE","2016-05-26",0.00022992
"DOGE","2016-05-27",0.00023297
"DOGE","2016-05-28",0.00023820
"DOGE","2016-05-29",0.00024569
"DOGE","2016-05-30",0.00024594
"DOGE","2016-05-31",0.00024041
"DOGE","2016-06-01",0.00023498
"DOGE","2016-06-02",0.00023556
"DOGE","2016-06-03",0.00024021
"DOGE","2016-06-04",0.00024390
"DOGE","2016-06-05",0.00023805
"DOGE","2016-06-06",0.00023774
"DOGE","2016-06-07",0.00024016
"DOGE","2016-06-08",0.00024945
"DOGE","2016-06-09",0.00026888
"DOGE","2016-06-10",0.00027229
"DOGE","2016-06-11",0.00026226
"DOGE","2016-06-12",0.00027529
"DOGE","2016-06-13",0.00030564
"DOGE","2016-06-14",0.00034379
"DOGE","2016-06-15",0.00033033
"DOGE","2016-06-16",0.00033466
"DOGE","2016-06-17",0.00034064
"DOGE","2016-06-18",0.00032866
"DOGE","2016-06-19",0.00033979
"DOGE","2016-06-20",0.00034209
"DOGE","2016-06-21",0.00032685
"DOGE","2016-06-22",0.00031463
"DOGE","2016-06-23",0.00028259
"DOGE","2016-06-24",0.00029239
"DOGE","2016-06-25",0.00029675
"DOGE","2016-06-26",0.00029354
"DOGE","2016-06-27",0.00028807
"DOGE","2016-06-28",0.00030494
"DOGE","2016-06-29",0.00030053
"DOGE","2016-06-30",0.00030597
"DOGE","2016-07-01",0.00030911
"DOGE","2016-07-02",0.00030627
"DOGE","2016-07-03",0.00030695
"DOGE","2016-07-04",0.00029152
"DOGE","2016-07-05",0.00029537
"DOGE","2016-07-06",0.00028987
"DOGE","2016-07-07",0.00028412
"DOGE","2016-07-08",0.00028085
"DOGE","2016-07-09",0.00027871
"DOGE","2016-07-10",0.00027374
"DOGE","2016-07-11",0.00029303
"DOGE","2016-07-12",0.00027086
"DOGE","2016-07-13",0.00026769
"DOGE","2016-07-14",0.00026739
"DOGE","2016-07-15",0.00026588
"DOGE","2016-07-16",0.00026566
"DOGE","2016-07-17",0.00026404
"DOGE","2016-07-18",0.00026346
"DOGE","2016-07-19",0.00025454
"DOGE","2016-07-20",0.00024686
"DOGE","2016-07-21",0.00024298
"DOGE","2016-07-22",0.00024028
"DOGE","2016-07-23",0.00025065
"DOGE","2016-07-24",0.00025381
"DOGE","2016-07-25",0.00024881
"DOGE","2016-07-26",0.00024565
"DOGE","2016-07-27",0.00024074
"DOGE","2016-07-28",0.00023979
"DOGE","2016-07-29",0.00023929
"DOGE","2016-07-30",0.00024008
"DOGE","2016-07-31",0.00023857
"DOGE","2016-08-01",0.00023251
"DOGE","2016-08-02",0.00022754
"DOGE","2016-08-03",0.00021762
"DOGE","2016-08-04",0.00021687
"DOGE","2016-08-05",0.00021940
"DOGE","2016-08-06",0.00023399
"DOGE","2016-08-07",0.00027654
"DOGE","2016-08-08",0.00025930
"DOGE","2016-08-09",0.00024061
"DOGE","2016-08-10",0.00024853
"DOGE","2016-08-11",0.00024336
"DOGE","2016-08-12",0.00023955
"DOGE","2016-08-13",0.00024099
"DOGE","2016-08-14",0.00025184
"DOGE","2016-08-15",0.00024986
"DOGE","2016-08-16",0.00026302
"DOGE","2016-08-17",0.00026343
"DOGE","2016-08-18",0.00025225
"DOGE","2016-08-19",0.00024729
"DOGE","2016-08-20",0.00024125
"DOGE","2016-08-21",0.00023910
"DOGE","2016-08-22",0.00023791
"DOGE","2016-08-23",0.00023386
"DOGE","2016-08-24",0.00023466
"DOGE","2016-08-25",0.00023464
"DOGE","2016-08-26",0.00023311
"DOGE","2016-08-27",0.00023143
"DOGE","2016-08-28",0.00023023
"DOGE","2016-08-29",0.00022985
"DOGE","2016-08-30",0.00023375
"DOGE","2016-08-31",0.00023607
"DOGE","2016-09-01",0.00023604
"DOGE","2016-09-02",0.00023719
"DOGE","2016-09-03",0.00023738
"DOGE","2016-09-04",0.00023899
"DOGE","2016-09-05",0.00023931
"DOGE","2016-09-06",0.00024176
"DOGE","2016-09-07",0.00024633
"DOGE","2016-09-08",0.00024645
"DOGE","2016-09-09",0.00023258
"DOGE","2016-09-10",0.00027134
"DOGE","2016-09-11",0.00025737
"DOGE","2016-09-12",0.00022721
"DOGE","2016-09-13",0.00022879
"DOGE","2016-09-14",0.00022858
"DOGE","2016-09-15",0.00023636
"DOGE","2016-09-16",0.00025587
"DOGE","2016-09-17",0.00025147
"DOGE","2016-09-18",0.00024034
"DOGE","2016-09-19",0.00024048
"DOGE","2016-09-20",0.00023643
"DOGE","2016-09-21",0.00023444
"DOGE","2016-09-22",0.00023318
"DOGE","2016-09-23",0.00025090
"DOGE","2016-09-24",0.00022913
"DOGE","2016-09-25",0.00022830
"DOGE","2016-09-26",0.00022999
"DOGE","2016-09-27",0.00023295
"DOGE","2016-09-28",0.00023293
"DOGE","2016-09-29",0.00023153
"DOGE","2016-09-30",0.00023499
"DOGE","2016-10-01",0.00023666
"DOGE","2016-10-02",0.00023356
"DOGE","2016-10-03",0.00023691
"DOGE","2016-10-04",0.00023673
"DOGE","2016-10-05",0.00023337
"DOGE","2016-10-06",0.00023435
"DOGE","2016-10-07",0.00023147
"DOGE","2016-10-08",0.00022984
"DOGE","2016-10-09",0.00023116
"DOGE","2016-10-10",0.00023131
"DOGE","2016-10-11",0.00023494
"DOGE","2016-10-12",0.00023018
"DOGE","2016-10-13",0.00022853
"DOGE","2016-10-14",0.00022798
"DOGE","2016-10-15",0.00022815
"DOGE","2016-10-16",0.00022808
"DOGE","2016-10-17",0.00022502
"DOGE","2016-10-18",0.00022364
"DOGE","2016-10-19",0.00022321
"DOGE","2016-10-20",0.00022165
"DOGE","2016-10-21",0.00022198
"DOGE","2016-10-22",0.00022591
"DOGE","2016-10-23",0.00022536
"DOGE","2016-10-24",0.00022196
"DOGE","2016-10-25",0.00022329
"DOGE","2016-10-26",0.00022168
"DOGE","2016-10-27",0.00022143
"DOGE","2016-10-28",0.00022023
"DOGE","2016-10-29",0.00023187
"DOGE","2016-10-30",0.00022449
"DOGE","2016-10-31",0.00022851
"DOGE","2016-11-01",0.00022628
"DOGE","2016-11-02",0.00022426
"DOGE","2016-11-03",0.00022384
"DOGE","2016-11-04",0.00022220
"DOGE","2016-11-05",0.00022351
"DOGE","2016-11-06",0.00022346
"DOGE","2016-11-07",0.00025760
"DOGE","2016-11-08",0.00024302
"DOGE","2016-11-09",0.00023365
"DOGE","2016-11-10",0.00023132
"DOGE","2016-11-11",0.00023048
"DOGE","2016-11-12",0.00022879
"DOGE","2016-11-13",0.00022558
"DOGE","2016-11-14",0.00022546
"DOGE","2016-11-15",0.00022437
"DOGE","2016-11-16",0.00022681
"DOGE","2016-11-17",0.00022699
"DOGE","2016-11-18",0.00022409
"DOGE","2016-11-19",0.00022141
"DOGE","2016-11-20",0.00022194
"DOGE","2016-11-21",0.00022399
"DOGE","2016-11-22",0.00022434
"DOGE","2016-11-23",0.00022361
"DOGE","2016-11-24",0.00021945
"DOGE","2016-11-25",0.00022051
"DOGE","2016-11-26",0.00022165
"DOGE","2016-11-27",0.00022183
"DOGE","2016-11-28",0.00022610
"DOGE","2016-11-29",0.00021907
"DOGE","2016-11-30",0.00021750
"DOGE","2016-12-01",0.00021852
"DOGE","2016-12-02",0.00022052
"DOGE","2016-12-03",0.00021810
"DOGE","2016-12-04",0.00021754
"DOGE","2016-12-05",0.00021736
"DOGE","2016-12-06",0.00021497
"DOGE","2016-12-07",0.00021461
"DOGE","2016-12-08",0.00021644
"DOGE","2016-12-09",0.00021518
"DOGE","2016-12-10",0.00021695
"DOGE","2016-12-11",0.00022359
"DOGE","2016-12-12",0.00022569
"DOGE","2016-12-13",0.00022284
"DOGE","2016-12-14",0.00022010
"DOGE","2016-12-15",0.00021970
"DOGE","2016-12-16",0.00021781
"DOGE","2016-12-17",0.00022039
"DOGE","2016-12-18",0.00022034
"DOGE","2016-12-19",0.00022201
"DOGE","2016-12-20",0.00022008
"DOGE","2016-12-21",0.00022763
"DOGE","2016-12-22",0.00022979
"DOGE","2016-12-23",0.00023743
"DOGE","2016-12-24",0.00025195
"DOGE","2016-12-25",0.00023561
"DOGE","2016-12-26",0.00023423
"DOGE","2016-12-27",0.00023492
"DOGE","2016-12-28",0.00023111
"DOGE","2016-12-29",0.00023517
"DOGE","2016-12-30",0.00023442
"DOGE","2016-12-31",0.00022766
"DOGE","2017-01-01",0.00022849
"DOGE","2017-01-02",0.00023041
"DOGE","2017-01-03",0.00022846
"DOGE","2017-01-04",0.00023886
"DOGE","2017-01-05",0.00025710
"DOGE","2017-01-06",0.00023519
"DOGE","2017-01-07",0.00022804
"DOGE","2017-01-08",0.00022951
"DOGE","2017-01-09",0.00022953
"DOGE","2017-01-10",0.00023070
"DOGE","2017-01-11",0.00022623
"DOGE","2017-01-12",0.00021222
"DOGE","2017-01-13",0.00021282
"DOGE","2017-01-14",0.00021190
"DOGE","2017-01-15",0.00020986
"DOGE","2017-01-16",0.00021177
"DOGE","2017-01-17",0.00021881
"DOGE","2017-01-18",0.00021596
"DOGE","2017-01-19",0.00021211
"DOGE","2017-01-20",0.00021237
"DOGE","2017-01-21",0.00021429
"DOGE","2017-01-22",0.00021075
"DOGE","2017-01-23",0.00020900
"DOGE","2017-01-24",0.00020926
"DOGE","2017-01-25",0.00020484
"DOGE","2017-01-26",0.00020988
"DOGE","2017-01-27",0.00021039
"DOGE","2017-01-28",0.00021010
"DOGE","2017-01-29",0.00021061
"DOGE","2017-01-30",0.00020985
"DOGE","2017-01-31",0.00021505
"DOGE","2017-02-01",0.00021352
"DOGE","2017-02-02",0.00021483
"DOGE","2017-02-03",0.00021405
"DOGE","2017-02-04",0.00021357
"DOGE","2017-02-05",0.00021358
"DOGE","2017-02-06",0.00021558
"DOGE","2017-02-07",0.00021435
"DOGE","2017-02-08",0.00021693
"DOGE","2017-02-09",0.00021566
"DOGE","2017-02-10",0.00020940
"DOGE","2017-02-11",0.00021515
"DOGE","2017-02-12",0.00021080
"DOGE","2017-02-13",0.00021146
"DOGE","2017-02-14",0.00021290
"DOGE","2017-02-15",0.00021211
"DOGE","2017-02-16",0.00021244
"DOGE","2017-02-17",0.00021332
"DOGE","2017-02-18",0.00021021
"DOGE","2017-02-19",0.00021048
"DOGE","2017-02-20",0.00020917
"DOGE","2017-02-21",0.00021072
"DOGE","2017-02-22",0.00020988
"DOGE","2017-02-23",0.00020774
"DOGE","2017-02-24",0.00021138
"DOGE","2017-02-25",0.00020902
"DOGE","2017-02-26",0.00020833
"DOGE","2017-02-27",0.00020867
"DOGE","2017-02-28",0.00020984
"DOGE","2017-03-01",0.00020906
"DOGE","2017-03-02",0.00021046
"DOGE","2017-03-03",0.00021276
"DOGE","2017-03-04",0.00021691
"DOGE","2017-03-05",0.00021126
"DOGE","2017-03-06",0.00021265
"DOGE","2017-03-07",0.00021498
"DOGE","2017-03-08",0.00021188
"DOGE","2017-03-09",0.00021215
"DOGE","2017-03-10",0.00021834
"DOGE","2017-03-11",0.00021322
"DOGE","2017-03-12",0.00022937
"DOGE","2017-03-13",0.00026149
"DOGE","2017-03-14",0.00024718
"DOGE","2017-03-15",0.00024507
"DOGE","2017-03-16",0.00024445
"DOGE","2017-03-17",0.00023494
"DOGE","2017-03-18",0.00022777
"DOGE","2017-03-19",0.00024026
"DOGE","2017-03-20",0.00023862
"DOGE","2017-03-21",0.00024809
"DOGE","2017-03-22",0.00024741
"DOGE","2017-03-23",0.00024508
"DOGE","2017-03-24",0.00030511
"DOGE","2017-03-25",0.00029755
"DOGE","2017-03-26",0.00030929
"DOGE","2017-03-27",0.00028284
"DOGE","2017-03-28",0.00028580
"DOGE","2017-03-29",0.00028120
"DOGE","2017-03-30",0.00032875
"DOGE","2017-03-31",0.00035956
"DOGE","2017-04-01",0.00034885
"DOGE","2017-04-02",0.00052664
"DOGE","2017-04-03",0.00063272
"DOGE","2017-04-04",0.00048984
"DOGE","2017-04-05",0.00044486
"DOGE","2017-04-06",0.00048696
"DOGE","2017-04-07",0.00045839
"DOGE","2017-04-08",0.00043275
"DOGE","2017-04-09",0.00043081
"DOGE","2017-04-10",0.00039961
"DOGE","2017-04-11",0.00040026
"DOGE","2017-04-12",0.00041532
"DOGE","2017-04-13",0.00043796
"DOGE","2017-04-14",0.00045542
"DOGE","2017-04-15",0.00043390
"DOGE","2017-04-16",0.00046182
"DOGE","2017-04-17",0.00047987
"DOGE","2017-04-18",0.00046711
"DOGE","2017-04-19",0.00046019
"DOGE","2017-04-20",0.00048303
"DOGE","2017-04-21",0.00045741
"DOGE","2017-04-22",0.00046972
"DOGE","2017-04-23",0.00053990
"DOGE","2017-04-24",0.00053006
"DOGE","2017-04-25",0.00054598
"DOGE","2017-04-26",0.00055242
"DOGE","2017-04-27",0.00067182
"DOGE","2017-04-28",0.00070454
"DOGE","2017-04-29",0.00077096
"DOGE","2017-04-30",0.00077084
"DOGE","2017-05-01",0.00076466
"DOGE","2017-05-02",0.00069629
"DOGE","2017-05-03",0.00069488
"DOGE","2017-05-04",0.00076332
"DOGE","2017-05-05",0.00093175
"DOGE","2017-05-06",0.00116940
"DOGE","2017-05-07",0.00142956
"DOGE","2017-05-08",0.00152329
"DOGE","2017-05-09",0.00153078
"DOGE","2017-05-10",0.00138200
"DOGE","2017-05-11",0.00125050
"DOGE","2017-05-12",0.00126298
"DOGE","2017-05-13",0.00121179
"DOGE","2017-05-14",0.00127381
"DOGE","2017-05-15",0.00127654
"DOGE","2017-05-16",0.00112508
"DOGE","2017-05-17",0.00139593
"DOGE","2017-05-18",0.00164747
"DOGE","2017-05-19",0.00159390
"DOGE","2017-05-20",0.00192102
"DOGE","2017-05-21",0.00306166
"DOGE","2017-05-22",0.00376615
"DOGE","2017-05-23",0.00403053
"DOGE","2017-05-24",0.00404414
"DOGE","2017-05-25",0.00371161
"DOGE","2017-05-26",0.00327720
"DOGE","2017-05-27",0.00257088
"DOGE","2017-05-28",0.00285842
"DOGE","2017-05-29",0.00284251
"DOGE","2017-05-30",0.00299441
"DOGE","2017-05-31",0.00273929
"DOGE","2017-06-01",0.00290326
"DOGE","2017-06-02",0.00310056
"DOGE","2017-06-03",0.00337462
"DOGE","2017-06-04",0.00349593
"DOGE","2017-06-05",0.00390129
"DOGE","2017-06-06",0.00403649
"DOGE","2017-06-07",0.00381495
"DOGE","2017-06-08",0.00359137
"DOGE","2017-06-09",0.00362435
"DOGE","2017-06-10",0.00348337
"DOGE","2017-06-11",0.00379549
"DOGE","2017-06-12",0.00360336
"DOGE","2017-06-13",0.00343187
"DOGE","2017-06-14",0.00337927
"DOGE","2017-06-15",0.00310993
"DOGE","2017-06-16",0.00320669
"DOGE","2017-06-17",0.00338431
"DOGE","2017-06-18",0.00333597
"DOGE","2017-06-19",0.00325323
"DOGE","2017-06-20",0.00328659
"DOGE","2017-06-21",0.00329204
"DOGE","2017-06-22",0.00314130
"DOGE","2017-06-23",0.00318765
"DOGE","2017-06-24",0.00329354
"DOGE","2017-06-25",0.00343607
"DOGE","2017-06-26",0.00304088
"DOGE","2017-06-27",0.00276590
"DOGE","2017-06-28",0.00282186
"DOGE","2017-06-29",0.00278747
"DOGE","2017-06-30",0.00268150
"DOGE","2017-07-01",0.00289282
"DOGE","2017-07-02",0.00264509
"DOGE","2017-07-03",0.00260119
"DOGE","2017-07-04",0.00261217
"DOGE","2017-07-05",0.00282943
"DOGE","2017-07-06",0.00282002
"DOGE","2017-07-07",0.00262917
"DOGE","2017-07-08",0.00246096
"DOGE","2017-07-09",0.00249187
"DOGE","2017-07-10",0.00237305
"DOGE","2017-07-11",0.00203555
"DOGE","2017-07-12",0.00193810
"DOGE","2017-07-13",0.00205606
"DOGE","2017-07-14",0.00185063
"DOGE","2017-07-15",0.00167514
"DOGE","2017-07-16",0.00152427
"DOGE","2017-07-17",0.00155410
"DOGE","2017-07-18",0.00188811
"DOGE","2017-07-19",0.00193468
"DOGE","2017-07-20",0.00200963
"DOGE","2017-07-21",0.00202331
"DOGE","2017-07-22",0.00210202
"DOGE","2017-07-23",0.00219341
"DOGE","2017-07-24",0.00200964
"DOGE","2017-07-25",0.00200177
"DOGE","2017-07-26",0.00181400
"DOGE","2017-07-27",0.00187212
"DOGE","2017-07-28",0.00187105
"DOGE","2017-07-29",0.00177385
"DOGE","2017-07-30",0.00177266
"DOGE","2017-07-31",0.00172788
"DOGE","2017-08-01",0.00180328
"DOGE","2017-08-02",0.00182327
"DOGE","2017-08-03",0.00180727
"DOGE","2017-08-04",0.00184672
"DOGE","2017-08-05",0.00208731
"DOGE","2017-08-06",0.00213984
"DOGE","2017-08-07",0.00197383
"DOGE","2017-08-08",0.00198709
"DOGE","2017-08-09",0.00197353
"DOGE","2017-08-10",0.00194497
"DOGE","2017-08-11",0.00189653
"DOGE","2017-08-12",0.00199239
"DOGE","2017-08-13",0.00187407
"DOGE","2017-08-14",0.00182992
"DOGE","2017-08-15",0.00182658
"DOGE","2017-08-16",0.00179818
"DOGE","2017-08-17",0.00179907
"DOGE","2017-08-18",0.00175934
"DOGE","2017-08-19",0.00170936
"DOGE","2017-08-20",0.00172650
"DOGE","2017-08-21",0.00171183
"DOGE","2017-08-22",0.00173084
"DOGE","2017-08-23",0.00179050
"DOGE","2017-08-24",0.00184541
"DOGE","2017-08-25",0.00182964
"DOGE","2017-08-26",0.00179687
"DOGE","2017-08-27",0.00178439
"DOGE","2017-08-28",0.00182468
"DOGE","2017-08-29",0.00192353
"DOGE","2017-08-30",0.00215140
"DOGE","2017-08-31",0.00215021
"DOGE","2017-09-01",0.00254337
"DOGE","2017-09-02",0.00270123
"DOGE","2017-09-03",0.00232613
"DOGE","2017-09-04",0.00216926
"DOGE","2017-09-05",0.00194290
"DOGE","2017-09-06",0.00204246
"DOGE","2017-09-07",0.00201581
"DOGE","2017-09-08",0.00195639
"DOGE","2017-09-09",0.00164536
"DOGE","2017-09-10",0.00158148
"DOGE","2017-09-11",0.00150487
"DOGE","2017-09-12",0.00157772
"DOGE","2017-09-13",0.00144162
"DOGE","2017-09-14",0.00139733
"DOGE","2017-09-15",0.00094999
"DOGE","2017-09-16",0.00092148
"DOGE","2017-09-17",0.00086776
"DOGE","2017-09-18",0.00095985
"DOGE","2017-09-19",0.00096408
"DOGE","2017-09-20",0.00088820
"DOGE","2017-09-21",0.00086355
"DOGE","2017-09-22",0.00078343
"DOGE","2017-09-23",0.00097413
"DOGE","2017-09-24",0.00098272
"DOGE","2017-09-25",0.00118231
"DOGE","2017-09-26",0.00119361
"DOGE","2017-09-27",0.00118991
"DOGE","2017-09-28",0.00117215
"DOGE","2017-09-29",0.00112857
"DOGE","2017-09-30",0.00116943
"DOGE","2017-10-01",0.00115182
"DOGE","2017-10-02",0.00113265
"DOGE","2017-10-03",0.00111513
"DOGE","2017-10-04",0.00112092
"DOGE","2017-10-05",0.00107522
"DOGE","2017-10-06",0.00108493
"DOGE","2017-10-07",0.00112851
"DOGE","2017-10-08",0.00113581
"DOGE","2017-10-09",0.00106595
"DOGE","2017-10-10",0.00104744
"DOGE","2017-10-11",0.00107999
"DOGE","2017-10-12",0.00109649
"DOGE","2017-10-13",0.00108494
"DOGE","2017-10-14",0.00111503
"DOGE","2017-10-15",0.00116521
"DOGE","2017-10-16",0.00125378
"DOGE","2017-10-17",0.00118998
"DOGE","2017-10-18",0.00107891
"DOGE","2017-10-19",0.00109525
"DOGE","2017-10-20",0.00109756
"DOGE","2017-10-21",0.00106832
"DOGE","2017-10-22",0.00107679
"DOGE","2017-10-23",0.00105334
"DOGE","2017-10-24",0.00113911
"DOGE","2017-10-25",0.00110000
"DOGE","2017-10-26",0.00108979
"DOGE","2017-10-27",0.00108719
"DOGE","2017-10-28",0.00115987
"DOGE","2017-10-29",0.00123691
"DOGE","2017-10-30",0.00122783
"DOGE","2017-10-31",0.00119648
"DOGE","2017-11-01",0.00117483
"DOGE","2017-11-02",0.00118476
"DOGE","2017-11-03",0.00121472
"DOGE","2017-11-04",0.00124247
"DOGE","2017-11-05",0.00123617
"DOGE","2017-11-06",0.00124253
"DOGE","2017-11-07",0.00121438
"DOGE","2017-11-08",0.00125983
"DOGE","2017-11-09",0.00141503
"DOGE","2017-11-10",0.00143052
"DOGE","2017-11-11",0.00125746
"DOGE","2017-11-12",0.00120982
"DOGE","2017-11-13",0.00121161
"DOGE","2017-11-14",0.00123905
"DOGE","2017-11-15",0.00135130
"DOGE","2017-11-16",0.00142353
"DOGE","2017-11-17",0.00139449
"DOGE","2017-11-18",0.00138459
"DOGE","2017-11-19",0.00142143
"DOGE","2017-11-20",0.00142814
"DOGE","2017-11-21",0.00144574
"DOGE","2017-11-22",0.00205270
"DOGE","2017-11-23",0.00224633
"DOGE","2017-11-24",0.00197772
"DOGE","2017-11-25",0.00207169
"DOGE","2017-11-26",0.00213249
"DOGE","2017-11-27",0.00203561
"DOGE","2017-11-28",0.00236254
"DOGE","2017-11-29",0.00258089
"DOGE","2017-11-30",0.00227074
"DOGE","2017-12-01",0.00223659
"DOGE","2017-12-02",0.00221215
"DOGE","2017-12-03",0.00234034
"DOGE","2017-12-04",0.00247474
"DOGE","2017-12-05",0.00267627
"DOGE","2017-12-06",0.00266259
"DOGE","2017-12-07",0.00285803
"DOGE","2017-12-08",0.00284609
"DOGE","2017-12-09",0.00284621
"DOGE","2017-12-10",0.00274234
"DOGE","2017-12-11",0.00289428
"DOGE","2017-12-12",0.00338051
"DOGE","2017-12-13",0.00388394
"DOGE","2017-12-14",0.00371751
"DOGE","2017-12-15",0.00380890
"DOGE","2017-12-16",0.00625086
"DOGE","2017-12-17",0.00762754
"DOGE","2017-12-18",0.00680890
"DOGE","2017-12-19",0.00669254
"DOGE","2017-12-20",0.00706718
"DOGE","2017-12-21",0.00876775
"DOGE","2017-12-22",0.00762519
"DOGE","2017-12-23",0.00807569
"DOGE","2017-12-24",0.00894813
"DOGE","2017-12-25",0.01072880
"DOGE","2017-12-26",0.00962292
"DOGE","2017-12-27",0.00960853
"DOGE","2017-12-28",0.00885602
"DOGE","2017-12-29",0.00947691
"DOGE","2017-12-30",0.00944563
"DOGE","2017-12-31",0.00927445
"DOGE","2018-01-01",0.00906341
"DOGE","2018-01-02",0.00959837
"DOGE","2018-01-03",0.00958444
"DOGE","2018-01-04",0.01003630
"DOGE","2018-01-05",0.01228310
"DOGE","2018-01-06",0.01578780
"DOGE","2018-01-07",0.01877330
"DOGE","2018-01-08",0.01766440
"DOGE","2018-01-09",0.01556860
"DOGE","2018-01-10",0.01356050
"DOGE","2018-01-11",0.01315320
"DOGE","2018-01-12",0.01333860
"DOGE","2018-01-13",0.01365270
"DOGE","2018-01-14",0.01318720
"DOGE","2018-01-15",0.01177860
"DOGE","2018-01-16",0.00986330
"DOGE","2018-01-17",0.00774073
"DOGE","2018-01-18",0.00873297
"DOGE","2018-01-19",0.00843515
"DOGE","2018-01-20",0.00864854
"DOGE","2018-01-21",0.00843767
"DOGE","2018-01-22",0.00760561
"DOGE","2018-01-23",0.00704908
"DOGE","2018-01-24",0.00721696
"DOGE","2018-01-25",0.00776288
"DOGE","2018-01-26",0.00798175
"DOGE","2018-01-27",0.00754505
"DOGE","2018-01-28",0.00768135
"DOGE","2018-01-29",0.00752185
"DOGE","2018-01-30",0.00699219
"DOGE","2018-01-31",0.00621907
"DOGE","2018-02-01",0.00609048
"DOGE","2018-02-02",0.00502257
"DOGE","2018-02-03",0.00549532
"DOGE","2018-02-04",0.00531726
"DOGE","2018-02-05",0.00446969
"DOGE","2018-02-06",0.00442137
"DOGE","2018-02-07",0.00480034
"DOGE","2018-02-08",0.00487151
"DOGE","2018-02-09",0.00501098
"DOGE","2018-02-10",0.00544065
"DOGE","2018-02-11",0.00518253
"DOGE","2018-02-12",0.00550825
"DOGE","2018-02-13",0.00567805
"DOGE","2018-02-14",0.00678587
"DOGE","2018-02-15",0.00794771
"DOGE","2018-02-16",0.00748462
"DOGE","2018-02-17",0.00732227
"DOGE","2018-02-18",0.00714426
"DOGE","2018-02-19",0.00693820
"DOGE","2018-02-20",0.00828810
"DOGE","2018-02-21",0.00739136
"DOGE","2018-02-22",0.00686864
"DOGE","2018-02-23",0.00694933
"DOGE","2018-02-24",0.00689810
"DOGE","2018-02-25",0.00641089
"DOGE","2018-02-26",0.00649923
"DOGE","2018-02-27",0.00657427
"DOGE","2018-02-28",0.00645074
"DOGE","2018-03-01",0.00631958
"DOGE","2018-03-02",0.00623237
"DOGE","2018-03-03",0.00575601
"DOGE","2018-03-04",0.00550177
"DOGE","2018-03-05",0.00553484
"DOGE","2018-03-06",0.00513585
"DOGE","2018-03-07",0.00470439
"DOGE","2018-03-08",0.00441804
"DOGE","2018-03-09",0.00414573
"DOGE","2018-03-10",0.00437911
"DOGE","2018-03-11",0.00431957
"DOGE","2018-03-12",0.00427279
"DOGE","2018-03-13",0.00423428
"DOGE","2018-03-14",0.00401752
"DOGE","2018-03-15",0.00361948
"DOGE","2018-03-16",0.00365507
"DOGE","2018-03-17",0.00354989
"DOGE","2018-03-18",0.00328034
"DOGE","2018-03-19",0.00350428
"DOGE","2018-03-20",0.00372705
"DOGE","2018-03-21",0.00383346
"DOGE","2018-03-22",0.00372607
"DOGE","2018-03-23",0.00355964
"DOGE","2018-03-24",0.00372678
"DOGE","2018-03-25",0.00357587
"DOGE","2018-03-26",0.00354105
"DOGE","2018-03-27",0.00328260
"DOGE","2018-03-28",0.00324395
"DOGE","2018-03-29",0.00317742
"DOGE","2018-03-30",0.00288987
"DOGE","2018-03-31",0.00289668
"DOGE","2018-04-01",0.00286908
"DOGE","2018-04-02",0.00281373
"DOGE","2018-04-03",0.00299280
"DOGE","2018-04-04",0.00300641
"DOGE","2018-04-05",0.00279086
"DOGE","2018-04-06",0.00273700
"DOGE","2018-04-07",0.00286469
"DOGE","2018-04-08",0.00290706
"DOGE","2018-04-09",0.00292860
"DOGE","2018-04-10",0.00307262
"DOGE","2018-04-11",0.00349885
"DOGE","2018-04-12",0.00379816
"DOGE","2018-04-13",0.00429436
"DOGE","2018-04-14",0.00421843
"DOGE","2018-04-15",0.00461438
"DOGE","2018-04-16",0.00491970
"DOGE","2018-04-17",0.00486917
"DOGE","2018-04-18",0.00546810
"DOGE","2018-04-19",0.00582386
"DOGE","2018-04-20",0.00595806
"DOGE","2018-04-21",0.00588669
"DOGE","2018-04-22",0.00577275
"DOGE","2018-04-23",0.00570669
"DOGE","2018-04-24",0.00590763
"DOGE","2018-04-25",0.00591863
"DOGE","2018-04-26",0.00567643
"DOGE","2018-04-27",0.00573916
"DOGE","2018-04-28",0.00562194
"DOGE","2018-04-29",0.00555798
"DOGE","2018-04-30",0.00553440
"DOGE","2018-05-01",0.00527183
"DOGE","2018-05-02",0.00541523
"DOGE","2018-05-03",0.00564918
"DOGE","2018-05-04",0.00555482
"DOGE","2018-05-05",0.00534686
"DOGE","2018-05-06",0.00525928
"DOGE","2018-05-07",0.00501705
"DOGE","2018-05-08",0.00535613
"DOGE","2018-05-09",0.00532356
"DOGE","2018-05-10",0.00529612
"DOGE","2018-05-11",0.00503599
"DOGE","2018-05-12",0.00466831
"DOGE","2018-05-13",0.00462183
"DOGE","2018-05-14",0.00455855
"DOGE","2018-05-15",0.00478768
"DOGE","2018-05-16",0.00455029
"DOGE","2018-05-17",0.00447974
"DOGE","2018-05-18",0.00437701
"DOGE","2018-05-19",0.00442816
"DOGE","2018-05-20",0.00447601
"DOGE","2018-05-21",0.00441877
"DOGE","2018-05-22",0.00428068
"DOGE","2018-05-23",0.00427385
"DOGE","2018-05-24",0.00371308
"DOGE","2018-05-25",0.00360675
"DOGE","2018-05-26",0.00356924
"DOGE","2018-05-27",0.00347968
"DOGE","2018-05-28",0.00344698
"DOGE","2018-05-29",0.00344638
"DOGE","2018-05-30",0.00350602
"DOGE","2018-05-31",0.00351282
"DOGE","2018-06-01",0.00346860
"DOGE","2018-06-02",0.00358437
"DOGE","2018-06-03",0.00375013
"DOGE","2018-06-04",0.00375985
"DOGE","2018-06-05",0.00372234
"DOGE","2018-06-06",0.00380037
"DOGE","2018-06-07",0.00383575
"DOGE","2018-06-08",0.00378371
"DOGE","2018-06-09",0.00371109
"DOGE","2018-06-10",0.00359503
"DOGE","2018-06-11",0.00324729
"DOGE","2018-06-12",0.00327339
"DOGE","2018-06-13",0.00311547
"DOGE","2018-06-14",0.00301618
"DOGE","2018-06-15",0.00298161
"DOGE","2018-06-16",0.00295561
"DOGE","2018-06-17",0.00294500
"DOGE","2018-06-18",0.00308041
"DOGE","2018-06-19",0.00307419
"DOGE","2018-06-20",0.00304663
"DOGE","2018-06-21",0.00303082
"DOGE","2018-06-22",0.00300409
"DOGE","2018-06-23",0.00271433
"DOGE","2018-06-24",0.00271072
"DOGE","2018-06-25",0.00257647
"DOGE","2018-06-26",0.00257684
"DOGE","2018-06-27",0.00250816
"DOGE","2018-06-28",0.00250432
"DOGE","2018-06-29",0.00249208
"DOGE","2018-06-30",0.00254141
"DOGE","2018-07-01",0.00255362
"DOGE","2018-07-02",0.00272127
"DOGE","2018-07-03",0.00276405
"DOGE","2018-07-04",0.00272422
"DOGE","2018-07-05",0.00269520
"DOGE","2018-07-06",0.00261881
"DOGE","2018-07-07",0.00264640
"DOGE","2018-07-08",0.00267141
"DOGE","2018-07-09",0.00264870
"DOGE","2018-07-10",0.00262262
"DOGE","2018-07-11",0.00247507
"DOGE","2018-07-12",0.00242518
"DOGE","2018-07-13",0.00235613
"DOGE","2018-07-14",0.00238444
"DOGE","2018-07-15",0.00241473
"DOGE","2018-07-16",0.00286894
"DOGE","2018-07-17",0.00326122
"DOGE","2018-07-18",0.00431392
"DOGE","2018-07-19",0.00394969
"DOGE","2018-07-20",0.00383645
"DOGE","2018-07-21",0.00353110
"DOGE","2018-07-22",0.00358232
"DOGE","2018-07-23",0.00363782
"DOGE","2018-07-24",0.00366775
"DOGE","2018-07-25",0.00366047
"DOGE","2018-07-26",0.00364524
"DOGE","2018-07-27",0.00346119
"DOGE","2018-07-28",0.00347037
"DOGE","2018-07-29",0.00347673
"DOGE","2018-07-30",0.00335193
"DOGE","2018-07-31",0.00332482
"DOGE","2018-08-01",0.00315950
"DOGE","2018-08-02",0.00316344
"DOGE","2018-08-03",0.00296945
"DOGE","2018-08-04",0.00296526
"DOGE","2018-08-05",0.00291526
"DOGE","2018-08-06",0.00290914
"DOGE","2018-08-07",0.00282745
"DOGE","2018-08-08",0.00266903
"DOGE","2018-08-09",0.00259292
"DOGE","2018-08-10",0.00260938
"DOGE","2018-08-11",0.00246010
"DOGE","2018-08-12",0.00243971
"DOGE","2018-08-13",0.00245065
"DOGE","2018-08-14",0.00232459
"DOGE","2018-08-15",0.00241231
"DOGE","2018-08-16",0.00237020
"DOGE","2018-08-17",0.00247830
"DOGE","2018-08-18",0.00249854
"DOGE","2018-08-19",0.00247337
"DOGE","2018-08-20",0.00248538
"DOGE","2018-08-21",0.00243059
"DOGE","2018-08-22",0.00251734
"DOGE","2018-08-23",0.00239743
"DOGE","2018-08-24",0.00243577
"DOGE","2018-08-25",0.00243929
"DOGE","2018-08-26",0.00241316
"DOGE","2018-08-27",0.00246779
"DOGE","2018-08-28",0.00261868
"DOGE","2018-08-29",0.00261973
"DOGE","2018-08-30",0.00326927
"DOGE","2018-08-31",0.00484871
"DOGE","2018-09-01",0.00675262
"DOGE","2018-09-02",0.00655392
"DOGE","2018-09-03",0.00555044
"DOGE","2018-09-04",0.00532326
"DOGE","2018-09-05",0.00539404
"DOGE","2018-09-06",0.00509152
"DOGE","2018-09-07",0.00544194
"DOGE","2018-09-08",0.00585809
"DOGE","2018-09-09",0.00584311
"DOGE","2018-09-10",0.00693312
"DOGE","2018-09-11",0.00693134
"DOGE","2018-09-12",0.00645668
"DOGE","2018-09-13",0.00660919
"DOGE","2018-09-14",0.00665787
"DOGE","2018-09-15",0.00626664
"DOGE","2018-09-16",0.00653100
"DOGE","2018-09-17",0.00654693
"DOGE","2018-09-18",0.00627997
"DOGE","2018-09-19",0.00603050
"DOGE","2018-09-20",0.00590044
"DOGE","2018-09-21",0.00596070
"DOGE","2018-09-22",0.00581716
"DOGE","2018-09-23",0.00590732
"DOGE","2018-09-24",0.00606715
"DOGE","2018-09-25",0.00579404
"DOGE","2018-09-26",0.00575338
"DOGE","2018-09-27",0.00590964
"DOGE","2018-09-28",0.00596538
"DOGE","2018-09-29",0.00589836
"DOGE","2018-09-30",0.00590967
"DOGE","2018-10-01",0.00602391
"DOGE","2018-10-02",0.00596403
"DOGE","2018-10-03",0.00582581
"DOGE","2018-10-04",0.00576746
"DOGE","2018-10-05",0.00574405
"DOGE","2018-10-06",0.00576964
"DOGE","2018-10-07",0.00557503
"DOGE","2018-10-08",0.00565208
"DOGE","2018-10-09",0.00563888
"DOGE","2018-10-10",0.00564770
"DOGE","2018-10-11",0.00554734
"DOGE","2018-10-12",0.00528331
"DOGE","2018-10-13",0.00527170
"DOGE","2018-10-14",0.00522250
"DOGE","2018-10-15",0.00545744
"DOGE","2018-10-16",0.00522191
"DOGE","2018-10-17",0.00502466
"DOGE","2018-10-18",0.00472940
"DOGE","2018-10-19",0.00456611
"DOGE","2018-10-20",0.00455809
"DOGE","2018-10-21",0.00460233
"DOGE","2018-10-22",0.00453483
"DOGE","2018-10-23",0.00440060
"DOGE","2018-10-24",0.00416294
"DOGE","2018-10-25",0.00392056
"DOGE","2018-10-26",0.00398446
"DOGE","2018-10-27",0.00425553
"DOGE","2018-10-28",0.00418804
"DOGE","2018-10-29",0.00406350
"DOGE","2018-10-30",0.00390777
"DOGE","2018-10-31",0.00387259
"DOGE","2018-11-01",0.00395134
"DOGE","2018-11-02",0.00380997
"DOGE","2018-11-03",0.00378612
"DOGE","2018-11-04",0.00378830
"DOGE","2018-11-05",0.00374389
"DOGE","2018-11-06",0.00373196
"DOGE","2018-11-07",0.00371866
"DOGE","2018-11-08",0.00365988
"DOGE","2018-11-09",0.00337335
"DOGE","2018-11-10",0.00334743
"DOGE","2018-11-11",0.00328574
"DOGE","2018-11-12",0.00317349
"DOGE","2018-11-13",0.00308662
"DOGE","2018-11-14",0.00295381
"DOGE","2018-11-15",0.00281611
"DOGE","2018-11-16",0.00281902
"DOGE","2018-11-17",0.00277095
"DOGE","2018-11-18",0.00264459
"DOGE","2018-11-19",0.00271725
"DOGE","2018-11-20",0.00243699
"DOGE","2018-11-21",0.00250466
"DOGE","2018-11-22",0.00248111
"DOGE","2018-11-23",0.00241851
"DOGE","2018-11-24",0.00239041
"DOGE","2018-11-25",0.00226191
"DOGE","2018-11-26",0.00225424
"DOGE","2018-11-27",0.00210615
"DOGE","2018-11-28",0.00230213
"DOGE","2018-11-29",0.00227717
"DOGE","2018-11-30",0.00225467
"DOGE","2018-12-01",0.00227911
"DOGE","2018-12-02",0.00227136
"DOGE","2018-12-03",0.00238555
"DOGE","2018-12-04",0.00237935
"DOGE","2018-12-05",0.00225754
"DOGE","2018-12-06",0.00222739
"DOGE","2018-12-07",0.00213932
"DOGE","2018-12-08",0.00215714
"DOGE","2018-12-09",0.00214359
"DOGE","2018-12-10",0.00211882
"DOGE","2018-12-11",0.00210069
"DOGE","2018-12-12",0.00213737
"DOGE","2018-12-13",0.00211894
"DOGE","2018-12-14",0.00208477
"DOGE","2018-12-15",0.00212120
"DOGE","2018-12-16",0.00214488
"DOGE","2018-12-17",0.00271619
"DOGE","2018-12-18",0.00269005
"DOGE","2018-12-19",0.00277119
"DOGE","2018-12-20",0.00277853
"DOGE","2018-12-21",0.00274508
"DOGE","2018-12-22",0.00256081
"DOGE","2018-12-23",0.00258877
"DOGE","2018-12-24",0.00263769
"DOGE","2018-12-25",0.00255452
"DOGE","2018-12-26",0.00249630
"DOGE","2018-12-27",0.00248643
"DOGE","2018-12-28",0.00244702
"DOGE","2018-12-29",0.00244583
"DOGE","2018-12-30",0.00240240
"DOGE","2018-12-31",0.00239547
"DOGE","2019-01-01",0.00239212
"DOGE","2019-01-02",0.00245808
"DOGE","2019-01-03",0.00241430
"DOGE","2019-01-04",0.00239668
"DOGE","2019-01-05",0.00235010
"DOGE","2019-01-06",0.00237108
"DOGE","2019-01-07",0.00233548
"DOGE","2019-01-08",0.00232112
"DOGE","2019-01-09",0.00230741
"DOGE","2019-01-10",0.00229522
"DOGE","2019-01-11",0.00214868
"DOGE","2019-01-12",0.00215753
"DOGE","2019-01-13",0.00217107
"DOGE","2019-01-14",0.00219839
"DOGE","2019-01-15",0.00218791
"DOGE","2019-01-16",0.00214081
"DOGE","2019-01-17",0.00214658
"DOGE","2019-01-18",0.00211729
"DOGE","2019-01-19",0.00216014
"DOGE","2019-01-20",0.00215344
"DOGE","2019-01-21",0.00212172
"DOGE","2019-01-22",0.00211225
"DOGE","2019-01-23",0.00206772
"DOGE","2019-01-24",0.00207320
"DOGE","2019-01-25",0.00218292
"DOGE","2019-01-26",0.00215168
"DOGE","2019-01-27",0.00209595
"DOGE","2019-01-28",0.00202830
"DOGE","2019-01-29",0.00196997
"DOGE","2019-01-30",0.00196991
"DOGE","2019-01-31",0.00198748
"DOGE","2019-02-01",0.00192756
"DOGE","2019-02-02",0.00195604
"DOGE","2019-02-03",0.00195721
"DOGE","2019-02-04",0.00193168
"DOGE","2019-02-05",0.00191312
"DOGE","2019-02-06",0.00190248
"DOGE","2019-02-07",0.00189013
"DOGE","2019-02-08",0.00195738
"DOGE","2019-02-09",0.00199607
"DOGE","2019-02-10",0.00195281
"DOGE","2019-02-11",0.00194620
"DOGE","2019-02-12",0.00191081
"DOGE","2019-02-13",0.00191042
"DOGE","2019-02-14",0.00190852
"DOGE","2019-02-15",0.00191464
"DOGE","2019-02-16",0.00192881
"DOGE","2019-02-17",0.00199335
"DOGE","2019-02-18",0.00212448
"DOGE","2019-02-19",0.00213856
"DOGE","2019-02-20",0.00208071
"DOGE","2019-02-21",0.00207845
"DOGE","2019-02-22",0.00207123
"DOGE","2019-02-23",0.00211079
"DOGE","2019-02-24",0.00212494
"DOGE","2019-02-25",0.00204464
"DOGE","2019-02-26",0.00205015
"DOGE","2019-02-27",0.00203259
"DOGE","2019-02-28",0.00202398
"DOGE","2019-03-01",0.00202026
"DOGE","2019-03-02",0.00201334
"DOGE","2019-03-03",0.00202415
"DOGE","2019-03-04",0.00201094
"DOGE","2019-03-05",0.00200333
"DOGE","2019-03-06",0.00199219
"DOGE","2019-03-07",0.00201549
"DOGE","2019-03-08",0.00199825
"DOGE","2019-03-09",0.00201453
"DOGE","2019-03-10",0.00200407
"DOGE","2019-03-11",0.00200613
"DOGE","2019-03-12",0.00203041
"DOGE","2019-03-13",0.00205265
"DOGE","2019-03-14",0.00204373
"DOGE","2019-03-15",0.00205827
"DOGE","2019-03-16",0.00209870
"DOGE","2019-03-17",0.00209046
"DOGE","2019-03-18",0.00209444
"DOGE","2019-03-19",0.00210604
"DOGE","2019-03-20",0.00209165
"DOGE","2019-03-21",0.00207431
"DOGE","2019-03-22",0.00207361
"DOGE","2019-03-23",0.00207996
"DOGE","2019-03-24",0.00208041
"DOGE","2019-03-25",0.00206551
"DOGE","2019-03-26",0.00206138
"DOGE","2019-03-27",0.00208867
"DOGE","2019-03-28",0.00209186
"DOGE","2019-03-29",0.00210171
"DOGE","2019-03-30",0.00216567
"DOGE","2019-03-31",0.00210034
"DOGE","2019-04-01",0.00253179
"DOGE","2019-04-02",0.00286286
"DOGE","2019-04-03",0.00365592
"DOGE","2019-04-04",0.00409558
"DOGE","2019-04-05",0.00375488
"DOGE","2019-04-06",0.00359410
"DOGE","2019-04-07",0.00351686
"DOGE","2019-04-08",0.00343673
"DOGE","2019-04-09",0.00307050
"DOGE","2019-04-10",0.00307981
"DOGE","2019-04-11",0.00303095
"DOGE","2019-04-12",0.00287259
"DOGE","2019-04-13",0.00290610
"DOGE","2019-04-14",0.00290270
"DOGE","2019-04-15",0.00292315
"DOGE","2019-04-16",0.00285627
"DOGE","2019-04-17",0.00286067
"DOGE","2019-04-18",0.00295841
"DOGE","2019-04-19",0.00294832
"DOGE","2019-04-20",0.00290291
"DOGE","2019-04-21",0.00290583
"DOGE","2019-04-22",0.00282376
"DOGE","2019-04-23",0.00285561
"DOGE","2019-04-24",0.00277876
"DOGE","2019-04-25",0.00262025
"DOGE","2019-04-26",0.00252568
"DOGE","2019-04-27",0.00254514
"DOGE","2019-04-28",0.00256282
"DOGE","2019-04-29",0.00255088
"DOGE","2019-04-30",0.00251876
"DOGE","2019-05-01",0.00255054
"DOGE","2019-05-02",0.00265638
"DOGE","2019-05-03",0.00275253
"DOGE","2019-05-04",0.00278291
"DOGE","2019-05-05",0.00270856
"DOGE","2019-05-06",0.00266058
"DOGE","2019-05-07",0.00263213
"DOGE","2019-05-08",0.00257179
"DOGE","2019-05-09",0.00255417
"DOGE","2019-05-10",0.00255937
"DOGE","2019-05-11",0.00279889
"DOGE","2019-05-12",0.00282030
"DOGE","2019-05-13",0.00282270
"DOGE","2019-05-14",0.00319866
"DOGE","2019-05-15",0.00331685
"DOGE","2019-05-16",0.00352149
"DOGE","2019-05-17",0.00318559
"DOGE","2019-05-18",0.00305442
"DOGE","2019-05-19",0.00319523
"DOGE","2019-05-20",0.00318561
"DOGE","2019-05-21",0.00311184
"DOGE","2019-05-22",0.00309055
"DOGE","2019-05-23",0.00297974
"DOGE","2019-05-24",0.00302203
"DOGE","2019-05-25",0.00301060
"DOGE","2019-05-26",0.00311504
"DOGE","2019-05-27",0.00320706
"DOGE","2019-05-28",0.00316822
"DOGE","2019-05-29",0.00315055
"DOGE","2019-05-30",0.00359959
"DOGE","2019-05-31",0.00344324
"DOGE","2019-06-01",0.00351988
"DOGE","2019-06-02",0.00344780
"DOGE","2019-06-03",0.00341026
"DOGE","2019-06-04",0.00321283
"DOGE","2019-06-05",0.00309795
"DOGE","2019-06-06",0.00312422
"DOGE","2019-06-07",0.00319496
"DOGE","2019-06-08",0.00319127
"DOGE","2019-06-09",0.00321845
"DOGE","2019-06-10",0.00313474
"DOGE","2019-06-11",0.00314253
"DOGE","2019-06-12",0.00309355
"DOGE","2019-06-13",0.00316848
"DOGE","2019-06-14",0.00314231
"DOGE","2019-06-15",0.00320415
"DOGE","2019-06-16",0.00333579
"DOGE","2019-06-17",0.00322489
"DOGE","2019-06-18",0.00319874
"DOGE","2019-06-19",0.00315447
"DOGE","2019-06-20",0.00320365
"DOGE","2019-06-21",0.00325055
"DOGE","2019-06-22",0.00335431
"DOGE","2019-06-23",0.00349637
"DOGE","2019-06-24",0.00343094
"DOGE","2019-06-25",0.00339510
"DOGE","2019-06-26",0.00344951
"DOGE","2019-06-27",0.00349516
"DOGE","2019-06-28",0.00352251
"DOGE","2019-06-29",0.00348613
"DOGE","2019-06-30",0.00344561
"DOGE","2019-07-01",0.00332518
"DOGE","2019-07-02",0.00335991
"DOGE","2019-07-03",0.00333592
"DOGE","2019-07-04",0.00335659
"DOGE","2019-07-05",0.00447086
"DOGE","2019-07-06",0.00396775
"DOGE","2019-07-07",0.00365833
"DOGE","2019-07-08",0.00364442
"DOGE","2019-07-09",0.00361515
"DOGE","2019-07-10",0.00359982
"DOGE","2019-07-11",0.00342649
"DOGE","2019-07-12",0.00336821
"DOGE","2019-07-13",0.00335130
"DOGE","2019-07-14",0.00325915
"DOGE","2019-07-15",0.00313255
"DOGE","2019-07-16",0.00312480
"DOGE","2019-07-17",0.00317706
"DOGE","2019-07-18",0.00314517
"DOGE","2019-07-19",0.00313473
"DOGE","2019-07-20",0.00318738
"DOGE","2019-07-21",0.00316633
"DOGE","2019-07-22",0.00310027
"DOGE","2019-07-23",0.00300336
"DOGE","2019-07-24",0.00291739
"DOGE","2019-07-25",0.00301777
"DOGE","2019-07-26",0.00294933
"DOGE","2019-07-27",0.00303030
"DOGE","2019-07-28",0.00288726
"DOGE","2019-07-29",0.00289720
"DOGE","2019-07-30",0.00288780
"DOGE","2019-07-31",0.00290751
"DOGE","2019-08-01",0.00295883
"DOGE","2019-08-02",0.00297522
"DOGE","2019-08-03",0.00296045
"DOGE","2019-08-04",0.00298360
"DOGE","2019-08-05",0.00316220
"DOGE","2019-08-06",0.00331605
"DOGE","2019-08-07",0.00305033
"DOGE","2019-08-08",0.00301231
"DOGE","2019-08-09",0.00293345
"DOGE","2019-08-10",0.00292857
"DOGE","2019-08-11",0.00290151
"DOGE","2019-08-12",0.00290066
"DOGE","2019-08-13",0.00289014
"DOGE","2019-08-14",0.00282993
"DOGE","2019-08-15",0.00275306
"DOGE","2019-08-16",0.00271432
"DOGE","2019-08-17",0.00269032
"DOGE","2019-08-18",0.00273019
"DOGE","2019-08-19",0.00282701
"DOGE","2019-08-20",0.00280693
"DOGE","2019-08-21",0.00277007
"DOGE","2019-08-22",0.00273105
"DOGE","2019-08-23",0.00289855
"DOGE","2019-08-24",0.00272470
"DOGE","2019-08-25",0.00288811
"DOGE","2019-08-26",0.00282883
"DOGE","2019-08-27",0.00278771
"DOGE","2019-08-28",0.00263317
"DOGE","2019-08-29",0.00252425
"DOGE","2019-08-30",0.00248709
"DOGE","2019-08-31",0.00252863
"DOGE","2019-09-01",0.00253302
"DOGE","2019-09-02",0.00261633
"DOGE","2019-09-03",0.00272382
"DOGE","2019-09-04",0.00269478
"DOGE","2019-09-05",0.00269202
"DOGE","2019-09-06",0.00264002
"DOGE","2019-09-07",0.00256944
"DOGE","2019-09-08",0.00255974
"DOGE","2019-09-09",0.00250981
"DOGE","2019-09-10",0.00248950
"DOGE","2019-09-11",0.00245130
"DOGE","2019-09-12",0.00244561
"DOGE","2019-09-13",0.00243237
"DOGE","2019-09-14",0.00245124
"DOGE","2019-09-15",0.00248630
"DOGE","2019-09-16",0.00249144
"DOGE","2019-09-17",0.00261508
"DOGE","2019-09-18",0.00299332
"DOGE","2019-09-19",0.00273374
"DOGE","2019-09-20",0.00271616
"DOGE","2019-09-21",0.00267240
"DOGE","2019-09-22",0.00260868
"DOGE","2019-09-23",0.00260032
"DOGE","2019-09-24",0.00250194
"DOGE","2019-09-25",0.00224286
"DOGE","2019-09-26",0.00222897
"DOGE","2019-09-27",0.00222757
"DOGE","2019-09-28",0.00224802
"DOGE","2019-09-29",0.00233590
"DOGE","2019-09-30",0.00241613
"DOGE","2019-10-01",0.00249723
"DOGE","2019-10-02",0.00241140
"DOGE","2019-10-03",0.00236469
"DOGE","2019-10-04",0.00236267
"DOGE","2019-10-05",0.00237741
"DOGE","2019-10-06",0.00236217
"DOGE","2019-10-07",0.00240779
"DOGE","2019-10-08",0.00241798
"DOGE","2019-10-09",0.00240238
"DOGE","2019-10-10",0.00239959
"DOGE","2019-10-11",0.00238305
"DOGE","2019-10-12",0.00238333
"DOGE","2019-10-13",0.00261799
"DOGE","2019-10-14",0.00263616
"DOGE","2019-10-15",0.00256495
"DOGE","2019-10-16",0.00261871
"DOGE","2019-10-17",0.00293166
"DOGE","2019-10-18",0.00286289
"DOGE","2019-10-19",0.00279527
"DOGE","2019-10-20",0.00277543
"DOGE","2019-10-21",0.00281310
"DOGE","2019-10-22",0.00277639
"DOGE","2019-10-23",0.00258720
"DOGE","2019-10-24",0.00255271
"DOGE","2019-10-25",0.00271394
"DOGE","2019-10-26",0.00285850
"DOGE","2019-10-27",0.00274728
"DOGE","2019-10-28",0.00272223
"DOGE","2019-10-29",0.00272847
"DOGE","2019-10-30",0.00268187
"DOGE","2019-10-31",0.00267515
"DOGE","2019-11-01",0.00263929
"DOGE","2019-11-02",0.00265057
"DOGE","2019-11-03",0.00267359
"DOGE","2019-11-04",0.00264548
"DOGE","2019-11-05",0.00265105
"DOGE","2019-11-06",0.00264988
"DOGE","2019-11-07",0.00273391
"DOGE","2019-11-08",0.00273137
"DOGE","2019-11-09",0.00274189
"DOGE","2019-11-10",0.00278470
"DOGE","2019-11-11",0.00277978
"DOGE","2019-11-12",0.00273520
"DOGE","2019-11-13",0.00272533
"DOGE","2019-11-14",0.00269795
"DOGE","2019-11-15",0.00268902
"DOGE","2019-11-16",0.00267476
"DOGE","2019-11-17",0.00271773
"DOGE","2019-11-18",0.00271549
"DOGE","2019-11-19",0.00260805
"DOGE","2019-11-20",0.00269817
"DOGE","2019-11-21",0.00256612
"DOGE","2019-11-22",0.00251932
"DOGE","2019-11-23",0.00250711
"DOGE","2019-11-24",0.00251043
"DOGE","2019-11-25",0.00236878
"DOGE","2019-11-26",0.00234173
"DOGE","2019-11-27",0.00235755
"DOGE","2019-11-28",0.00238010
"DOGE","2019-11-29",0.00245751
"DOGE","2019-11-30",0.00247403
"DOGE","2019-12-01",0.00239424
"DOGE","2019-12-02",0.00231191
"DOGE","2019-12-03",0.00225590
"DOGE","2019-12-04",0.00224124
"DOGE","2019-12-05",0.00230482
"DOGE","2019-12-06",0.00227984
"DOGE","2019-12-07",0.00224832
"DOGE","2019-12-08",0.00234127
"DOGE","2019-12-09",0.00225072
"DOGE","2019-12-10",0.00222212
"DOGE","2019-12-11",0.00224023
"DOGE","2019-12-12",0.00219798
"DOGE","2019-12-13",0.00220754
"DOGE","2019-12-14",0.00220384
"DOGE","2019-12-15",0.00217145
"DOGE","2019-12-16",0.00218369
"DOGE","2019-12-17",0.00215241
"DOGE","2019-12-18",0.00219188
"DOGE","2019-12-19",0.00219878
"DOGE","2019-12-20",0.00214136
"DOGE","2019-12-21",0.00208797
"DOGE","2019-12-22",0.00211995
"DOGE","2019-12-23",0.00213672
"DOGE","2019-12-24",0.00211434
"DOGE","2019-12-25",0.00209821
"DOGE","2019-12-26",0.00209766
"DOGE","2019-12-27",0.00207510
"DOGE","2019-12-28",0.00209028
"DOGE","2019-12-29",0.00211417
"DOGE","2019-12-30",0.00207719
"DOGE","2019-12-31",0.00205636
"DOGE","2020-01-01",0.00205210
"DOGE","2020-01-02",0.00211001
"DOGE","2020-01-03",0.00217721
"DOGE","2020-01-04",0.00248978
"DOGE","2020-01-05",0.00249130
"DOGE","2020-01-06",0.00256355
"DOGE","2020-01-07",0.00249680
"DOGE","2020-01-08",0.00246518
"DOGE","2020-01-09",0.00231418
"DOGE","2020-01-10",0.00236058
"DOGE","2020-01-11",0.00237290
"DOGE","2020-01-12",0.00241274
"DOGE","2020-01-13",0.00240659
"DOGE","2020-01-14",0.00251445
"DOGE","2020-01-15",0.00254136
"DOGE","2020-01-16",0.00242374
"DOGE","2020-01-17",0.00251631
"DOGE","2020-01-18",0.00253792
"DOGE","2020-01-19",0.00256997
"DOGE","2020-01-20",0.00242321
"DOGE","2020-01-21",0.00240267
"DOGE","2020-01-22",0.00239876
"DOGE","2020-01-23",0.00235785
"DOGE","2020-01-24",0.00229326
"DOGE","2020-01-25",0.00227623
"DOGE","2020-01-26",0.00230658
"DOGE","2020-01-27",0.00241284
"DOGE","2020-01-28",0.00244963
"DOGE","2020-01-29",0.00247128
"DOGE","2020-01-30",0.00244622
"DOGE","2020-01-31",0.00245836
"DOGE","2020-02-01",0.00243072
"DOGE","2020-02-02",0.00250594
"DOGE","2020-02-03",0.00251712
"DOGE","2020-02-04",0.00250330
"DOGE","2020-02-05",0.00262959
"DOGE","2020-02-06",0.00267733
"DOGE","2020-02-07",0.00277045
"DOGE","2020-02-08",0.00320862
"DOGE","2020-02-09",0.00353091
"DOGE","2020-02-10",0.00330279
"DOGE","2020-02-11",0.00308517
"DOGE","2020-02-12",0.00317261
"DOGE","2020-02-13",0.00321598
"DOGE","2020-02-14",0.00314698
"DOGE","2020-02-15",0.00318064
"DOGE","2020-02-16",0.00296456
"DOGE","2020-02-17",0.00277188
"DOGE","2020-02-18",0.00284588
"DOGE","2020-02-19",0.00287394
"DOGE","2020-02-20",0.00267315
"DOGE","2020-02-21",0.00270306
"DOGE","2020-02-22",0.00265538
"DOGE","2020-02-23",0.00268232
"DOGE","2020-02-24",0.00268661
"DOGE","2020-02-25",0.00259088
"DOGE","2020-02-26",0.00248695
"DOGE","2020-02-27",0.00240320
"DOGE","2020-02-28",0.00237312
"DOGE","2020-02-29",0.00232026
"DOGE","2020-03-01",0.00229681
"DOGE","2020-03-02",0.00237024
"DOGE","2020-03-03",0.00252522
"DOGE","2020-03-04",0.00250754
"DOGE","2020-03-05",0.00253070
"DOGE","2020-03-06",0.00251715
"DOGE","2020-03-07",0.00251257
"DOGE","2020-03-08",0.00240763
"DOGE","2020-03-09",0.00223578
"DOGE","2020-03-10",0.00226254
"DOGE","2020-03-11",0.00222756
"DOGE","2020-03-12",0.00218753
"DOGE","2020-03-13",0.00179920
"DOGE","2020-03-14",0.00178442
"DOGE","2020-03-15",0.00181889
"DOGE","2020-03-16",0.00169916
"DOGE","2020-03-17",0.00167740
"DOGE","2020-03-18",0.00161175
"DOGE","2020-03-19",0.00184379
"DOGE","2020-03-20",0.00193073
"DOGE","2020-03-21",0.00185077
"DOGE","2020-03-22",0.00186756
"DOGE","2020-03-23",0.00181669
"DOGE","2020-03-24",0.00191244
"DOGE","2020-03-25",0.00188983
"DOGE","2020-03-26",0.00187164
"DOGE","2020-03-27",0.00186835
"DOGE","2020-03-28",0.00180822
"DOGE","2020-03-29",0.00180477
"DOGE","2020-03-30",0.00186775
"DOGE","2020-03-31",0.00185068
"DOGE","2020-04-01",0.00186719
"DOGE","2020-04-02",0.00193964
"DOGE","2020-04-03",0.00191628
"DOGE","2020-04-04",0.00190978
"DOGE","2020-04-05",0.00190914
"DOGE","2020-04-06",0.00198339
"DOGE","2020-04-07",0.00202968
"DOGE","2020-04-08",0.00204356
"DOGE","2020-04-09",0.00203307
"DOGE","2020-04-10",0.00202251
"DOGE","2020-04-11",0.00200424
"DOGE","2020-04-12",0.00200919
"DOGE","2020-04-13",0.00199046
"DOGE","2020-04-14",0.00197991
"DOGE","2020-04-15",0.00197530
"DOGE","2020-04-16",0.00202859
"DOGE","2020-04-17",0.00202927
"DOGE","2020-04-18",0.00206212
"DOGE","2020-04-19",0.00207286
"DOGE","2020-04-20",0.00206576
"DOGE","2020-04-21",0.00203193
"DOGE","2020-04-22",0.00203287
"DOGE","2020-04-23",0.00212303
"DOGE","2020-04-24",0.00212060
"DOGE","2020-04-25",0.00214594
"DOGE","2020-04-26",0.00244447
"DOGE","2020-04-27",0.00241422
"DOGE","2020-04-28",0.00237190
"DOGE","2020-04-29",0.00254176
"DOGE","2020-04-30",0.00268911
"DOGE","2020-05-01",0.00255911
"DOGE","2020-05-02",0.00255306
"DOGE","2020-05-03",0.00258314
"DOGE","2020-05-04",0.00251898
"DOGE","2020-05-05",0.00252076
"DOGE","2020-05-06",0.00258290
"DOGE","2020-05-07",0.00267808
"DOGE","2020-05-08",0.00267154
"DOGE","2020-05-09",0.00263391
"DOGE","2020-05-10",0.00261275
"DOGE","2020-05-11",0.00251241
"DOGE","2020-05-12",0.00251346
"DOGE","2020-05-13",0.00252777
"DOGE","2020-05-14",0.00262340
"DOGE","2020-05-15",0.00257705
"DOGE","2020-05-16",0.00253444
"DOGE","2020-05-17",0.00257805
"DOGE","2020-05-18",0.00258689
"DOGE","2020-05-19",0.00256500
"DOGE","2020-05-20",0.00256349
"DOGE","2020-05-21",0.00254926
"DOGE","2020-05-22",0.00254341
"DOGE","2020-05-23",0.00256459
"DOGE","2020-05-24",0.00256102
"DOGE","2020-05-25",0.00254622
"DOGE","2020-05-26",0.00254208
"DOGE","2020-05-27",0.00252921
"DOGE","2020-05-28",0.00255888
"DOGE","2020-05-29",0.00254922
"DOGE","2020-05-30",0.00262566
"DOGE","2020-05-31",0.00261745
"DOGE","2020-06-01",0.00266157
"DOGE","2020-06-02",0.00265494
"DOGE","2020-06-03",0.00259805
"DOGE","2020-06-04",0.00266921
"DOGE","2020-06-05",0.00263376
"DOGE","2020-06-06",0.00260610
"DOGE","2020-06-07",0.00260950
"DOGE","2020-06-08",0.00260662
"DOGE","2020-06-09",0.00258738
"DOGE","2020-06-10",0.00259466
"DOGE","2020-06-11",0.00260241
"DOGE","2020-06-12",0.00253270
"DOGE","2020-06-13",0.00254096
"DOGE","2020-06-14",0.00255407
"DOGE","2020-06-15",0.00251590
"DOGE","2020-06-16",0.00253014
"DOGE","2020-06-17",0.00249247
"DOGE","2020-06-18",0.00249272
"DOGE","2020-06-19",0.00247167
"DOGE","2020-06-20",0.00246602
"DOGE","2020-06-21",0.00247753
"DOGE","2020-06-22",0.00249463
"DOGE","2020-06-23",0.00249210
"DOGE","2020-06-24",0.00249672
"DOGE","2020-06-25",0.00243306
"DOGE","2020-06-26",0.00242713
"DOGE","2020-06-27",0.00237880
"DOGE","2020-06-28",0.00236127
"DOGE","2020-06-29",0.00234143
"DOGE","2020-06-30",0.00234026
"DOGE","2020-07-01",0.00237550
"DOGE","2020-07-02",0.00238190
"DOGE","2020-07-03",0.00236645
"DOGE","2020-07-04",0.00233974
"DOGE","2020-07-05",0.00232734
"DOGE","2020-07-06",0.00262359
"DOGE","2020-07-07",0.00325903
"DOGE","2020-07-08",0.00542002
"DOGE","2020-07-09",0.00501420
"DOGE","2020-07-10",0.00439390
"DOGE","2020-07-11",0.00391976
"DOGE","2020-07-12",0.00384356
"DOGE","2020-07-13",0.00363616
"DOGE","2020-07-14",0.00336925
"DOGE","2020-07-15",0.00330349
"DOGE","2020-07-16",0.00309789
"DOGE","2020-07-17",0.00308418
"DOGE","2020-07-18",0.00362900
"DOGE","2020-07-19",0.00375273
"DOGE","2020-07-20",0.00343300
"DOGE","2020-07-21",0.00330875
"DOGE","2020-07-22",0.00330412
"DOGE","2020-07-23",0.00332117
"DOGE","2020-07-24",0.00332276
"DOGE","2020-07-25",0.00329494
"DOGE","2020-07-26",0.00326967
"DOGE","2020-07-27",0.00324315
"DOGE","2020-07-28",0.00321871
"DOGE","2020-07-29",0.00326189
"DOGE","2020-07-30",0.00324449
"DOGE","2020-07-31",0.00324043
"DOGE","2020-08-01",0.00379661
"DOGE","2020-08-02",0.00373604
"DOGE","2020-08-03",0.00344105
"DOGE","2020-08-04",0.00356076
"DOGE","2020-08-05",0.00357686
"DOGE","2020-08-06",0.00363640
"DOGE","2020-08-07",0.00361137
"DOGE","2020-08-08",0.00353594
"DOGE","2020-08-09",0.00353274
"DOGE","2020-08-10",0.00355730
"DOGE","2020-08-11",0.00357094
"DOGE","2020-08-12",0.00353381
"DOGE","2020-08-13",0.00354929
"DOGE","2020-08-14",0.00357877
"DOGE","2020-08-15",0.00360690
"DOGE","2020-08-16",0.00355153
"DOGE","2020-08-17",0.00371834
"DOGE","2020-08-18",0.00370890
"DOGE","2020-08-19",0.00353822
"DOGE","2020-08-20",0.00349947
"DOGE","2020-08-21",0.00355361
"DOGE","2020-08-22",0.00344658
"DOGE","2020-08-23",0.00345264
"DOGE","2020-08-24",0.00346536
"DOGE","2020-08-25",0.00343401
"DOGE","2020-08-26",0.00334469
"DOGE","2020-08-27",0.00331426
"DOGE","2020-08-28",0.00327113
"DOGE","2020-08-29",0.00330055
"DOGE","2020-08-30",0.00334383
"DOGE","2020-08-31",0.00330799
"DOGE","2020-09-01",0.00328120
"DOGE","2020-09-02",0.00326638
"DOGE","2020-09-03",0.00313354
"DOGE","2020-09-04",0.00295757
"DOGE","2020-09-05",0.00293434
"DOGE","2020-09-06",0.00281355
"DOGE","2020-09-07",0.00283191
"DOGE","2020-09-08",0.00283398
"DOGE","2020-09-09",0.00280684
"DOGE","2020-09-10",0.00285902
"DOGE","2020-09-11",0.00282505
"DOGE","2020-09-12",0.00283071
"DOGE","2020-09-13",0.00282367
"DOGE","2020-09-14",0.00284287
"DOGE","2020-09-15",0.00287788
"DOGE","2020-09-16",0.00285876
"DOGE","2020-09-17",0.00285862
"DOGE","2020-09-18",0.00282493
"DOGE","2020-09-19",0.00281360
"DOGE","2020-09-20",0.00280612
"DOGE","2020-09-21",0.00280229
"DOGE","2020-09-22",0.00267172
"DOGE","2020-09-23",0.00265092
"DOGE","2020-09-24",0.00264999
"DOGE","2020-09-25",0.00272148
"DOGE","2020-09-26",0.00275261
"DOGE","2020-09-27",0.00273393
"DOGE","2020-09-28",0.00273980
"DOGE","2020-09-29",0.00270954
"DOGE","2020-09-30",0.00268511
"DOGE","2020-10-01",0.00268151
"DOGE","2020-10-02",0.00262800
"DOGE","2020-10-03",0.00263960
"DOGE","2020-10-04",0.00268179
"DOGE","2020-10-05",0.00266160
"DOGE","2020-10-06",0.00262786
"DOGE","2020-10-07",0.00261220
"DOGE","2020-10-08",0.00263081
"DOGE","2020-10-09",0.00266676
"DOGE","2020-10-10",0.00271559
"DOGE","2020-10-11",0.00270611
"DOGE","2020-10-12",0.00270764
"DOGE","2020-10-13",0.00267653
"DOGE","2020-10-14",0.00265317
"DOGE","2020-10-15",0.00265053
"DOGE","2020-10-16",0.00261563
"DOGE","2020-10-17",0.00261218
"DOGE","2020-10-18",0.00260105
"DOGE","2020-10-19",0.00261854
"DOGE","2020-10-20",0.00262338
"DOGE","2020-10-21",0.00265741
"DOGE","2020-10-22",0.00268856
"DOGE","2020-10-23",0.00269116
"DOGE","2020-10-24",0.00265316
"DOGE","2020-10-25",0.00267635
"DOGE","2020-10-26",0.00289283
"DOGE","2020-10-27",0.00270831
"DOGE","2020-10-28",0.00269740
"DOGE","2020-10-29",0.00262285
"DOGE","2020-10-30",0.00260696
"DOGE","2020-10-31",0.00260324
"DOGE","2020-11-01",0.00259035
"DOGE","2020-11-02",0.00259212
"DOGE","2020-11-03",0.00253033
"DOGE","2020-11-04",0.00255823
"DOGE","2020-11-05",0.00263884
"DOGE","2020-11-06",0.00280120
"DOGE","2020-11-07",0.00281915
"DOGE","2020-11-08",0.00274173
"DOGE","2020-11-09",0.00278636
"DOGE","2020-11-10",0.00285141
"DOGE","2020-11-11",0.00283705
"DOGE","2020-11-12",0.00279124
"DOGE","2020-11-13",0.00283587
"DOGE","2020-11-14",0.00282145
"DOGE","2020-11-15",0.00281344
"DOGE","2020-11-16",0.00300916
"DOGE","2020-11-17",0.00297583
"DOGE","2020-11-18",0.00299917
"DOGE","2020-11-19",0.00295967
"DOGE","2020-11-20",0.00301078
"DOGE","2020-11-21",0.00354893
"DOGE","2020-11-22",0.00366037
"DOGE","2020-11-23",0.00364797
"DOGE","2020-11-24",0.00420434
"DOGE","2020-11-25",0.00425630
"DOGE","2020-11-26",0.00379348
"DOGE","2020-11-27",0.00335546
"DOGE","2020-11-28",0.00346961
"DOGE","2020-11-29",0.00353010
"DOGE","2020-11-30",0.00358039
"DOGE","2020-12-01",0.00357202
"DOGE","2020-12-02",0.00343639
"DOGE","2020-12-03",0.00349978
"DOGE","2020-12-04",0.00344650
"DOGE","2020-12-05",0.00341428
"DOGE","2020-12-06",0.00344218
"DOGE","2020-12-07",0.00340024
"DOGE","2020-12-08",0.00336063
"DOGE","2020-12-09",0.00318170
"DOGE","2020-12-10",0.00316470
"DOGE","2020-12-11",0.00310967
"DOGE","2020-12-12",0.00318397
"DOGE","2020-12-13",0.00327413
"DOGE","2020-12-14",0.00327897
"DOGE","2020-12-15",0.00325017
"DOGE","2020-12-16",0.00342188
"DOGE","2020-12-17",0.00411293
"DOGE","2020-12-18",0.00396978
"DOGE","2020-12-19",0.00401843
"DOGE","2020-12-20",0.00467753
"DOGE","2020-12-21",0.00540576
"DOGE","2020-12-22",0.00484255
"DOGE","2020-12-23",0.00473517
"DOGE","2020-12-24",0.00457729
"DOGE","2020-12-25",0.00461316
"DOGE","2020-12-26",0.00463980
"DOGE","2020-12-27",0.00480475
"DOGE","2020-12-28",0.00471627
"DOGE","2020-12-29",0.00460785
"DOGE","2020-12-30",0.00470300
"DOGE","2020-12-31",0.00474347
"DOGE","2021-01-01",0.00568496
"DOGE","2021-01-02",0.01369815
"DOGE","2021-01-03",0.01386655
"DOGE","2021-01-04",0.01142102
"DOGE","2021-01-05",0.01021856
"DOGE","2021-01-06",0.01085421
"DOGE","2021-01-07",0.01053197
"DOGE","2021-01-08",0.01028548
"DOGE","2021-01-09",0.01074016
"DOGE","2021-01-10",0.01086724
"DOGE","2021-01-11",0.00985798
"DOGE","2021-01-12",0.00914451
"DOGE","2021-01-13",0.00864613
"DOGE","2021-01-14",0.01002992
"DOGE","2021-01-15",0.00979644
"DOGE","2021-01-16",0.00953136
"DOGE","2021-01-17",0.00936668
"DOGE","2021-01-18",0.00929542
"DOGE","2021-01-19",0.00961333
"DOGE","2021-01-20",0.00915288
"DOGE","2021-01-21",0.00908936
"DOGE","2021-01-22",0.00876921
"DOGE","2021-01-23",0.00880799
"DOGE","2021-01-24",0.00895097
"DOGE","2021-01-25",0.00887891
"DOGE","2021-01-26",0.00845550
"DOGE","2021-01-27",0.00825941
"DOGE","2021-01-28",0.03417659
"DOGE","2021-01-29",0.07797325
"DOGE","2021-01-30",0.04990136
"DOGE","2021-01-31",0.04528851
"DOGE","2021-02-01",0.04325000
"DOGE","2021-02-02",0.03492570
"DOGE","2021-02-03",0.03910517
"DOGE","2021-02-04",0.05786878
"DOGE","2021-02-05",0.05373973
"DOGE","2021-02-06",0.05830786
"DOGE","2021-02-07",0.08435716
"DOGE","2021-02-08",0.08494506
"DOGE","2021-02-09",0.08312770
"DOGE","2021-02-10",0.08109109
"DOGE","2021-02-11",0.07430140
"DOGE","2021-02-12",0.07261018
"DOGE","2021-02-13",0.07164625
"DOGE","2021-02-14",0.06644842
"DOGE","2021-02-15",0.06392375
"DOGE","2021-02-16",0.05966752
"DOGE","2021-02-17",0.05498263
"DOGE","2021-02-18",0.06179931
"DOGE","2021-02-19",0.05949659
"DOGE","2021-02-20",0.06028569
"DOGE","2021-02-21",0.05842831
"DOGE","2021-02-22",0.06046605
"DOGE","2021-02-23",0.05376828
"DOGE","2021-02-24",0.05987291
"DOGE","2021-02-25",0.05780827
"DOGE","2021-02-26",0.05247210
"DOGE","2021-02-27",0.05191956
"DOGE","2021-02-28",0.05013393
"DOGE","2021-03-01",0.05147869
"DOGE","2021-03-02",0.05238174
"DOGE","2021-03-03",0.05212622
"DOGE","2021-03-04",0.05108673
"DOGE","2021-03-05",0.05085379
"DOGE","2021-03-06",0.05239653
"DOGE","2021-03-07",0.05214090
"DOGE","2021-03-08",0.06194928
"DOGE","2021-03-09",0.06226777
"DOGE","2021-03-10",0.05861615
"DOGE","2021-03-11",0.05669807
"DOGE","2021-03-12",0.05697972
"DOGE","2021-03-13",0.06243198
"DOGE","2021-03-14",0.06305245
"DOGE","2021-03-15",0.05968907
"DOGE","2021-03-16",0.05892073
"DOGE","2021-03-17",0.05886610
"DOGE","2021-03-18",0.05882842
"DOGE","2021-03-19",0.05972137
"DOGE","2021-03-20",0.06063936
"DOGE","2021-03-21",0.05952117
"DOGE","2021-03-22",0.05773162
"DOGE","2021-03-23",0.05608123
"DOGE","2021-03-24",0.05649402
"DOGE","2021-03-25",0.05240657
"DOGE","2021-03-26",0.05402847
"DOGE","2021-03-27",0.05543456
"DOGE","2021-03-28",0.05475200
"DOGE","2021-03-29",0.05465075
"DOGE","2021-03-30",0.05543422
"DOGE","2021-03-31",0.05446842
"DOGE","2021-04-01",0.07011052
"DOGE","2021-04-02",0.06224853
"DOGE","2021-04-03",0.05948359
"DOGE","2021-04-04",0.05810663
"DOGE","2021-04-05",0.06015349
"DOGE","2021-04-06",0.06504996
"DOGE","2021-04-07",0.06729936
"DOGE","2021-04-08",0.06174546
"DOGE","2021-04-09",0.06390983
"DOGE","2021-04-10",0.06506835
"DOGE","2021-04-11",0.07924303
"DOGE","2021-04-12",0.07498611
"DOGE","2021-04-13",0.09518119
"DOGE","2021-04-14",0.14250981
"DOGE","2021-04-15",0.18732627
"DOGE","2021-04-16",0.43770007
"DOGE","2021-04-17",0.37445468
"DOGE","2021-04-18",0.34991834
"DOGE","2021-04-19",0.43175130
"DOGE","2021-04-20",0.42234665
"DOGE","2021-04-21",0.34696557
"DOGE","2021-04-22",0.30875650
"DOGE","2021-04-23",0.26837765
"DOGE","2021-04-24",0.28938986
"DOGE","2021-04-25",0.28877098
"DOGE","2021-04-26",0.28045173
"DOGE","2021-04-27",0.27962881
"DOGE","2021-04-28",0.34466233
"DOGE","2021-04-29",0.32388057
"DOGE","2021-04-30",0.33975655
"DOGE","2021-05-01",0.39713547
"DOGE","2021-05-02",0.40002878
"DOGE","2021-05-03",0.44556693
"DOGE","2021-05-04",0.60599787
"DOGE","2021-05-05",0.69526219
"DOGE","2021-05-06",0.66361576
"DOGE","2021-05-07",0.73197154
"DOGE","2021-05-08",0.73756660
"DOGE","2021-05-09",0.69762489
"DOGE","2021-05-10",0.56968708
"DOGE","2021-05-11",0.54665073
"DOGE","2021-05-12",0.51997503
"DOGE","2021-05-13",0.51946095
"DOGE","2021-05-14",0.58968988
"DOGE","2021-05-15",0.56267582
"DOGE","2021-05-16",0.54814535
"DOGE","2021-05-17",0.51522146
"DOGE","2021-05-18",0.51559882
"DOGE","2021-05-19",0.68473451
"DOGE","2021-05-20",0.43319208
"DOGE","2021-05-21",0.41197455
"DOGE","2021-05-22",0.36051699
"DOGE","2021-05-23",0.35086283
"DOGE","2021-05-24",0.37148511
"DOGE","2021-05-25",0.38001017
"DOGE","2021-05-26",0.36591973
"DOGE","2021-05-27",0.35346291
"DOGE","2021-05-28",0.34787881
"DOGE","2021-05-29",0.31791850
"DOGE","2021-05-30",0.31032434
"DOGE","2021-05-31",0.32916285
"DOGE","2021-06-01",0.38307865
"DOGE","2021-06-02",0.44459000
"DOGE","2021-06-03",0.44076295
"DOGE","2021-06-04",0.40098194
"DOGE","2021-06-05",0.39388581
"DOGE","2021-06-06",0.37679823
"DOGE","2021-06-07",0.37967759
"DOGE","2021-06-08",0.34143501
"DOGE","2021-06-09",0.35376200
"DOGE","2021-06-10",0.34452856
"DOGE","2021-06-11",0.33322266
"DOGE","2021-06-12",0.31933176
"DOGE","2021-06-13",0.33002575
"DOGE","2021-06-14",0.33692666
"DOGE","2021-06-15",0.33049503
"DOGE","2021-06-16",0.32139252
"DOGE","2021-06-17",0.31401057
"DOGE","2021-06-18",0.30775155
"DOGE","2021-06-19",0.29780315
"DOGE","2021-06-20",0.28972659
"DOGE","2021-06-21",0.28088891
"DOGE","2021-06-22",0.21612161
"DOGE","2021-06-23",0.24711037
"DOGE","2021-06-24",0.26868954
"DOGE","2021-06-25",0.28914532
"DOGE","2021-06-26",0.25512667
"DOGE","2021-06-27",0.26689135
"DOGE","2021-06-28",0.26698212
"DOGE","2021-06-29",0.27493964
"DOGE","2021-06-30",0.26353780
"DOGE","2021-07-01",0.26009185
"DOGE","2021-07-02",0.24799679
"DOGE","2021-07-03",0.25021383
"DOGE","2021-07-04",0.25256665
"DOGE","2021-07-05",0.24641907
"DOGE","2021-07-06",0.24190981
