"symbol","date","close"
"DOGE","2016-01-01",0.00015439
"DOGE","2016-01-02",0.00015074
"DOGE","2016-01-03",0.00014576
"DOGE","2016-01-04",0.00014364
"DOGE","2016-01-05",0.00013711
"DOGE","2016-01-06",0.00013454
"DOGE","2016-01-07",0.00013926
"DOGE","2016-01-08",0.00015829
"DOGE","2016-01-09",0.00017981
"DOGE","2016-01-10",0.00016679
"DOGE","2016-01-11",0.00017069
"DOGE","2016-01-12",0.00017977
"DOGE","2016-01-13",0.00017709
"DOGE","2016-01-14",0.00017484
"DOGE","2016-01-15",0.00014914
"DOGE","2016-01-16",0.00015503
"DOGE","2016-01-17",0.00015215
"DOGE","2016-01-18",0.00015117
"DOGE","2016-01-19",0.00014810
"DOGE","2016-01-20",0.00016804
"DOGE","2016-01-21",0.00016325
"DOGE","2016-01-22",0.00016825
"DOGE","2016-01-23",0.00017233
"DOGE","2016-01-24",0.00019319
"DOGE","2016-01-25",0.00021172
"DOGE","2016-01-26",0.00035627
"DOGE","2016-01-27",0.00045508
"DOGE","2016-01-28",0.00034414
"DOGE","2016-01-29",0.00031640
"DOGE","2016-01-30",0.00025799
"DOGE","2016-01-31",0.00027703
"DOGE","2016-02-01",0.00027023
"DOGE","2016-02-02",0.00026229
"DOGE","2016-02-03",0.00026509
"DOGE","2016-02-04",0.00028701
"DOGE","2016-02-05",0.00030550
"DOGE","2016-02-06",0.00030613
"DOGE","2016-02-07",0.00028506
"DOGE","2016-02-08",0.00028690
"DOGE","2016-02-09",0.00029188
"DOGE","2016-02-10",0.00029808
"DOGE","2016-02-11",0.00028979
"DOGE","2016-02-12",0.00030069
"DOGE","2016-02-13",0.00029500
"DOGE","2016-02-14",0.00030100
"DOGE","2016-02-15",0.00029813
"DOGE","2016-02-16",0.00029161
"DOGE","2016-02-17",0.00027848
"DOGE","2016-02-18",0.00027782
"DOGE","2016-02-19",0.00029683
"DOGE","2016-02-20",0.00029106
"DOGE","2016-02-21",0.00028550
"DOGE","2016-02-22",0.00028267
"DOGE","2016-02-23",0.00027981
"DOGE","2016-02-24",0.00027756
"DOGE","2016-02-25",0.00026938
"DOGE","2016-02-26",0.00025928
"DOGE","2016-02-27",0.00025493
"DOGE","2016-02-28",0.00025441
"DOGE","2016-02-29",0.00024972
"DOGE","2016-03-01",0.00024872
"DOGE","2016-03-02",0.00024404
"DOGE","2016-03-03",0.00024498
"DOGE","2016-03-04",0.00023849
"DOGE","2016-03-05",0.00022359
"DOGE","2016-03-06",0.00022112
"DOGE","2016-03-07",0.00023273
"DOGE","2016-03-08",0.00021975
"DOGE","2016-03-09",0.00023000
"DOGE","2016-03-10",0.00024070
"DOGE","2016-03-11",0.00024101
"DOGE","2016-03-12",0.00023662
"DOGE","2016-03-13",0.00024465
"DOGE","2016-03-14",0.00023826
"DOGE","2016-03-15",0.00023146
"DOGE","2016-03-16",0.00023054
"DOGE","2016-03-17",0.00022273
"DOGE","2016-03-18",0.00020946
"DOGE","2016-03-19",0.00021982
"DOGE","2016-03-20",0.00021402
"DOGE","2016-03-21",0.00021212
"DOGE","2016-03-22",0.00021683
"DOGE","2016-03-23",0.00021182
"DOGE","2016-03-24",0.00021320
"DOGE","2016-03-25",0.00021446
"DOGE","2016-03-26",0.00021254
"DOGE","2016-03-27",0.00021588
"DOGE","2016-03-28",0.00021532
"DOGE","2016-03-29",0.00025435
"DOGE","2016-03-30",0.00023393
"DOGE","2016-03-31",0.00023292
"DOGE","2016-04-01",0.00022419
"DOGE","2016-04-02",0.00022588
"DOGE","2016-04-03",0.00022120
"DOGE","2016-04-04",0.00021961
"DOGE","2016-04-05",0.00021374
"DOGE","2016-04-06",0.00021647
"DOGE","2016-04-07",0.00021169
"DOGE","2016-04-08",0.00021098
"DOGE","2016-04-09",0.00020770
"DOGE","2016-04-10",0.00020420
"DOGE","2016-04-11",0.00021430
"DOGE","2016-04-12",0.00022927
"DOGE","2016-04-13",0.00023448
"DOGE","2016-04-14",0.00023015
"DOGE","2016-04-15",0.00023259
"DOGE","2016-04-16",0.00023017
"DOGE","2016-04-17",0.00022647
"DOGE","2016-04-18",0.00022459
"DOGE","2016-04-19",0.00022162
"DOGE","2016-04-20",0.00022615
"DOGE","2016-04-21",0.00022644
"DOGE","2016-04-22",0.00022368
"DOGE","2016-04-23",0.00022359
"DOGE","2016-04-24",0.00022667
"DOGE","2016-04-25",0.00022737
"DOGE","2016-04-26",0.00023002
"DOGE","2016-04-27",0.00022370
"DOGE","2016-04-28",0.00022753
"DOGE","2016-04-29",0.00022627
"DOGE","2016-04-30",0.00022553
"DOGE","2016-05-01",0.00022610
"DOGE","2016-05-02",0.00022898
"DOGE","2016-05-03",0.00022759
"DOGE","2016-05-04",0.00022517
"DOGE","2016-05-05",0.00022110
"DOGE","2016-05-06",0.00022459
"DOGE","2016-05-07",0.00022277
"DOGE","2016-05-08",0.00022231
"DOGE","2016-05-09",0.00022357
"DOGE","2016-05-10",0.00021987
"DOGE","2016-05-11",0.00022408
"DOGE","2016-05-12",0.00023539
"DOGE","2016-05-13",0.00023589
"DOGE","2016-05-14",0.00023143
"DOGE","2016-05-15",0.00023091
"DOGE","2016-05-16",0.00022901
"DOGE","2016-05-17",0.00022609
"DOGE","2016-05-18",0.00022797
"DOGE","2016-05-19",0.00022514
"DOGE","2016-05-20",0.00022786
"DOGE","2016-05-21",0.00022643
"DOGE","2016-05-22",0.00022434
"DOGE","2016-05-23",0.00022513
"DOGE","2016-05-24",0.00022425
"DOGE","2016-05-25",0.00022429
"DOGE","2016-05-26",0.00022813
"DOGE","2016-05-27",0.00022974
"DOGE","2016-05-28",0.00023680
"DOGE","2016-05-29",0.00023791
"DOGE","2016-05-30",0.00023842
"DOGE","2016-05-31",0.00023128
"DOGE","2016-06-01",0.00023358
"DOGE","2016-06-02",0.00023046
"DOGE","2016-06-03",0.00023795
"DOGE","2016-06-04",0.00023655
"DOGE","2016-06-05",0.00023661
"DOGE","2016-06-06",0.00023553
"DOGE","2016-06-07",0.00023954
"DOGE","2016-06-08",0.00024565
"DOGE","2016-06-09",0.00026529
"DOGE","2016-06-10",0.00026046
"DOGE","2016-06-11",0.00025274
"DOGE","2016-06-12",0.00027021
"DOGE","2016-06-13",0.00029784
"DOGE","2016-06-14",0.00031972
"DOGE","2016-06-15",0.00031260
"DOGE","2016-06-16",0.00033466
"DOGE","2016-06-17",0.00032117
"DOGE","2016-06-18",0.00032437
"DOGE","2016-06-19",0.00033807
"DOGE","2016-06-20",0.00032323
"DOGE","2016-06-21",0.00030725
"DOGE","2016-06-22",0.00026573
"DOGE","2016-06-23",0.00027993
"DOGE","2016-06-24",0.00028137
"DOGE","2016-06-25",0.00028365
"DOGE","2016-06-26",0.00028489
"DOGE","2016-06-27",0.00028807
"DOGE","2016-06-28",0.00030131
"DOGE","2016-06-29",0.00029586
"DOGE","2016-06-30",0.00030428
"DOGE","2016-07-01",0.00030205
"DOGE","2016-07-02",0.00030627
"DOGE","2016-07-03",0.00028222
"DOGE","2016-07-04",0.00028935
"DOGE","2016-07-05",0.00028737
"DOGE","2016-07-06",0.00028373
"DOGE","2016-07-07",0.00027459
"DOGE","2016-07-08",0.00027745
"DOGE","2016-07-09",0.00027032
"DOGE","2016-07-10",0.00027213
"DOGE","2016-07-11",0.00026685
"DOGE","2016-07-12",0.00026549
"DOGE","2016-07-13",0.00026252
"DOGE","2016-07-14",0.00026208
"DOGE","2016-07-15",0.00026406
"DOGE","2016-07-16",0.00026209
"DOGE","2016-07-17",0.00026306
"DOGE","2016-07-18",0.00025235
"DOGE","2016-07-19",0.00024512
"DOGE","2016-07-20",0.00024351
"DOGE","2016-07-21",0.00023746
"DOGE","2016-07-22",0.00023719
"DOGE","2016-07-23",0.00025065
"DOGE","2016-07-24",0.00024899
"DOGE","2016-07-25",0.00024544
"DOGE","2016-07-26",0.00023975
"DOGE","2016-07-27",0.00023696
"DOGE","2016-07-28",0.00023800
"DOGE","2016-07-29",0.00023752
"DOGE","2016-07-30",0.00023860
"DOGE","2016-07-31",0.00023046
"DOGE","2016-08-01",0.00022301
"DOGE","2016-08-02",0.00020566
"DOGE","2016-08-03",0.00021407
"DOGE","2016-08-04",0.00021462
"DOGE","2016-08-05",0.00021778
"DOGE","2016-08-06",0.00023132
"DOGE","2016-08-07",0.00026368
"DOGE","2016-08-08",0.00023683
"DOGE","2016-08-09",0.00023653
"DOGE","2016-08-10",0.00023869
"DOGE","2016-08-11",0.00023497
"DOGE","2016-08-12",0.00023910
"DOGE","2016-08-13",0.00023876
"DOGE","2016-08-14",0.00024480
"DOGE","2016-08-15",0.00023837
"DOGE","2016-08-16",0.00025842
"DOGE","2016-08-17",0.00024697
"DOGE","2016-08-18",0.00024715
"DOGE","2016-08-19",0.00023269
"DOGE","2016-08-20",0.00023818
"DOGE","2016-08-21",0.00023156
"DOGE","2016-08-22",0.00022902
"DOGE","2016-08-23",0.00022731
"DOGE","2016-08-24",0.00023097
"DOGE","2016-08-25",0.00022943
"DOGE","2016-08-26",0.00023118
"DOGE","2016-08-27",0.00022413
"DOGE","2016-08-28",0.00022929
"DOGE","2016-08-29",0.00022537
"DOGE","2016-08-30",0.00023326
"DOGE","2016-08-31",0.00023506
"DOGE","2016-09-01",0.00023194
"DOGE","2016-09-02",0.00023496
"DOGE","2016-09-03",0.00023636
"DOGE","2016-09-04",0.00023540
"DOGE","2016-09-05",0.00023625
"DOGE","2016-09-06",0.00024082
"DOGE","2016-09-07",0.00024202
"DOGE","2016-09-08",0.00022799
"DOGE","2016-09-09",0.00023038
"DOGE","2016-09-10",0.00022744
"DOGE","2016-09-11",0.00022627
"DOGE","2016-09-12",0.00022613
"DOGE","2016-09-13",0.00022525
"DOGE","2016-09-14",0.00022551
"DOGE","2016-09-15",0.00023319
"DOGE","2016-09-16",0.00025048
"DOGE","2016-09-17",0.00023640
"DOGE","2016-09-18",0.00024002
"DOGE","2016-09-19",0.00023551
"DOGE","2016-09-20",0.00023217
"DOGE","2016-09-21",0.00023132
"DOGE","2016-09-22",0.00022751
"DOGE","2016-09-23",0.00022435
"DOGE","2016-09-24",0.00022627
"DOGE","2016-09-25",0.00022459
"DOGE","2016-09-26",0.00022919
"DOGE","2016-09-27",0.00022752
"DOGE","2016-09-28",0.00022864
"DOGE","2016-09-29",0.00023055
"DOGE","2016-09-30",0.00023494
"DOGE","2016-10-01",0.00023301
"DOGE","2016-10-02",0.00023026
"DOGE","2016-10-03",0.00023363
"DOGE","2016-10-04",0.00022919
"DOGE","2016-10-05",0.00023306
"DOGE","2016-10-06",0.00022319
"DOGE","2016-10-07",0.00022756
"DOGE","2016-10-08",0.00022543
"DOGE","2016-10-09",0.00022800
"DOGE","2016-10-10",0.00022771
"DOGE","2016-10-11",0.00023016
"DOGE","2016-10-12",0.00022523
"DOGE","2016-10-13",0.00022674
"DOGE","2016-10-14",0.00022661
"DOGE","2016-10-15",0.00022441
"DOGE","2016-10-16",0.00022265
"DOGE","2016-10-17",0.00022088
"DOGE","2016-10-18",0.00022103
"DOGE","2016-10-19",0.00021859
"DOGE","2016-10-20",0.00022106
"DOGE","2016-10-21",0.00021836
"DOGE","2016-10-22",0.00022324
"DOGE","2016-10-23",0.00022137
"DOGE","2016-10-24",0.00021891
"DOGE","2016-10-25",0.00021933
"DOGE","2016-10-26",0.00021609
"DOGE","2016-10-27",0.00021706
"DOGE","2016-10-28",0.00021613
"DOGE","2016-10-29",0.00022292
"DOGE","2016-10-30",0.00022349
"DOGE","2016-10-31",0.00022026
"DOGE","2016-11-01",0.00022099
"DOGE","2016-11-02",0.00022011
"DOGE","2016-11-03",0.00021718
"DOGE","2016-11-04",0.00021946
"DOGE","2016-11-05",0.00022224
"DOGE","2016-11-06",0.00022133
"DOGE","2016-11-07",0.00023901
"DOGE","2016-11-08",0.00022934
"DOGE","2016-11-09",0.00022924
"DOGE","2016-11-10",0.00022818
"DOGE","2016-11-11",0.00022680
"DOGE","2016-11-12",0.00022025
"DOGE","2016-11-13",0.00022547
"DOGE","2016-11-14",0.00022317
"DOGE","2016-11-15",0.00022179
"DOGE","2016-11-16",0.00022105
"DOGE","2016-11-17",0.00022373
"DOGE","2016-11-18",0.00021772
"DOGE","2016-11-19",0.00022025
"DOGE","2016-11-20",0.00021870
"DOGE","2016-11-21",0.00022213
"DOGE","2016-11-22",0.00022421
"DOGE","2016-11-23",0.00021852
"DOGE","2016-11-24",0.00021809
"DOGE","2016-11-25",0.00022045
"DOGE","2016-11-26",0.00021878
"DOGE","2016-11-27",0.00021746
"DOGE","2016-11-28",0.00021779
"DOGE","2016-11-29",0.00021663
"DOGE","2016-11-30",0.00021420
"DOGE","2016-12-01",0.00021437
"DOGE","2016-12-02",0.00021611
"DOGE","2016-12-03",0.00021678
"DOGE","2016-12-04",0.00021663
"DOGE","2016-12-05",0.00021479
"DOGE","2016-12-06",0.00021231
"DOGE","2016-12-07",0.00021396
"DOGE","2016-12-08",0.00021457
"DOGE","2016-12-09",0.00021247
"DOGE","2016-12-10",0.00021471
"DOGE","2016-12-11",0.00022343
"DOGE","2016-12-12",0.00022215
"DOGE","2016-12-13",0.00021553
"DOGE","2016-12-14",0.00021715
"DOGE","2016-12-15",0.00021517
"DOGE","2016-12-16",0.00021689
"DOGE","2016-12-17",0.00021870
"DOGE","2016-12-18",0.00021827
"DOGE","2016-12-19",0.00021806
"DOGE","2016-12-20",0.00021922
"DOGE","2016-12-21",0.00022701
"DOGE","2016-12-22",0.00022524
"DOGE","2016-12-23",0.00023648
"DOGE","2016-12-24",0.00023389
"DOGE","2016-12-25",0.00022996
"DOGE","2016-12-26",0.00023304
"DOGE","2016-12-27",0.00022723
"DOGE","2016-12-28",0.00022330
"DOGE","2016-12-29",0.00022848
"DOGE","2016-12-30",0.00022756
"DOGE","2016-12-31",0.00022347
"DOGE","2017-01-01",0.00022783
"DOGE","2017-01-02",0.00022633
"DOGE","2017-01-03",0.00022710
"DOGE","2017-01-04",0.00023614
"DOGE","2017-01-05",0.00022867
"DOGE","2017-01-06",0.00021953
"DOGE","2017-01-07",0.00022073
"DOGE","2017-01-08",0.00022102
"DOGE","2017-01-09",0.00022902
"DOGE","2017-01-10",0.00022625
"DOGE","2017-01-11",0.00020530
"DOGE","2017-01-12",0.00020838
"DOGE","2017-01-13",0.00020886
"DOGE","2017-01-14",0.00020875
"DOGE","2017-01-15",0.00020611
"DOGE","2017-01-16",0.00020719
"DOGE","2017-01-17",0.00021537
"DOGE","2017-01-18",0.00020780
"DOGE","2017-01-19",0.00021060
"DOGE","2017-01-20",0.00020853
"DOGE","2017-01-21",0.00020830
"DOGE","2017-01-22",0.00020738
"DOGE","2017-01-23",0.00020813
"DOGE","2017-01-24",0.00020226
"DOGE","2017-01-25",0.00020374
"DOGE","2017-01-26",0.00020805
"DOGE","2017-01-27",0.00020432
"DOGE","2017-01-28",0.00020900
"DOGE","2017-01-29",0.00020425
"DOGE","2017-01-30",0.00020792
"DOGE","2017-01-31",0.00020567
"DOGE","2017-02-01",0.00020939
"DOGE","2017-02-02",0.00021141
"DOGE","2017-02-03",0.00021309
"DOGE","2017-02-04",0.00021140
"DOGE","2017-02-05",0.00021091
"DOGE","2017-02-06",0.00021402
"DOGE","2017-02-07",0.00020805
"DOGE","2017-02-08",0.00021065
"DOGE","2017-02-09",0.00020439
"DOGE","2017-02-10",0.00020757
"DOGE","2017-02-11",0.00020977
"DOGE","2017-02-12",0.00020825
"DOGE","2017-02-13",0.00020782
"DOGE","2017-02-14",0.00020863
"DOGE","2017-02-15",0.00020907
"DOGE","2017-02-16",0.00020749
"DOGE","2017-02-17",0.00020868
"DOGE","2017-02-18",0.00019671
"DOGE","2017-02-19",0.00020764
"DOGE","2017-02-20",0.00020682
"DOGE","2017-02-21",0.00020843
"DOGE","2017-02-22",0.00020166
"DOGE","2017-02-23",0.00020757
"DOGE","2017-02-24",0.00020777
"DOGE","2017-02-25",0.00020043
"DOGE","2017-02-26",0.00020308
"DOGE","2017-02-27",0.00020838
"DOGE","2017-02-28",0.00020498
"DOGE","2017-03-01",0.00020278
"DOGE","2017-03-02",0.00020550
"DOGE","2017-03-03",0.00021072
"DOGE","2017-03-04",0.00020451
"DOGE","2017-03-05",0.00020613
"DOGE","2017-03-06",0.00020980
"DOGE","2017-03-07",0.00020864
"DOGE","2017-03-08",0.00020795
"DOGE","2017-03-09",0.00021091
"DOGE","2017-03-10",0.00020393
"DOGE","2017-03-11",0.00021129
"DOGE","2017-03-12",0.00022937
"DOGE","2017-03-13",0.00024699
"DOGE","2017-03-14",0.00023792
"DOGE","2017-03-15",0.00024290
"DOGE","2017-03-16",0.00023493
"DOGE","2017-03-17",0.00022322
"DOGE","2017-03-18",0.00021856
"DOGE","2017-03-19",0.00023508
"DOGE","2017-03-20",0.00023631
"DOGE","2017-03-21",0.00024568
"DOGE","2017-03-22",0.00024343
"DOGE","2017-03-23",0.00024212
"DOGE","2017-03-24",0.00026449
"DOGE","2017-03-25",0.00029755
"DOGE","2017-03-26",0.00027211
"DOGE","2017-03-27",0.00025421
"DOGE","2017-03-28",0.00027314
"DOGE","2017-03-29",0.00027214
"DOGE","2017-03-30",0.00030372
"DOGE","2017-03-31",0.00032812
"DOGE","2017-04-01",0.00033518
"DOGE","2017-04-02",0.00048933
"DOGE","2017-04-03",0.00042710
"DOGE","2017-04-04",0.00043203
"DOGE","2017-04-05",0.00044155
"DOGE","2017-04-06",0.00044984
"DOGE","2017-04-07",0.00039838
"DOGE","2017-04-08",0.00043207
"DOGE","2017-04-09",0.00038058
"DOGE","2017-04-10",0.00039961
"DOGE","2017-04-11",0.00039023
"DOGE","2017-04-12",0.00041413
"DOGE","2017-04-13",0.00042452
"DOGE","2017-04-14",0.00042640
"DOGE","2017-04-15",0.00041824
"DOGE","2017-04-16",0.00045351
"DOGE","2017-04-17",0.00045916
"DOGE","2017-04-18",0.00045932
"DOGE","2017-04-19",0.00044759
"DOGE","2017-04-20",0.00044301
"DOGE","2017-04-21",0.00045149
"DOGE","2017-04-22",0.00046364
"DOGE","2017-04-23",0.00052185
"DOGE","2017-04-24",0.00051489
"DOGE","2017-04-25",0.00052724
"DOGE","2017-04-26",0.00054376
"DOGE","2017-04-27",0.00063194
"DOGE","2017-04-28",0.00067800
"DOGE","2017-04-29",0.00073372
"DOGE","2017-04-30",0.00074631
"DOGE","2017-05-01",0.00068621
"DOGE","2017-05-02",0.00061046
"DOGE","2017-05-03",0.00067831
"DOGE","2017-05-04",0.00074432
"DOGE","2017-05-05",0.00083967
"DOGE","2017-05-06",0.00116940
"DOGE","2017-05-07",0.00130453
"DOGE","2017-05-08",0.00152059
"DOGE","2017-05-09",0.00123879
"DOGE","2017-05-10",0.00123893
"DOGE","2017-05-11",0.00121224
"DOGE","2017-05-12",0.00118332
"DOGE","2017-05-13",0.00118354
"DOGE","2017-05-14",0.00127381
"DOGE","2017-05-15",0.00112801
"DOGE","2017-05-16",0.00105947
"DOGE","2017-05-17",0.00131843
"DOGE","2017-05-18",0.00150837
"DOGE","2017-05-19",0.00151757
"DOGE","2017-05-20",0.00189979
"DOGE","2017-05-21",0.00306166
"DOGE","2017-05-22",0.00340510
"DOGE","2017-05-23",0.00356202
"DOGE","2017-05-24",0.00365906
"DOGE","2017-05-25",0.00299396
"DOGE","2017-05-26",0.00242357
"DOGE","2017-05-27",0.00254114
"DOGE","2017-05-28",0.00257920
"DOGE","2017-05-29",0.00273228
"DOGE","2017-05-30",0.00262329
"DOGE","2017-05-31",0.00265701
"DOGE","2017-06-01",0.00286663
"DOGE","2017-06-02",0.00302616
"DOGE","2017-06-03",0.00325116
"DOGE","2017-06-04",0.00317889
"DOGE","2017-06-05",0.00387282
"DOGE","2017-06-06",0.00374085
"DOGE","2017-06-07",0.00330153
"DOGE","2017-06-08",0.00357450
"DOGE","2017-06-09",0.00345254
"DOGE","2017-06-10",0.00331292
"DOGE","2017-06-11",0.00360125
"DOGE","2017-06-12",0.00325288
"DOGE","2017-06-13",0.00331295
"DOGE","2017-06-14",0.00309163
"DOGE","2017-06-15",0.00304276
"DOGE","2017-06-16",0.00316275
"DOGE","2017-06-17",0.00332246
"DOGE","2017-06-18",0.00322982
"DOGE","2017-06-19",0.00314105
"DOGE","2017-06-20",0.00321813
"DOGE","2017-06-21",0.00312464
"DOGE","2017-06-22",0.00310377
"DOGE","2017-06-23",0.00314277
"DOGE","2017-06-24",0.00313528
"DOGE","2017-06-25",0.00296096
"DOGE","2017-06-26",0.00275014
"DOGE","2017-06-27",0.00262260
"DOGE","2017-06-28",0.00279303
"DOGE","2017-06-29",0.00265579
"DOGE","2017-06-30",0.00260168
"DOGE","2017-07-01",0.00264488
"DOGE","2017-07-02",0.00248057
"DOGE","2017-07-03",0.00253279
"DOGE","2017-07-04",0.00251822
"DOGE","2017-07-05",0.00271350
"DOGE","2017-07-06",0.00263617
"DOGE","2017-07-07",0.00239723
"DOGE","2017-07-08",0.00244039
"DOGE","2017-07-09",0.00233016
"DOGE","2017-07-10",0.00195244
"DOGE","2017-07-11",0.00177886
"DOGE","2017-07-12",0.00193810
"DOGE","2017-07-13",0.00182277
"DOGE","2017-07-14",0.00168127
"DOGE","2017-07-15",0.00148381
"DOGE","2017-07-16",0.00130721
"DOGE","2017-07-17",0.00151970
"DOGE","2017-07-18",0.00186367
"DOGE","2017-07-19",0.00168884
"DOGE","2017-07-20",0.00193452
"DOGE","2017-07-21",0.00193628
"DOGE","2017-07-22",0.00209465
"DOGE","2017-07-23",0.00197241
"DOGE","2017-07-24",0.00197971
"DOGE","2017-07-25",0.00177338
"DOGE","2017-07-26",0.00181014
"DOGE","2017-07-27",0.00185596
"DOGE","2017-07-28",0.00178190
"DOGE","2017-07-29",0.00176831
"DOGE","2017-07-30",0.00171900
"DOGE","2017-07-31",0.00171840
"DOGE","2017-08-01",0.00179199
"DOGE","2017-08-02",0.00178833
"DOGE","2017-08-03",0.00179510
"DOGE","2017-08-04",0.00182037
"DOGE","2017-08-05",0.00208731
"DOGE","2017-08-06",0.00190935
"DOGE","2017-08-07",0.00194902
"DOGE","2017-08-08",0.00196110
"DOGE","2017-08-09",0.00193684
"DOGE","2017-08-10",0.00189581
"DOGE","2017-08-11",0.00188013
"DOGE","2017-08-12",0.00185561
"DOGE","2017-08-13",0.00180735
"DOGE","2017-08-14",0.00176245
"DOGE","2017-08-15",0.00173797
"DOGE","2017-08-16",0.00177439
"DOGE","2017-08-17",0.00171030
"DOGE","2017-08-18",0.00167807
"DOGE","2017-08-19",0.00167808
"DOGE","2017-08-20",0.00170717
"DOGE","2017-08-21",0.00171183
"DOGE","2017-08-22",0.00171605
"DOGE","2017-08-23",0.00173174
"DOGE","2017-08-24",0.00181637
"DOGE","2017-08-25",0.00178962
"DOGE","2017-08-26",0.00177784
"DOGE","2017-08-27",0.00175950
"DOGE","2017-08-28",0.00182468
"DOGE","2017-08-29",0.00186691
"DOGE","2017-08-30",0.00210522
"DOGE","2017-08-31",0.00206352
"DOGE","2017-09-01",0.00254337
"DOGE","2017-09-02",0.00222595
"DOGE","2017-09-03",0.00215254
"DOGE","2017-09-04",0.00178611
"DOGE","2017-09-05",0.00190754
"DOGE","2017-09-06",0.00201855
"DOGE","2017-09-07",0.00192750
"DOGE","2017-09-08",0.00159584
"DOGE","2017-09-09",0.00156777
"DOGE","2017-09-10",0.00139481
"DOGE","2017-09-11",0.00146318
"DOGE","2017-09-12",0.00143977
"DOGE","2017-09-13",0.00139819
"DOGE","2017-09-14",0.00085391
"DOGE","2017-09-15",0.00086537
"DOGE","2017-09-16",0.00086683
"DOGE","2017-09-17",0.00085279
"DOGE","2017-09-18",0.00094744
"DOGE","2017-09-19",0.00089038
"DOGE","2017-09-20",0.00086241
"DOGE","2017-09-21",0.00075516
"DOGE","2017-09-22",0.00077204
"DOGE","2017-09-23",0.00095392
"DOGE","2017-09-24",0.00089153
"DOGE","2017-09-25",0.00114061
"DOGE","2017-09-26",0.00115111
"DOGE","2017-09-27",0.00117286
"DOGE","2017-09-28",0.00107998
"DOGE","2017-09-29",0.00108230
"DOGE","2017-09-30",0.00114524
"DOGE","2017-10-01",0.00108362
"DOGE","2017-10-02",0.00108536
"DOGE","2017-10-03",0.00110839
"DOGE","2017-10-04",0.00102438
"DOGE","2017-10-05",0.00100133
"DOGE","2017-10-06",0.00105603
"DOGE","2017-10-07",0.00106610
"DOGE","2017-10-08",0.00105591
"DOGE","2017-10-09",0.00099072
"DOGE","2017-10-10",0.00103568
"DOGE","2017-10-11",0.00104613
"DOGE","2017-10-12",0.00106201
"DOGE","2017-10-13",0.00106580
"DOGE","2017-10-14",0.00110977
"DOGE","2017-10-15",0.00110624
"DOGE","2017-10-16",0.00116410
"DOGE","2017-10-17",0.00106735
"DOGE","2017-10-18",0.00104742
"DOGE","2017-10-19",0.00106352
"DOGE","2017-10-20",0.00105019
"DOGE","2017-10-21",0.00100678
"DOGE","2017-10-22",0.00102286
"DOGE","2017-10-23",0.00101556
"DOGE","2017-10-24",0.00109229
"DOGE","2017-10-25",0.00105571
"DOGE","2017-10-26",0.00105139
"DOGE","2017-10-27",0.00105226
"DOGE","2017-10-28",0.00103718
"DOGE","2017-10-29",0.00117317
"DOGE","2017-10-30",0.00115074
"DOGE","2017-10-31",0.00112424
"DOGE","2017-11-01",0.00113767
"DOGE","2017-11-02",0.00115138
"DOGE","2017-11-03",0.00112086
"DOGE","2017-11-04",0.00118873
"DOGE","2017-11-05",0.00118238
"DOGE","2017-11-06",0.00115360
"DOGE","2017-11-07",0.00117737
"DOGE","2017-11-08",0.00122179
"DOGE","2017-11-09",0.00141503
"DOGE","2017-11-10",0.00116264
"DOGE","2017-11-11",0.00120106
"DOGE","2017-11-12",0.00103801
"DOGE","2017-11-13",0.00121112
"DOGE","2017-11-14",0.00118430
"DOGE","2017-11-15",0.00133873
"DOGE","2017-11-16",0.00139029
"DOGE","2017-11-17",0.00131320
"DOGE","2017-11-18",0.00137289
"DOGE","2017-11-19",0.00137624
"DOGE","2017-11-20",0.00139356
"DOGE","2017-11-21",0.00138909
"DOGE","2017-11-22",0.00182300
"DOGE","2017-11-23",0.00189084
"DOGE","2017-11-24",0.00190814
"DOGE","2017-11-25",0.00207169
"DOGE","2017-11-26",0.00202641
"DOGE","2017-11-27",0.00198799
"DOGE","2017-11-28",0.00236254
"DOGE","2017-11-29",0.00208044
"DOGE","2017-11-30",0.00207915
"DOGE","2017-12-01",0.00214804
"DOGE","2017-12-02",0.00214862
"DOGE","2017-12-03",0.00222306
"DOGE","2017-12-04",0.00246346
"DOGE","2017-12-05",0.00247949
"DOGE","2017-12-06",0.00266259
"DOGE","2017-12-07",0.00272014
"DOGE","2017-12-08",0.00277908
"DOGE","2017-12-09",0.00261688
"DOGE","2017-12-10",0.00254668
"DOGE","2017-12-11",0.00279765
"DOGE","2017-12-12",0.00330390
"DOGE","2017-12-13",0.00346082
"DOGE","2017-12-14",0.00370903
"DOGE","2017-12-15",0.00376193
"DOGE","2017-12-16",0.00593329
"DOGE","2017-12-17",0.00598381
"DOGE","2017-12-18",0.00643268
"DOGE","2017-12-19",0.00566597
"DOGE","2017-12-20",0.00666132
"DOGE","2017-12-21",0.00742457
"DOGE","2017-12-22",0.00605373
"DOGE","2017-12-23",0.00725921
"DOGE","2017-12-24",0.00858241
"DOGE","2017-12-25",0.00893078
"DOGE","2017-12-26",0.00941144
"DOGE","2017-12-27",0.00887206
"DOGE","2017-12-28",0.00848576
"DOGE","2017-12-29",0.00939090
"DOGE","2017-12-30",0.00786045
"DOGE","2017-12-31",0.00897159
"DOGE","2018-01-01",0.00890867
"DOGE","2018-01-02",0.00914509
"DOGE","2018-01-03",0.00931969
"DOGE","2018-01-04",0.00964394
"DOGE","2018-01-05",0.01216710
"DOGE","2018-01-06",0.01486290
"DOGE","2018-01-07",0.01708770
"DOGE","2018-01-08",0.01504500
"DOGE","2018-01-09",0.01342010
"DOGE","2018-01-10",0.01310210
"DOGE","2018-01-11",0.01146930
"DOGE","2018-01-12",0.01305610
"DOGE","2018-01-13",0.01302340
"DOGE","2018-01-14",0.01168450
"DOGE","2018-01-15",0.00985702
"DOGE","2018-01-16",0.00682216
"DOGE","2018-01-17",0.00764791
"DOGE","2018-01-18",0.00796893
"DOGE","2018-01-19",0.00787060
"DOGE","2018-01-20",0.00844760
"DOGE","2018-01-21",0.00713115
"DOGE","2018-01-22",0.00673356
"DOGE","2018-01-23",0.00667335
"DOGE","2018-01-24",0.00708314
"DOGE","2018-01-25",0.00766664
"DOGE","2018-01-26",0.00723671
"DOGE","2018-01-27",0.00737272
"DOGE","2018-01-28",0.00746456
"DOGE","2018-01-29",0.00696695
"DOGE","2018-01-30",0.00602368
"DOGE","2018-01-31",0.00601021
"DOGE","2018-02-01",0.00502915
"DOGE","2018-02-02",0.00447468
"DOGE","2018-02-03",0.00516412
"DOGE","2018-02-04",0.00439900
"DOGE","2018-02-05",0.00353320
"DOGE","2018-02-06",0.00436067
"DOGE","2018-02-07",0.00429693
"DOGE","2018-02-08",0.00456612
"DOGE","2018-02-09",0.00500015
"DOGE","2018-02-10",0.00498946
"DOGE","2018-02-11",0.00495638
"DOGE","2018-02-12",0.00547210
"DOGE","2018-02-13",0.00563752
"DOGE","2018-02-14",0.00673031
"DOGE","2018-02-15",0.00734731
"DOGE","2018-02-16",0.00703369
"DOGE","2018-02-17",0.00704943
"DOGE","2018-02-18",0.00642449
"DOGE","2018-02-19",0.00669667
"DOGE","2018-02-20",0.00709445
"DOGE","2018-02-21",0.00658094
"DOGE","2018-02-22",0.00625877
"DOGE","2018-02-23",0.00664789
"DOGE","2018-02-24",0.00632429
"DOGE","2018-02-25",0.00614236
"DOGE","2018-02-26",0.00633892
"DOGE","2018-02-27",0.00629111
"DOGE","2018-02-28",0.00601827
"DOGE","2018-03-01",0.00621498
"DOGE","2018-03-02",0.00548166
"DOGE","2018-03-03",0.00530079
"DOGE","2018-03-04",0.00550177
"DOGE","2018-03-05",0.00521754
"DOGE","2018-03-06",0.00461020
"DOGE","2018-03-07",0.00402424
"DOGE","2018-03-08",0.00402491
"DOGE","2018-03-09",0.00414573
"DOGE","2018-03-10",0.00397279
"DOGE","2018-03-11",0.00420956
"DOGE","2018-03-12",0.00403156
"DOGE","2018-03-13",0.00396020
"DOGE","2018-03-14",0.00352358
"DOGE","2018-03-15",0.00353589
"DOGE","2018-03-16",0.00351046
"DOGE","2018-03-17",0.00329869
"DOGE","2018-03-18",0.00319022
"DOGE","2018-03-19",0.00344003
"DOGE","2018-03-20",0.00365083
"DOGE","2018-03-21",0.00365858
"DOGE","2018-03-22",0.00352812
"DOGE","2018-03-23",0.00355964
"DOGE","2018-03-24",0.00359024
"DOGE","2018-03-25",0.00350520
"DOGE","2018-03-26",0.00328937
"DOGE","2018-03-27",0.00314489
"DOGE","2018-03-28",0.00314063
"DOGE","2018-03-29",0.00282662
"DOGE","2018-03-30",0.00276308
"DOGE","2018-03-31",0.00281939
"DOGE","2018-04-01",0.00271868
"DOGE","2018-04-02",0.00279722
"DOGE","2018-04-03",0.00297956
"DOGE","2018-04-04",0.00277028
"DOGE","2018-04-05",0.00271357
"DOGE","2018-04-06",0.00267001
"DOGE","2018-04-07",0.00280169
"DOGE","2018-04-08",0.00284274
"DOGE","2018-04-09",0.00276273
"DOGE","2018-04-10",0.00304257
"DOGE","2018-04-11",0.00339641
"DOGE","2018-04-12",0.00379816
"DOGE","2018-04-13",0.00399488
"DOGE","2018-04-14",0.00415049
"DOGE","2018-04-15",0.00457121
"DOGE","2018-04-16",0.00458453
"DOGE","2018-04-17",0.00474354
"DOGE","2018-04-18",0.00541207
"DOGE","2018-04-19",0.00582386
"DOGE","2018-04-20",0.00589264
"DOGE","2018-04-21",0.00541325
"DOGE","2018-04-22",0.00553874
"DOGE","2018-04-23",0.00548175
"DOGE","2018-04-24",0.00580015
"DOGE","2018-04-25",0.00509312
"DOGE","2018-04-26",0.00562661
"DOGE","2018-04-27",0.00542153
"DOGE","2018-04-28",0.00535724
"DOGE","2018-04-29",0.00545907
"DOGE","2018-04-30",0.00521043
"DOGE","2018-05-01",0.00514427
"DOGE","2018-05-02",0.00527289
"DOGE","2018-05-03",0.00564099
"DOGE","2018-05-04",0.00526854
"DOGE","2018-05-05",0.00518045
"DOGE","2018-05-06",0.00496956
"DOGE","2018-05-07",0.00481743
"DOGE","2018-05-08",0.00530308
"DOGE","2018-05-09",0.00509255
"DOGE","2018-05-10",0.00486990
"DOGE","2018-05-11",0.00436158
"DOGE","2018-05-12",0.00447346
"DOGE","2018-05-13",0.00432875
"DOGE","2018-05-14",0.00445996
"DOGE","2018-05-15",0.00451504
"DOGE","2018-05-16",0.00438535
"DOGE","2018-05-17",0.00418828
"DOGE","2018-05-18",0.00401709
"DOGE","2018-05-19",0.00428573
"DOGE","2018-05-20",0.00442274
"DOGE","2018-05-21",0.00427093
"DOGE","2018-05-22",0.00385106
"DOGE","2018-05-23",0.00359065
"DOGE","2018-05-24",0.00349918
"DOGE","2018-05-25",0.00351419
"DOGE","2018-05-26",0.00346258
"DOGE","2018-05-27",0.00342387
"DOGE","2018-05-28",0.00322557
"DOGE","2018-05-29",0.00343657
"DOGE","2018-05-30",0.00335353
"DOGE","2018-05-31",0.00339807
"DOGE","2018-06-01",0.00342321
"DOGE","2018-06-02",0.00355791
"DOGE","2018-06-03",0.00369030
"DOGE","2018-06-04",0.00353221
"DOGE","2018-06-05",0.00365393
"DOGE","2018-06-06",0.00378681
"DOGE","2018-06-07",0.00373180
"DOGE","2018-06-08",0.00365863
"DOGE","2018-06-09",0.00359336
"DOGE","2018-06-10",0.00318239
"DOGE","2018-06-11",0.00323423
"DOGE","2018-06-12",0.00308920
"DOGE","2018-06-13",0.00281681
"DOGE","2018-06-14",0.00294403
"DOGE","2018-06-15",0.00290099
"DOGE","2018-06-16",0.00289480
"DOGE","2018-06-17",0.00287259
"DOGE","2018-06-18",0.00302750
"DOGE","2018-06-19",0.00303335
"DOGE","2018-06-20",0.00302053
"DOGE","2018-06-21",0.00298777
"DOGE","2018-06-22",0.00266752
"DOGE","2018-06-23",0.00264083
"DOGE","2018-06-24",0.00250983
"DOGE","2018-06-25",0.00248536
"DOGE","2018-06-26",0.00247793
"DOGE","2018-06-27",0.00243730
"DOGE","2018-06-28",0.00235693
"DOGE","2018-06-29",0.00242718
"DOGE","2018-06-30",0.00249923
"DOGE","2018-07-01",0.00248919
"DOGE","2018-07-02",0.00270315
"DOGE","2018-07-03",0.00263802
"DOGE","2018-07-04",0.00268017
"DOGE","2018-07-05",0.00259902
"DOGE","2018-07-06",0.00259658
"DOGE","2018-07-07",0.00264463
"DOGE","2018-07-08",0.00261058
"DOGE","2018-07-09",0.00260345
"DOGE","2018-07-10",0.00241148
"DOGE","2018-07-11",0.00242506
"DOGE","2018-07-12",0.00230609
"DOGE","2018-07-13",0.00233250
"DOGE","2018-07-14",0.00236192
"DOGE","2018-07-15",0.00238017
"DOGE","2018-07-16",0.00285449
"DOGE","2018-07-17",0.00322786
"DOGE","2018-07-18",0.00371242
"DOGE","2018-07-19",0.00384387
"DOGE","2018-07-20",0.00341000
"DOGE","2018-07-21",0.00327003
"DOGE","2018-07-22",0.00345813
"DOGE","2018-07-23",0.00343100
"DOGE","2018-07-24",0.00361951
"DOGE","2018-07-25",0.00354272
"DOGE","2018-07-26",0.00339319
"DOGE","2018-07-27",0.00341764
"DOGE","2018-07-28",0.00339993
"DOGE","2018-07-29",0.00330720
"DOGE","2018-07-30",0.00327264
"DOGE","2018-07-31",0.00294472
"DOGE","2018-08-01",0.00315950
"DOGE","2018-08-02",0.00294594
"DOGE","2018-08-03",0.00291776
"DOGE","2018-08-04",0.00274521
"DOGE","2018-08-05",0.00283718
"DOGE","2018-08-06",0.00277911
"DOGE","2018-08-07",0.00267104
"DOGE","2018-08-08",0.00241452
"DOGE","2018-08-09",0.00255543
"DOGE","2018-08-10",0.00239205
"DOGE","2018-08-11",0.00240360
"DOGE","2018-08-12",0.00240418
"DOGE","2018-08-13",0.00233140
"DOGE","2018-08-14",0.00226024
"DOGE","2018-08-15",0.00230330
"DOGE","2018-08-16",0.00229167
"DOGE","2018-08-17",0.00245482
"DOGE","2018-08-18",0.00239422
"DOGE","2018-08-19",0.00247337
"DOGE","2018-08-20",0.00236862
"DOGE","2018-08-21",0.00242446
"DOGE","2018-08-22",0.00231455
"DOGE","2018-08-23",0.00238532
"DOGE","2018-08-24",0.00242611
"DOGE","2018-08-25",0.00237016
"DOGE","2018-08-26",0.00240447
"DOGE","2018-08-27",0.00246184
"DOGE","2018-08-28",0.00260682
"DOGE","2018-08-29",0.00260555
"DOGE","2018-08-30",0.00320647
"DOGE","2018-08-31",0.00479385
"DOGE","2018-09-01",0.00627772
"DOGE","2018-09-02",0.00499909
"DOGE","2018-09-03",0.00526648
"DOGE","2018-09-04",0.00526867
"DOGE","2018-09-05",0.00493072
"DOGE","2018-09-06",0.00500963
"DOGE","2018-09-07",0.00530727
"DOGE","2018-09-08",0.00569173
"DOGE","2018-09-09",0.00582892
"DOGE","2018-09-10",0.00689239
"DOGE","2018-09-11",0.00632889
"DOGE","2018-09-12",0.00645539
"DOGE","2018-09-13",0.00655440
"DOGE","2018-09-14",0.00617982
"DOGE","2018-09-15",0.00616527
"DOGE","2018-09-16",0.00653100
"DOGE","2018-09-17",0.00624270
"DOGE","2018-09-18",0.00598073
"DOGE","2018-09-19",0.00560898
"DOGE","2018-09-20",0.00569495
"DOGE","2018-09-21",0.00568382
"DOGE","2018-09-22",0.00575805
"DOGE","2018-09-23",0.00590092
"DOGE","2018-09-24",0.00567737
"DOGE","2018-09-25",0.00568552
"DOGE","2018-09-26",0.00569460
"DOGE","2018-09-27",0.00587883
"DOGE","2018-09-28",0.00583053
"DOGE","2018-09-29",0.00586455
"DOGE","2018-09-30",0.00590575
"DOGE","2018-10-01",0.00594179
"DOGE","2018-10-02",0.00582375
"DOGE","2018-10-03",0.00570408
"DOGE","2018-10-04",0.00564533
"DOGE","2018-10-05",0.00566891
"DOGE","2018-10-06",0.00554499
"DOGE","2018-10-07",0.00556225
"DOGE","2018-10-08",0.00557827
"DOGE","2018-10-09",0.00563504
"DOGE","2018-10-10",0.00555174
"DOGE","2018-10-11",0.00500047
"DOGE","2018-10-12",0.00524696
"DOGE","2018-10-13",0.00518179
"DOGE","2018-10-14",0.00515825
"DOGE","2018-10-15",0.00521787
"DOGE","2018-10-16",0.00501733
"DOGE","2018-10-17",0.00459894
"DOGE","2018-10-18",0.00438605
"DOGE","2018-10-19",0.00447020
"DOGE","2018-10-20",0.00455143
"DOGE","2018-10-21",0.00451735
"DOGE","2018-10-22",0.00436553
"DOGE","2018-10-23",0.00417165
"DOGE","2018-10-24",0.00391134
"DOGE","2018-10-25",0.00371707
"DOGE","2018-10-26",0.00398446
"DOGE","2018-10-27",0.00419472
"DOGE","2018-10-28",0.00406299
"DOGE","2018-10-29",0.00384740
"DOGE","2018-10-30",0.00385037
"DOGE","2018-10-31",0.00376395
"DOGE","2018-11-01",0.00377677
"DOGE","2018-11-02",0.00377341
"DOGE","2018-11-03",0.00373344
"DOGE","2018-11-04",0.00367579
"DOGE","2018-11-05",0.00362222
"DOGE","2018-11-06",0.00369623
"DOGE","2018-11-07",0.00363745
"DOGE","2018-11-08",0.00338379
"DOGE","2018-11-09",0.00314006
"DOGE","2018-11-10",0.00328455
"DOGE","2018-11-11",0.00316168
"DOGE","2018-11-12",0.00306442
"DOGE","2018-11-13",0.00294538
"DOGE","2018-11-14",0.00269543
"DOGE","2018-11-15",0.00280036
"DOGE","2018-11-16",0.00274601
"DOGE","2018-11-17",0.00259499
"DOGE","2018-11-18",0.00264321
"DOGE","2018-11-19",0.00241767
"DOGE","2018-11-20",0.00225447
"DOGE","2018-11-21",0.00244797
"DOGE","2018-11-22",0.00241199
"DOGE","2018-11-23",0.00236068
"DOGE","2018-11-24",0.00222408
"DOGE","2018-11-25",0.00221991
"DOGE","2018-11-26",0.00209850
"DOGE","2018-11-27",0.00208684
"DOGE","2018-11-28",0.00224621
"DOGE","2018-11-29",0.00224096
"DOGE","2018-11-30",0.00216473
"DOGE","2018-12-01",0.00224997
"DOGE","2018-12-02",0.00224574
"DOGE","2018-12-03",0.00237132
"DOGE","2018-12-04",0.00219583
"DOGE","2018-12-05",0.00218025
"DOGE","2018-12-06",0.00209714
"DOGE","2018-12-07",0.00210404
"DOGE","2018-12-08",0.00212016
"DOGE","2018-12-09",0.00210210
"DOGE","2018-12-10",0.00209997
"DOGE","2018-12-11",0.00208830
"DOGE","2018-12-12",0.00211098
"DOGE","2018-12-13",0.00206528
"DOGE","2018-12-14",0.00207014
"DOGE","2018-12-15",0.00211345
"DOGE","2018-12-16",0.00212541
"DOGE","2018-12-17",0.00253334
"DOGE","2018-12-18",0.00268365
"DOGE","2018-12-19",0.00271962
"DOGE","2018-12-20",0.00273131
"DOGE","2018-12-21",0.00254466
"DOGE","2018-12-22",0.00250202
"DOGE","2018-12-23",0.00254229
"DOGE","2018-12-24",0.00254022
"DOGE","2018-12-25",0.00240413
"DOGE","2018-12-26",0.00247399
"DOGE","2018-12-27",0.00236381
"DOGE","2018-12-28",0.00243405
"DOGE","2018-12-29",0.00240331
"DOGE","2018-12-30",0.00236742
"DOGE","2018-12-31",0.00234553
"DOGE","2019-01-01",0.00239212
"DOGE","2019-01-02",0.00240654
"DOGE","2019-01-03",0.00235958
"DOGE","2019-01-04",0.00231525
"DOGE","2019-01-05",0.00231924
"DOGE","2019-01-06",0.00232797
"DOGE","2019-01-07",0.00228490
"DOGE","2019-01-08",0.00227579
"DOGE","2019-01-09",0.00226599
"DOGE","2019-01-10",0.00213199
"DOGE","2019-01-11",0.00212878
"DOGE","2019-01-12",0.00214828
"DOGE","2019-01-13",0.00209414
"DOGE","2019-01-14",0.00218284
"DOGE","2019-01-15",0.00211051
"DOGE","2019-01-16",0.00213750
"DOGE","2019-01-17",0.00209371
"DOGE","2019-01-18",0.00210624
"DOGE","2019-01-19",0.00215347
"DOGE","2019-01-20",0.00211879
"DOGE","2019-01-21",0.00210068
"DOGE","2019-01-22",0.00205715
"DOGE","2019-01-23",0.00204290
"DOGE","2019-01-24",0.00203900
"DOGE","2019-01-25",0.00211807
"DOGE","2019-01-26",0.00208259
"DOGE","2019-01-27",0.00202747
"DOGE","2019-01-28",0.00194356
"DOGE","2019-01-29",0.00192712
"DOGE","2019-01-30",0.00196119
"DOGE","2019-01-31",0.00192497
"DOGE","2019-02-01",0.00191649
"DOGE","2019-02-02",0.00193576
"DOGE","2019-02-03",0.00190368
"DOGE","2019-02-04",0.00189581
"DOGE","2019-02-05",0.00188769
"DOGE","2019-02-06",0.00186550
"DOGE","2019-02-07",0.00184490
"DOGE","2019-02-08",0.00195633
"DOGE","2019-02-09",0.00194934
"DOGE","2019-02-10",0.00194565
"DOGE","2019-02-11",0.00190551
"DOGE","2019-02-12",0.00189403
"DOGE","2019-02-13",0.00189344
"DOGE","2019-02-14",0.00189679
"DOGE","2019-02-15",0.00190753
"DOGE","2019-02-16",0.00192401
"DOGE","2019-02-17",0.00199244
"DOGE","2019-02-18",0.00211369
"DOGE","2019-02-19",0.00206730
"DOGE","2019-02-20",0.00207896
"DOGE","2019-02-21",0.00202828
"DOGE","2019-02-22",0.00205592
"DOGE","2019-02-23",0.00208346
"DOGE","2019-02-24",0.00197357
"DOGE","2019-02-25",0.00202987
"DOGE","2019-02-26",0.00202279
"DOGE","2019-02-27",0.00201871
"DOGE","2019-02-28",0.00197611
"DOGE","2019-03-01",0.00199449
"DOGE","2019-03-02",0.00200268
"DOGE","2019-03-03",0.00199932
"DOGE","2019-03-04",0.00198225
"DOGE","2019-03-05",0.00198527
"DOGE","2019-03-06",0.00198295
"DOGE","2019-03-07",0.00199089
"DOGE","2019-03-08",0.00198028
"DOGE","2019-03-09",0.00199812
"DOGE","2019-03-10",0.00199897
"DOGE","2019-03-11",0.00196572
"DOGE","2019-03-12",0.00201170
"DOGE","2019-03-13",0.00202513
"DOGE","2019-03-14",0.00203885
"DOGE","2019-03-15",0.00204830
"DOGE","2019-03-16",0.00207749
"DOGE","2019-03-17",0.00208081
"DOGE","2019-03-18",0.00208303
"DOGE","2019-03-19",0.00209107
"DOGE","2019-03-20",0.00206078
"DOGE","2019-03-21",0.00205363
"DOGE","2019-03-22",0.00205230
"DOGE","2019-03-23",0.00206418
"DOGE","2019-03-24",0.00205367
"DOGE","2019-03-25",0.00204339
"DOGE","2019-03-26",0.00205398
"DOGE","2019-03-27",0.00208498
"DOGE","2019-03-28",0.00207367
"DOGE","2019-03-29",0.00208747
"DOGE","2019-03-30",0.00208047
"DOGE","2019-03-31",0.00208047
"DOGE","2019-04-01",0.00246113
"DOGE","2019-04-02",0.00279482
"DOGE","2019-04-03",0.00316435
"DOGE","2019-04-04",0.00369702
"DOGE","2019-04-05",0.00358963
"DOGE","2019-04-06",0.00343900
"DOGE","2019-04-07",0.00341757
"DOGE","2019-04-08",0.00304455
"DOGE","2019-04-09",0.00288392
"DOGE","2019-04-10",0.00302150
"DOGE","2019-04-11",0.00278919
"DOGE","2019-04-12",0.00285556
"DOGE","2019-04-13",0.00287234
"DOGE","2019-04-14",0.00288195
"DOGE","2019-04-15",0.00278993
"DOGE","2019-04-16",0.00283501
"DOGE","2019-04-17",0.00280979
"DOGE","2019-04-18",0.00294579
"DOGE","2019-04-19",0.00289281
"DOGE","2019-04-20",0.00290186
"DOGE","2019-04-21",0.00275958
"DOGE","2019-04-22",0.00279810
"DOGE","2019-04-23",0.00277247
"DOGE","2019-04-24",0.00259910
"DOGE","2019-04-25",0.00250573
"DOGE","2019-04-26",0.00251943
"DOGE","2019-04-27",0.00251616
"DOGE","2019-04-28",0.00253130
"DOGE","2019-04-29",0.00246641
"DOGE","2019-04-30",0.00251273
"DOGE","2019-05-01",0.00252121
"DOGE","2019-05-02",0.00261140
"DOGE","2019-05-03",0.00272073
"DOGE","2019-05-04",0.00267960
"DOGE","2019-05-05",0.00265288
"DOGE","2019-05-06",0.00254212
"DOGE","2019-05-07",0.00253646
"DOGE","2019-05-08",0.00253687
"DOGE","2019-05-09",0.00249969
"DOGE","2019-05-10",0.00252158
"DOGE","2019-05-11",0.00275391
"DOGE","2019-05-12",0.00266532
"DOGE","2019-05-13",0.00275588
"DOGE","2019-05-14",0.00306785
"DOGE","2019-05-15",0.00330801
"DOGE","2019-05-16",0.00316822
"DOGE","2019-05-17",0.00296223
"DOGE","2019-05-18",0.00300543
"DOGE","2019-05-19",0.00317844
"DOGE","2019-05-20",0.00304121
"DOGE","2019-05-21",0.00308642
"DOGE","2019-05-22",0.00293865
"DOGE","2019-05-23",0.00296089
"DOGE","2019-05-24",0.00299459
"DOGE","2019-05-25",0.00299073
"DOGE","2019-05-26",0.00309249
"DOGE","2019-05-27",0.00314094
"DOGE","2019-05-28",0.00314824
"DOGE","2019-05-29",0.00312703
"DOGE","2019-05-30",0.00325831
"DOGE","2019-05-31",0.00344112
"DOGE","2019-06-01",0.00341890
"DOGE","2019-06-02",0.00339762
"DOGE","2019-06-03",0.00319806
"DOGE","2019-06-04",0.00304155
"DOGE","2019-06-05",0.00307036
"DOGE","2019-06-06",0.00308692
"DOGE","2019-06-07",0.00311041
"DOGE","2019-06-08",0.00308402
"DOGE","2019-06-09",0.00301183
"DOGE","2019-06-10",0.00309086
"DOGE","2019-06-11",0.00305773
"DOGE","2019-06-12",0.00306692
"DOGE","2019-06-13",0.00307446
"DOGE","2019-06-14",0.00312433
"DOGE","2019-06-15",0.00315724
"DOGE","2019-06-16",0.00318629
"DOGE","2019-06-17",0.00319031
"DOGE","2019-06-18",0.00312507
"DOGE","2019-06-19",0.00312960
"DOGE","2019-06-20",0.00316055
"DOGE","2019-06-21",0.00322270
"DOGE","2019-06-22",0.00327922
"DOGE","2019-06-23",0.00330447
"DOGE","2019-06-24",0.00336813
"DOGE","2019-06-25",0.00339245
"DOGE","2019-06-26",0.00337924
"DOGE","2019-06-27",0.00332916
"DOGE","2019-06-28",0.00348955
"DOGE","2019-06-29",0.00340500
"DOGE","2019-06-30",0.00325779
"DOGE","2019-07-01",0.00323783
"DOGE","2019-07-02",0.00320360
"DOGE","2019-07-03",0.00331309
"DOGE","2019-07-04",0.00322852
"DOGE","2019-07-05",0.00386660
"DOGE","2019-07-06",0.00354662
"DOGE","2019-07-07",0.00363329
"DOGE","2019-07-08",0.00355873
"DOGE","2019-07-09",0.00354905
"DOGE","2019-07-10",0.00342382
"DOGE","2019-07-11",0.00324282
"DOGE","2019-07-12",0.00334007
"DOGE","2019-07-13",0.00324873
"DOGE","2019-07-14",0.00301401
"DOGE","2019-07-15",0.00309205
"DOGE","2019-07-16",0.00282491
"DOGE","2019-07-17",0.00303022
"DOGE","2019-07-18",0.00312129
"DOGE","2019-07-19",0.00305881
"DOGE","2019-07-20",0.00311803
"DOGE","2019-07-21",0.00307569
"DOGE","2019-07-22",0.00299675
"DOGE","2019-07-23",0.00288032
"DOGE","2019-07-24",0.00291548
"DOGE","2019-07-25",0.00292124
"DOGE","2019-07-26",0.00292068
"DOGE","2019-07-27",0.00282276
"DOGE","2019-07-28",0.00285939
"DOGE","2019-07-29",0.00284024
"DOGE","2019-07-30",0.00281747
"DOGE","2019-07-31",0.00289942
"DOGE","2019-08-01",0.00295739
"DOGE","2019-08-02",0.00290886
"DOGE","2019-08-03",0.00291222
"DOGE","2019-08-04",0.00293848
"DOGE","2019-08-05",0.00308728
"DOGE","2019-08-06",0.00295030
"DOGE","2019-08-07",0.00300593
"DOGE","2019-08-08",0.00292822
"DOGE","2019-08-09",0.00290436
"DOGE","2019-08-10",0.00284232
"DOGE","2019-08-11",0.00289805
"DOGE","2019-08-12",0.00288002
"DOGE","2019-08-13",0.00282482
"DOGE","2019-08-14",0.00272167
"DOGE","2019-08-15",0.00263975
"DOGE","2019-08-16",0.00268061
"DOGE","2019-08-17",0.00264584
"DOGE","2019-08-18",0.00272253
"DOGE","2019-08-19",0.00279721
"DOGE","2019-08-20",0.00276339
"DOGE","2019-08-21",0.00267462
"DOGE","2019-08-22",0.00270026
"DOGE","2019-08-23",0.00271345
"DOGE","2019-08-24",0.00266133
"DOGE","2019-08-25",0.00266214
"DOGE","2019-08-26",0.00267949
"DOGE","2019-08-27",0.00262019
"DOGE","2019-08-28",0.00252366
"DOGE","2019-08-29",0.00244957
"DOGE","2019-08-30",0.00248169
"DOGE","2019-08-31",0.00251136
"DOGE","2019-09-01",0.00249165
"DOGE","2019-09-02",0.00259569
"DOGE","2019-09-03",0.00259530
"DOGE","2019-09-04",0.00268967
"DOGE","2019-09-05",0.00253119
"DOGE","2019-09-06",0.00250940
"DOGE","2019-09-07",0.00251536
"DOGE","2019-09-08",0.00250141
"DOGE","2019-09-09",0.00246120
"DOGE","2019-09-10",0.00243689
"DOGE","2019-09-11",0.00239868
"DOGE","2019-09-12",0.00242502
"DOGE","2019-09-13",0.00242562
"DOGE","2019-09-14",0.00244051
"DOGE","2019-09-15",0.00246042
"DOGE","2019-09-16",0.00245520
"DOGE","2019-09-17",0.00260804
"DOGE","2019-09-18",0.00271855
"DOGE","2019-09-19",0.00270928
"DOGE","2019-09-20",0.00267247
"DOGE","2019-09-21",0.00258605
"DOGE","2019-09-22",0.00259226
"DOGE","2019-09-23",0.00248597
"DOGE","2019-09-24",0.00222752
"DOGE","2019-09-25",0.00219685
"DOGE","2019-09-26",0.00215509
"DOGE","2019-09-27",0.00222060
"DOGE","2019-09-28",0.00223410
"DOGE","2019-09-29",0.00222325
"DOGE","2019-09-30",0.00238732
"DOGE","2019-10-01",0.00238808
"DOGE","2019-10-02",0.00235144
"DOGE","2019-10-03",0.00232466
"DOGE","2019-10-04",0.00235990
"DOGE","2019-10-05",0.00232235
"DOGE","2019-10-06",0.00234642
"DOGE","2019-10-07",0.00239046
"DOGE","2019-10-08",0.00234591
"DOGE","2019-10-09",0.00238787
"DOGE","2019-10-10",0.00233187
"DOGE","2019-10-11",0.00234493
"DOGE","2019-10-12",0.00233994
"DOGE","2019-10-13",0.00244750
"DOGE","2019-10-14",0.00254544
"DOGE","2019-10-15",0.00250957
"DOGE","2019-10-16",0.00260746
"DOGE","2019-10-17",0.00275489
"DOGE","2019-10-18",0.00270600
"DOGE","2019-10-19",0.00274267
"DOGE","2019-10-20",0.00273048
"DOGE","2019-10-21",0.00277429
"DOGE","2019-10-22",0.00256550
"DOGE","2019-10-23",0.00249488
"DOGE","2019-10-24",0.00253834
"DOGE","2019-10-25",0.00268362
"DOGE","2019-10-26",0.00262156
"DOGE","2019-10-27",0.00265381
"DOGE","2019-10-28",0.00264624
"DOGE","2019-10-29",0.00265472
"DOGE","2019-10-30",0.00261642
"DOGE","2019-10-31",0.00261546
"DOGE","2019-11-01",0.00263031
"DOGE","2019-11-02",0.00262702
"DOGE","2019-11-03",0.00263650
"DOGE","2019-11-04",0.00261361
"DOGE","2019-11-05",0.00262372
"DOGE","2019-11-06",0.00262804
"DOGE","2019-11-07",0.00272545
"DOGE","2019-11-08",0.00265291
"DOGE","2019-11-09",0.00271286
"DOGE","2019-11-10",0.00277499
"DOGE","2019-11-11",0.00271483
"DOGE","2019-11-12",0.00272501
"DOGE","2019-11-13",0.00269754
"DOGE","2019-11-14",0.00268024
"DOGE","2019-11-15",0.00265663
"DOGE","2019-11-16",0.00266930
"DOGE","2019-11-17",0.00264794
"DOGE","2019-11-18",0.00257624
"DOGE","2019-11-19",0.00254804
"DOGE","2019-11-20",0.00255633
"DOGE","2019-11-21",0.00242599
"DOGE","2019-11-22",0.00236211
"DOGE","2019-11-23",0.00250464
"DOGE","2019-11-24",0.00236549
"DOGE","2019-11-25",0.00228609
"DOGE","2019-11-26",0.00229116
"DOGE","2019-11-27",0.00233885
"DOGE","2019-11-28",0.00231299
"DOGE","2019-11-29",0.00245618
"DOGE","2019-11-30",0.00231969
"DOGE","2019-12-01",0.00229185
"DOGE","2019-12-02",0.00223486
"DOGE","2019-12-03",0.00221709
"DOGE","2019-12-04",0.00220822
"DOGE","2019-12-05",0.00222296
"DOGE","2019-12-06",0.00222602
"DOGE","2019-12-07",0.00223033
"DOGE","2019-12-08",0.00223770
"DOGE","2019-12-09",0.00220798
"DOGE","2019-12-10",0.00220374
"DOGE","2019-12-11",0.00218464
"DOGE","2019-12-12",0.00218796
"DOGE","2019-12-13",0.00217495
"DOGE","2019-12-14",0.00216969
"DOGE","2019-12-15",0.00215377
"DOGE","2019-12-16",0.00212058
"DOGE","2019-12-17",0.00201773
"DOGE","2019-12-18",0.00218294
"DOGE","2019-12-19",0.00212331
"DOGE","2019-12-20",0.00207471
"DOGE","2019-12-21",0.00208370
"DOGE","2019-12-22",0.00211518
"DOGE","2019-12-23",0.00207284
"DOGE","2019-12-24",0.00207278
"DOGE","2019-12-25",0.00208842
"DOGE","2019-12-26",0.00205763
"DOGE","2019-12-27",0.00205255
"DOGE","2019-12-28",0.00206425
"DOGE","2019-12-29",0.00206824
"DOGE","2019-12-30",0.00205447
"DOGE","2019-12-31",0.00202836
"DOGE","2020-01-01",0.00203261
"DOGE","2020-01-02",0.00200864
"DOGE","2020-01-03",0.00214538
"DOGE","2020-01-04",0.00224114
"DOGE","2020-01-05",0.00241908
"DOGE","2020-01-06",0.00246297
"DOGE","2020-01-07",0.00243276
"DOGE","2020-01-08",0.00229289
"DOGE","2020-01-09",0.00225610
"DOGE","2020-01-10",0.00235572
"DOGE","2020-01-11",0.00231356
"DOGE","2020-01-12",0.00238068
"DOGE","2020-01-13",0.00235775
"DOGE","2020-01-14",0.00247002
"DOGE","2020-01-15",0.00236867
"DOGE","2020-01-16",0.00234484
"DOGE","2020-01-17",0.00248990
"DOGE","2020-01-18",0.00250705
"DOGE","2020-01-19",0.00240504
"DOGE","2020-01-20",0.00237406
"DOGE","2020-01-21",0.00237643
"DOGE","2020-01-22",0.00232345
"DOGE","2020-01-23",0.00226764
"DOGE","2020-01-24",0.00227586
"DOGE","2020-01-25",0.00225734
"DOGE","2020-01-26",0.00230463
"DOGE","2020-01-27",0.00236767
"DOGE","2020-01-28",0.00244957
"DOGE","2020-01-29",0.00238970
"DOGE","2020-01-30",0.00244041
"DOGE","2020-01-31",0.00239357
"DOGE","2020-02-01",0.00242204
"DOGE","2020-02-02",0.00246848
"DOGE","2020-02-03",0.00243985
"DOGE","2020-02-04",0.00250330
"DOGE","2020-02-05",0.00258199
"DOGE","2020-02-06",0.00265309
"DOGE","2020-02-07",0.00276873
"DOGE","2020-02-08",0.00315860
"DOGE","2020-02-09",0.00323226
"DOGE","2020-02-10",0.00298631
"DOGE","2020-02-11",0.00304072
"DOGE","2020-02-12",0.00309277
"DOGE","2020-02-13",0.00302589
"DOGE","2020-02-14",0.00312985
"DOGE","2020-02-15",0.00291957
"DOGE","2020-02-16",0.00277434
"DOGE","2020-02-17",0.00271231
"DOGE","2020-02-18",0.00283930
"DOGE","2020-02-19",0.00262408
"DOGE","2020-02-20",0.00265877
"DOGE","2020-02-21",0.00264828
"DOGE","2020-02-22",0.00260142
"DOGE","2020-02-23",0.00268024
"DOGE","2020-02-24",0.00258958
"DOGE","2020-02-25",0.00247618
"DOGE","2020-02-26",0.00233921
"DOGE","2020-02-27",0.00232382
"DOGE","2020-02-28",0.00228866
"DOGE","2020-02-29",0.00223477
"DOGE","2020-03-01",0.00227474
"DOGE","2020-03-02",0.00234861
"DOGE","2020-03-03",0.00249926
"DOGE","2020-03-04",0.00239802
"DOGE","2020-03-05",0.00250581
"DOGE","2020-03-06",0.00249569
"DOGE","2020-03-07",0.00240455
"DOGE","2020-03-08",0.00218693
"DOGE","2020-03-09",0.00221439
"DOGE","2020-03-10",0.00220657
"DOGE","2020-03-11",0.00218362
"DOGE","2020-03-12",0.00153720
"DOGE","2020-03-13",0.00173783
"DOGE","2020-03-14",0.00166574
"DOGE","2020-03-15",0.00168526
"DOGE","2020-03-16",0.00158719
"DOGE","2020-03-17",0.00158738
"DOGE","2020-03-18",0.00156558
"DOGE","2020-03-19",0.00177325
"DOGE","2020-03-20",0.00177257
"DOGE","2020-03-21",0.00178454
"DOGE","2020-03-22",0.00173090
"DOGE","2020-03-23",0.00180458
"DOGE","2020-03-24",0.00185078
"DOGE","2020-03-25",0.00183394
"DOGE","2020-03-26",0.00184157
"DOGE","2020-03-27",0.00180707
"DOGE","2020-03-28",0.00177782
"DOGE","2020-03-29",0.00172325
"DOGE","2020-03-30",0.00183104
"DOGE","2020-03-31",0.00181094
"DOGE","2020-04-01",0.00186666
"DOGE","2020-04-02",0.00188209
"DOGE","2020-04-03",0.00185306
"DOGE","2020-04-04",0.00188042
"DOGE","2020-04-05",0.00186509
"DOGE","2020-04-06",0.00198010
"DOGE","2020-04-07",0.00199731
"DOGE","2020-04-08",0.00201180
"DOGE","2020-04-09",0.00202147
"DOGE","2020-04-10",0.00196819
"DOGE","2020-04-11",0.00198969
"DOGE","2020-04-12",0.00199010
"DOGE","2020-04-13",0.00195888
"DOGE","2020-04-14",0.00196447
"DOGE","2020-04-15",0.00194049
"DOGE","2020-04-16",0.00202767
"DOGE","2020-04-17",0.00201317
"DOGE","2020-04-18",0.00206090
"DOGE","2020-04-19",0.00205828
"DOGE","2020-04-20",0.00198219
"DOGE","2020-04-21",0.00197149
"DOGE","2020-04-22",0.00201076
"DOGE","2020-04-23",0.00204712
"DOGE","2020-04-24",0.00210275
"DOGE","2020-04-25",0.00214152
"DOGE","2020-04-26",0.00240909
"DOGE","2020-04-27",0.00235488
"DOGE","2020-04-28",0.00233888
"DOGE","2020-04-29",0.00251711
"DOGE","2020-04-30",0.00244286
"DOGE","2020-05-01",0.00249391
"DOGE","2020-05-02",0.00254935
"DOGE","2020-05-03",0.00251033
"DOGE","2020-05-04",0.00248112
"DOGE","2020-05-05",0.00248434
"DOGE","2020-05-06",0.00252921
"DOGE","2020-05-07",0.00266381
"DOGE","2020-05-08",0.00262507
"DOGE","2020-05-09",0.00261327
"DOGE","2020-05-10",0.00245943
"DOGE","2020-05-11",0.00241281
"DOGE","2020-05-12",0.00246293
"DOGE","2020-05-13",0.00252101
"DOGE","2020-05-14",0.00257419
"DOGE","2020-05-15",0.00250580
"DOGE","2020-05-16",0.00251256
"DOGE","2020-05-17",0.00253812
"DOGE","2020-05-18",0.00254340
"DOGE","2020-05-19",0.00253830
"DOGE","2020-05-20",0.00250789
"DOGE","2020-05-21",0.00248517
"DOGE","2020-05-22",0.00253306
"DOGE","2020-05-23",0.00254393
"DOGE","2020-05-24",0.00245783
"DOGE","2020-05-25",0.00254012
"DOGE","2020-05-26",0.00248640
"DOGE","2020-05-27",0.00251013
"DOGE","2020-05-28",0.00252358
"DOGE","2020-05-29",0.00253231
"DOGE","2020-05-30",0.00261518
"DOGE","2020-05-31",0.00255457
"DOGE","2020-06-01",0.00264672
"DOGE","2020-06-02",0.00256124
"DOGE","2020-06-03",0.00258259
"DOGE","2020-06-04",0.00263060
"DOGE","2020-06-05",0.00259572
"DOGE","2020-06-06",0.00258717
"DOGE","2020-06-07",0.00260608
"DOGE","2020-06-08",0.00258421
"DOGE","2020-06-09",0.00256859
"DOGE","2020-06-10",0.00258419
"DOGE","2020-06-11",0.00245225
"DOGE","2020-06-12",0.00252016
"DOGE","2020-06-13",0.00253308
"DOGE","2020-06-14",0.00251055
"DOGE","2020-06-15",0.00247936
"DOGE","2020-06-16",0.00248680
"DOGE","2020-06-17",0.00248493
"DOGE","2020-06-18",0.00247163
"DOGE","2020-06-19",0.00243480
"DOGE","2020-06-20",0.00244672
"DOGE","2020-06-21",0.00244661
"DOGE","2020-06-22",0.00247366
"DOGE","2020-06-23",0.00248423
"DOGE","2020-06-24",0.00242968
"DOGE","2020-06-25",0.00241732
"DOGE","2020-06-26",0.00235878
"DOGE","2020-06-27",0.00231292
"DOGE","2020-06-28",0.00232552
"DOGE","2020-06-29",0.00231285
"DOGE","2020-06-30",0.00231955
"DOGE","2020-07-01",0.00235365
"DOGE","2020-07-02",0.00236138
"DOGE","2020-07-03",0.00231561
"DOGE","2020-07-04",0.00230938
"DOGE","2020-07-05",0.00230898
"DOGE","2020-07-06",0.00261556
"DOGE","2020-07-07",0.00308951
"DOGE","2020-07-08",0.00474983
"DOGE","2020-07-09",0.00439683
"DOGE","2020-07-10",0.00351487
"DOGE","2020-07-11",0.00381096
"DOGE","2020-07-12",0.00362961
"DOGE","2020-07-13",0.00317754
"DOGE","2020-07-14",0.00329437
"DOGE","2020-07-15",0.00308518
"DOGE","2020-07-16",0.00299487
"DOGE","2020-07-17",0.00306071
"DOGE","2020-07-18",0.00347259
"DOGE","2020-07-19",0.00338186
"DOGE","2020-07-20",0.00323929
"DOGE","2020-07-21",0.00330462
"DOGE","2020-07-22",0.00328522
"DOGE","2020-07-23",0.00329471
"DOGE","2020-07-24",0.00321959
"DOGE","2020-07-25",0.00323402
"DOGE","2020-07-26",0.00323460
"DOGE","2020-07-27",0.00315332
"DOGE","2020-07-28",0.00319739
"DOGE","2020-07-29",0.00319240
"DOGE","2020-07-30",0.00323112
"DOGE","2020-07-31",0.00322536
"DOGE","2020-08-01",0.00368864
"DOGE","2020-08-02",0.00333606
"DOGE","2020-08-03",0.00338886
"DOGE","2020-08-04",0.00353468
"DOGE","2020-08-05",0.00351274
"DOGE","2020-08-06",0.00356000
"DOGE","2020-08-07",0.00353279
"DOGE","2020-08-08",0.00350970
"DOGE","2020-08-09",0.00346312
"DOGE","2020-08-10",0.00349948
"DOGE","2020-08-11",0.00339437
"DOGE","2020-08-12",0.00348444
"DOGE","2020-08-13",0.00351652
"DOGE","2020-08-14",0.00356081
"DOGE","2020-08-15",0.00353943
"DOGE","2020-08-16",0.00352356
"DOGE","2020-08-17",0.00359109
"DOGE","2020-08-18",0.00351400
"DOGE","2020-08-19",0.00342392
"DOGE","2020-08-20",0.00345921
"DOGE","2020-08-21",0.00339309
"DOGE","2020-08-22",0.00344200
"DOGE","2020-08-23",0.00341420
"DOGE","2020-08-24",0.00341794
"DOGE","2020-08-25",0.00330460
"DOGE","2020-08-26",0.00330335
"DOGE","2020-08-27",0.00320271
"DOGE","2020-08-28",0.00326846
"DOGE","2020-08-29",0.00328210
"DOGE","2020-08-30",0.00330005
"DOGE","2020-08-31",0.00322059
"DOGE","2020-09-01",0.00325599
"DOGE","2020-09-02",0.00312246
"DOGE","2020-09-03",0.00280243
"DOGE","2020-09-04",0.00289862
"DOGE","2020-09-05",0.00275826
"DOGE","2020-09-06",0.00278693
"DOGE","2020-09-07",0.00281146
"DOGE","2020-09-08",0.00275560
"DOGE","2020-09-09",0.00277906
"DOGE","2020-09-10",0.00280523
"DOGE","2020-09-11",0.00280618
"DOGE","2020-09-12",0.00281884
"DOGE","2020-09-13",0.00277614
"DOGE","2020-09-14",0.00280262
"DOGE","2020-09-15",0.00283175
"DOGE","2020-09-16",0.00282580
"DOGE","2020-09-17",0.00281351
"DOGE","2020-09-18",0.00280418
"DOGE","2020-09-19",0.00279372
"DOGE","2020-09-20",0.00277797
"DOGE","2020-09-21",0.00263032
"DOGE","2020-09-22",0.00265602
"DOGE","2020-09-23",0.00256045
"DOGE","2020-09-24",0.00262828
"DOGE","2020-09-25",0.00269849
"DOGE","2020-09-26",0.00271612
"DOGE","2020-09-27",0.00269206
"DOGE","2020-09-28",0.00265201
"DOGE","2020-09-29",0.00268541
"DOGE","2020-09-30",0.00263015
"DOGE","2020-10-01",0.00261584
"DOGE","2020-10-02",0.00258340
"DOGE","2020-10-03",0.00259883
"DOGE","2020-10-04",0.00263489
"DOGE","2020-10-05",0.00261238
"DOGE","2020-10-06",0.00261147
"DOGE","2020-10-07",0.00259518
"DOGE","2020-10-08",0.00259556
"DOGE","2020-10-09",0.00265253
"DOGE","2020-10-10",0.00265453
"DOGE","2020-10-11",0.00267363
"DOGE","2020-10-12",0.00267315
"DOGE","2020-10-13",0.00263510
"DOGE","2020-10-14",0.00263711
"DOGE","2020-10-15",0.00259265
"DOGE","2020-10-16",0.00261207
"DOGE","2020-10-17",0.00258111
"DOGE","2020-10-18",0.00258649
"DOGE","2020-10-19",0.00258976
"DOGE","2020-10-20",0.00260093
"DOGE","2020-10-21",0.00263032
"DOGE","2020-10-22",0.00265502
"DOGE","2020-10-23",0.00264690
"DOGE","2020-10-24",0.00264550
"DOGE","2020-10-25",0.00265314
"DOGE","2020-10-26",0.00267853
"DOGE","2020-10-27",0.00267665
"DOGE","2020-10-28",0.00259499
"DOGE","2020-10-29",0.00258066
"DOGE","2020-10-30",0.00259836
"DOGE","2020-10-31",0.00257594
"DOGE","2020-11-01",0.00258175
"DOGE","2020-11-02",0.00251712
"DOGE","2020-11-03",0.00252762
"DOGE","2020-11-04",0.00253328
"DOGE","2020-11-05",0.00261685
"DOGE","2020-11-06",0.00275989
"DOGE","2020-11-07",0.00267068
"DOGE","2020-11-08",0.00271064
"DOGE","2020-11-09",0.00266953
"DOGE","2020-11-10",0.00275341
"DOGE","2020-11-11",0.00276896
"DOGE","2020-11-12",0.00277901
"DOGE","2020-11-13",0.00282145
"DOGE","2020-11-14",0.00277300
"DOGE","2020-11-15",0.00277541
"DOGE","2020-11-16",0.00288579
"DOGE","2020-11-17",0.00293588
"DOGE","2020-11-18",0.00290902
"DOGE","2020-11-19",0.00291104
"DOGE","2020-11-20",0.00298434
"DOGE","2020-11-21",0.00350659
"DOGE","2020-11-22",0.00332930
"DOGE","2020-11-23",0.00364797
"DOGE","2020-11-24",0.00420366
"DOGE","2020-11-25",0.00372672
"DOGE","2020-11-26",0.00324982
"DOGE","2020-11-27",0.00327521
"DOGE","2020-11-28",0.00340487
"DOGE","2020-11-29",0.00344778
"DOGE","2020-11-30",0.00355089
"DOGE","2020-12-01",0.00333470
"DOGE","2020-12-02",0.00337436
"DOGE","2020-12-03",0.00342761
"DOGE","2020-12-04",0.00329811
"DOGE","2020-12-05",0.00339687
"DOGE","2020-12-06",0.00338840
"DOGE","2020-12-07",0.00334233
"DOGE","2020-12-08",0.00317934
"DOGE","2020-12-09",0.00315811
"DOGE","2020-12-10",0.00310460
"DOGE","2020-12-11",0.00307880
"DOGE","2020-12-12",0.00316309
"DOGE","2020-12-13",0.00325587
"DOGE","2020-12-14",0.00323079
"DOGE","2020-12-15",0.00320577
"DOGE","2020-12-16",0.00341629
"DOGE","2020-12-17",0.00372980
"DOGE","2020-12-18",0.00385822
"DOGE","2020-12-19",0.00392675
"DOGE","2020-12-20",0.00462466
"DOGE","2020-12-21",0.00478746
"DOGE","2020-12-22",0.00450782
"DOGE","2020-12-23",0.00376766
"DOGE","2020-12-24",0.00457046
"DOGE","2020-12-25",0.00458201
"DOGE","2020-12-26",0.00449367
"DOGE","2020-12-27",0.00454771
"DOGE","2020-12-28",0.00459177
"DOGE","2020-12-29",0.00448647
"DOGE","2020-12-30",0.00463551
"DOGE","2020-12-31",0.00468225
"DOGE","2021-01-01",0.00568496
"DOGE","2021-01-02",0.01061451
"DOGE","2021-01-03",0.00977052
"DOGE","2021-01-04",0.00976719
"DOGE","2021-01-05",0.00992040
"DOGE","2021-01-06",0.01046514
"DOGE","2021-01-07",0.00974244
"DOGE","2021-01-08",0.00984637
"DOGE","2021-01-09",0.01019416
"DOGE","2021-01-10",0.00985959
"DOGE","2021-01-11",0.00883453
"DOGE","2021-01-12",0.00806287
"DOGE","2021-01-13",0.00861635
"DOGE","2021-01-14",0.00939673
"DOGE","2021-01-15",0.00936903
"DOGE","2021-01-16",0.00926465
"DOGE","2021-01-17",0.00906651
"DOGE","2021-01-18",0.00917110
"DOGE","2021-01-19",0.00909820
"DOGE","2021-01-20",0.00906009
"DOGE","2021-01-21",0.00816632
"DOGE","2021-01-22",0.00852350
"DOGE","2021-01-23",0.00857912
"DOGE","2021-01-24",0.00872708
"DOGE","2021-01-25",0.00838293
"DOGE","2021-01-26",0.00825458
"DOGE","2021-01-27",0.00748150
"DOGE","2021-01-28",0.03408356
"DOGE","2021-01-29",0.04716157
"DOGE","2021-01-30",0.02817592
"DOGE","2021-01-31",0.03719621
"DOGE","2021-02-01",0.03487468
"DOGE","2021-02-02",0.03152025
"DOGE","2021-02-03",0.03712003
"DOGE","2021-02-04",0.05328933
"DOGE","2021-02-05",0.04693473
"DOGE","2021-02-06",0.05759472
"DOGE","2021-02-07",0.07878179
"DOGE","2021-02-08",0.07882511
"DOGE","2021-02-09",0.07006957
"DOGE","2021-02-10",0.07289631
"DOGE","2021-02-11",0.06967585
"DOGE","2021-02-12",0.07006853
"DOGE","2021-02-13",0.06644953
"DOGE","2021-02-14",0.06253697
"DOGE","2021-02-15",0.05659087
"DOGE","2021-02-16",0.05352025
"DOGE","2021-02-17",0.04937563
"DOGE","2021-02-18",0.05954129
"DOGE","2021-02-19",0.05513934
"DOGE","2021-02-20",0.05438446
"DOGE","2021-02-21",0.05597983
"DOGE","2021-02-22",0.05372515
"DOGE","2021-02-23",0.04739205
"DOGE","2021-02-24",0.05655541
"DOGE","2021-02-25",0.05016734
"DOGE","2021-02-26",0.05047986
"DOGE","2021-02-27",0.05008290
"DOGE","2021-02-28",0.04805151
"DOGE","2021-03-01",0.05059866
"DOGE","2021-03-02",0.05026221
"DOGE","2021-03-03",0.05059207
"DOGE","2021-03-04",0.05004843
"DOGE","2021-03-05",0.04960851
"DOGE","2021-03-06",0.05098429
"DOGE","2021-03-07",0.05212174
"DOGE","2021-03-08",0.06194928
"DOGE","2021-03-09",0.05799823
"DOGE","2021-03-10",0.05600395
"DOGE","2021-03-11",0.05591786
"DOGE","2021-03-12",0.05534893
"DOGE","2021-03-13",0.06243198
"DOGE","2021-03-14",0.05859190
"DOGE","2021-03-15",0.05708768
"DOGE","2021-03-16",0.05860740
"DOGE","2021-03-17",0.05765313
"DOGE","2021-03-18",0.05738277
"DOGE","2021-03-19",0.05832836
"DOGE","2021-03-20",0.05896063
"DOGE","2021-03-21",0.05723426
"DOGE","2021-03-22",0.05496160
"DOGE","2021-03-23",0.05355558
"DOGE","2021-03-24",0.05170175
"DOGE","2021-03-25",0.05144848
"DOGE","2021-03-26",0.05395158
"DOGE","2021-03-27",0.05437709
"DOGE","2021-03-28",0.05369841
"DOGE","2021-03-29",0.05405164
"DOGE","2021-03-30",0.05390039
"DOGE","2021-03-31",0.05365728
"DOGE","2021-04-01",0.06198606
"DOGE","2021-04-02",0.05766378
"DOGE","2021-04-03",0.05580360
"DOGE","2021-04-04",0.05740370
"DOGE","2021-04-05",0.05969593
"DOGE","2021-04-06",0.06445823
"DOGE","2021-04-07",0.05902847
"DOGE","2021-04-08",0.06146385
"DOGE","2021-04-09",0.06168375
"DOGE","2021-04-10",0.06384492
"DOGE","2021-04-11",0.07464893
"DOGE","2021-04-12",0.07076687
"DOGE","2021-04-13",0.09344469
"DOGE","2021-04-14",0.12151736
"DOGE","2021-04-15",0.18220744
"DOGE","2021-04-16",0.36587002
"DOGE","2021-04-17",0.28417344
"DOGE","2021-04-18",0.32047533
"DOGE","2021-04-19",0.40731778
"DOGE","2021-04-20",0.31949967
"DOGE","2021-04-21",0.30692451
"DOGE","2021-04-22",0.26096732
"DOGE","2021-04-23",0.24850933
"DOGE","2021-04-24",0.27021226
"DOGE","2021-04-25",0.25111084
"DOGE","2021-04-26",0.27067449
"DOGE","2021-04-27",0.27218830
"DOGE","2021-04-28",0.32368163
"DOGE","2021-04-29",0.30516938
"DOGE","2021-04-30",0.33756111
"DOGE","2021-05-01",0.39298743
"DOGE","2021-05-02",0.37604610
"DOGE","2021-05-03",0.44170671
"DOGE","2021-05-04",0.54133438
"DOGE","2021-05-05",0.65763288
"DOGE","2021-05-06",0.58080387
"DOGE","2021-05-07",0.68477698
"DOGE","2021-05-08",0.63643918
"DOGE","2021-05-09",0.57007049
"DOGE","2021-05-10",0.44996367
"DOGE","2021-05-11",0.49523086
"DOGE","2021-05-12",0.38537602
"DOGE","2021-05-13",0.49037394
"DOGE","2021-05-14",0.55960438
"DOGE","2021-05-15",0.50797205
"DOGE","2021-05-16",0.51489521
"DOGE","2021-05-17",0.48789165
"DOGE","2021-05-18",0.47611501
"DOGE","2021-05-19",0.33312345
"DOGE","2021-05-20",0.40019368
"DOGE","2021-05-21",0.35938192
"DOGE","2021-05-22",0.34237123
"DOGE","2021-05-23",0.30807063
"DOGE","2021-05-24",0.36616223
"DOGE","2021-05-25",0.34630195
"DOGE","2021-05-26",0.35369307
"DOGE","2021-05-27",0.33294531
"DOGE","2021-05-28",0.31120487
"DOGE","2021-05-29",0.30310971
"DOGE","2021-05-30",0.30222359
"DOGE","2021-05-31",0.32581045
"DOGE","2021-06-01",0.37007655
"DOGE","2021-06-02",0.42337353
"DOGE","2021-06-03",0.39996289
"DOGE","2021-06-04",0.37632255
"DOGE","2021-06-05",0.37217740
"DOGE","2021-06-06",0.37180708
"DOGE","2021-06-07",0.33104994
"DOGE","2021-06-08",0.32768651
"DOGE","2021-06-09",0.34333093
"DOGE","2021-06-10",0.32635070
"DOGE","2021-06-11",0.31935918
"DOGE","2021-06-12",0.31208361
"DOGE","2021-06-13",0.32438177
"DOGE","2021-06-14",0.33208479
"DOGE","2021-06-15",0.32838122
"DOGE","2021-06-16",0.30776119
"DOGE","2021-06-17",0.30649565
"DOGE","2021-06-18",0.29347221
"DOGE","2021-06-19",0.28735578
"DOGE","2021-06-20",0.28090031
"DOGE","2021-06-21",0.17869117
"DOGE","2021-06-22",0.19103065
"DOGE","2021-06-23",0.23217351
"DOGE","2021-06-24",0.26278229
"DOGE","2021-06-25",0.23915293
"DOGE","2021-06-26",0.24478390
"DOGE","2021-06-27",0.26444968
"DOGE","2021-06-28",0.25685670
"DOGE","2021-06-29",0.26276884
"DOGE","2021-06-30",0.25421537
"DOGE","2021-07-01",0.24454948
"DOGE","2021-07-02",0.24526382
"DOGE","2021-07-03",0.24641099
"DOGE","2021-07-04",0.24648301
"DOGE","2021-07-05",0.23161442
"DOGE","2021-07-06",0.23442176
