"symbol","date","low"
"DOGE","2016-01-01",0.00015003
"DOGE","2016-01-02",0.00014829
"DOGE","2016-01-03",0.00014266
"DOGE","2016-01-04",0.00014169
"DOGE","2016-01-05",0.00013499
"DOGE","2016-01-06",0.00013401
"DOGE","2016-01-07",0.00013442
"DOGE","2016-01-08",0.00013781
"DOGE","2016-01-09",0.00016896
"DOGE","2016-01-10",0.00015856
"DOGE","2016-01-11",0.00016638
"DOGE","2016-01-12",0.00016924
"DOGE","2016-01-13",0.00017585
"DOGE","2016-01-14",0.00017228
"DOGE","2016-01-15",0.00014872
"DOGE","2016-01-16",0.00014459
"DOGE","2016-01-17",0.00015004
"DOGE","2016-01-18",0.00014984
"DOGE","2016-01-19",0.00014654
"DOGE","2016-01-20",0.00014599
"DOGE","2016-01-21",0.00016051
"DOGE","2016-01-22",0.00016054
"DOGE","2016-01-23",0.00017094
"DOGE","2016-01-24",0.00016992
"DOGE","2016-01-25",0.00019015
"DOGE","2016-01-26",0.00020756
"DOGE","2016-01-27",0.00034854
"DOGE","2016-01-28",0.00032904
"DOGE","2016-01-29",0.00029840
"DOGE","2016-01-30",0.00025181
"DOGE","2016-01-31",0.00021384
"DOGE","2016-02-01",0.00025920
"DOGE","2016-02-02",0.00025625
"DOGE","2016-02-03",0.00025826
"DOGE","2016-02-04",0.00026449
"DOGE","2016-02-05",0.00028262
"DOGE","2016-02-06",0.00030025
"DOGE","2016-02-07",0.00028223
"DOGE","2016-02-08",0.00028333
"DOGE","2016-02-09",0.00028642
"DOGE","2016-02-10",0.00028957
"DOGE","2016-02-11",0.00028039
"DOGE","2016-02-12",0.00028357
"DOGE","2016-02-13",0.00029231
"DOGE","2016-02-14",0.00029502
"DOGE","2016-02-15",0.00029449
"DOGE","2016-02-16",0.00029154
"DOGE","2016-02-17",0.00027760
"DOGE","2016-02-18",0.00027273
"DOGE","2016-02-19",0.00027694
"DOGE","2016-02-20",0.00029014
"DOGE","2016-02-21",0.00028323
"DOGE","2016-02-22",0.00028198
"DOGE","2016-02-23",0.00027663
"DOGE","2016-02-24",0.00027340
"DOGE","2016-02-25",0.00026740
"DOGE","2016-02-26",0.00025513
"DOGE","2016-02-27",0.00025322
"DOGE","2016-02-28",0.00024367
"DOGE","2016-02-29",0.00024832
"DOGE","2016-03-01",0.00024325
"DOGE","2016-03-02",0.00024181
"DOGE","2016-03-03",0.00023899
"DOGE","2016-03-04",0.00023726
"DOGE","2016-03-05",0.00022062
"DOGE","2016-03-06",0.00021854
"DOGE","2016-03-07",0.00021808
"DOGE","2016-03-08",0.00021850
"DOGE","2016-03-09",0.00021759
"DOGE","2016-03-10",0.00022732
"DOGE","2016-03-11",0.00023707
"DOGE","2016-03-12",0.00023349
"DOGE","2016-03-13",0.00023308
"DOGE","2016-03-14",0.00023450
"DOGE","2016-03-15",0.00022998
"DOGE","2016-03-16",0.00022739
"DOGE","2016-03-17",0.00022113
"DOGE","2016-03-18",0.00020710
"DOGE","2016-03-19",0.00020868
"DOGE","2016-03-20",0.00020920
"DOGE","2016-03-21",0.00020997
"DOGE","2016-03-22",0.00020935
"DOGE","2016-03-23",0.00020931
"DOGE","2016-03-24",0.00020998
"DOGE","2016-03-25",0.00021264
"DOGE","2016-03-26",0.00021131
"DOGE","2016-03-27",0.00021173
"DOGE","2016-03-28",0.00021346
"DOGE","2016-03-29",0.00021504
"DOGE","2016-03-30",0.00022815
"DOGE","2016-03-31",0.00022264
"DOGE","2016-04-01",0.00022077
"DOGE","2016-04-02",0.00022256
"DOGE","2016-04-03",0.00021885
"DOGE","2016-04-04",0.00021784
"DOGE","2016-04-05",0.00021323
"DOGE","2016-04-06",0.00021382
"DOGE","2016-04-07",0.00020867
"DOGE","2016-04-08",0.00020886
"DOGE","2016-04-09",0.00020699
"DOGE","2016-04-10",0.00019708
"DOGE","2016-04-11",0.00020151
"DOGE","2016-04-12",0.00021171
"DOGE","2016-04-13",0.00022449
"DOGE","2016-04-14",0.00022513
"DOGE","2016-04-15",0.00022754
"DOGE","2016-04-16",0.00022854
"DOGE","2016-04-17",0.00022429
"DOGE","2016-04-18",0.00021949
"DOGE","2016-04-19",0.00021917
"DOGE","2016-04-20",0.00022144
"DOGE","2016-04-21",0.00022409
"DOGE","2016-04-22",0.00022291
"DOGE","2016-04-23",0.00022158
"DOGE","2016-04-24",0.00022033
"DOGE","2016-04-25",0.00022395
"DOGE","2016-04-26",0.00022636
"DOGE","2016-04-27",0.00022332
"DOGE","2016-04-28",0.00022242
"DOGE","2016-04-29",0.00022476
"DOGE","2016-04-30",0.00022488
"DOGE","2016-05-01",0.00022418
"DOGE","2016-05-02",0.00022046
"DOGE","2016-05-03",0.00022407
"DOGE","2016-05-04",0.00022373
"DOGE","2016-05-05",0.00021856
"DOGE","2016-05-06",0.00021892
"DOGE","2016-05-07",0.00022072
"DOGE","2016-05-08",0.00021966
"DOGE","2016-05-09",0.00021990
"DOGE","2016-05-10",0.00021969
"DOGE","2016-05-11",0.00021965
"DOGE","2016-05-12",0.00022336
"DOGE","2016-05-13",0.00023287
"DOGE","2016-05-14",0.00022851
"DOGE","2016-05-15",0.00022873
"DOGE","2016-05-16",0.00022571
"DOGE","2016-05-17",0.00022375
"DOGE","2016-05-18",0.00022445
"DOGE","2016-05-19",0.00022432
"DOGE","2016-05-20",0.00022237
"DOGE","2016-05-21",0.00022391
"DOGE","2016-05-22",0.00022181
"DOGE","2016-05-23",0.00022208
"DOGE","2016-05-24",0.00022301
"DOGE","2016-05-25",0.00022115
"DOGE","2016-05-26",0.00022120
"DOGE","2016-05-27",0.00022532
"DOGE","2016-05-28",0.00022838
"DOGE","2016-05-29",0.00023342
"DOGE","2016-05-30",0.00023536
"DOGE","2016-05-31",0.00022688
"DOGE","2016-06-01",0.00022627
"DOGE","2016-06-02",0.00022958
"DOGE","2016-06-03",0.00023040
"DOGE","2016-06-04",0.00023331
"DOGE","2016-06-05",0.00023341
"DOGE","2016-06-06",0.00023304
"DOGE","2016-06-07",0.00023440
"DOGE","2016-06-08",0.00023703
"DOGE","2016-06-09",0.00024538
"DOGE","2016-06-10",0.00025775
"DOGE","2016-06-11",0.00024941
"DOGE","2016-06-12",0.00025267
"DOGE","2016-06-13",0.00026917
"DOGE","2016-06-14",0.00028914
"DOGE","2016-06-15",0.00030935
"DOGE","2016-06-16",0.00031155
"DOGE","2016-06-17",0.00031495
"DOGE","2016-06-18",0.00031413
"DOGE","2016-06-19",0.00031854
"DOGE","2016-06-20",0.00032170
"DOGE","2016-06-21",0.00029706
"DOGE","2016-06-22",0.00025835
"DOGE","2016-06-23",0.00024410
"DOGE","2016-06-24",0.00027350
"DOGE","2016-06-25",0.00027399
"DOGE","2016-06-26",0.00027525
"DOGE","2016-06-27",0.00027827
"DOGE","2016-06-28",0.00028543
"DOGE","2016-06-29",0.00028393
"DOGE","2016-06-30",0.00029016
"DOGE","2016-07-01",0.00029743
"DOGE","2016-07-02",0.00029849
"DOGE","2016-07-03",0.00027669
"DOGE","2016-07-04",0.00028014
"DOGE","2016-07-05",0.00028396
"DOGE","2016-07-06",0.00027827
"DOGE","2016-07-07",0.00026745
"DOGE","2016-07-08",0.00027238
"DOGE","2016-07-09",0.00026507
"DOGE","2016-07-10",0.00026656
"DOGE","2016-07-11",0.00026530
"DOGE","2016-07-12",0.00025902
"DOGE","2016-07-13",0.00026053
"DOGE","2016-07-14",0.00025901
"DOGE","2016-07-15",0.00026051
"DOGE","2016-07-16",0.00025981
"DOGE","2016-07-17",0.00025733
"DOGE","2016-07-18",0.00025081
"DOGE","2016-07-19",0.00024310
"DOGE","2016-07-20",0.00024007
"DOGE","2016-07-21",0.00023393
"DOGE","2016-07-22",0.00023359
"DOGE","2016-07-23",0.00023235
"DOGE","2016-07-24",0.00024285
"DOGE","2016-07-25",0.00024132
"DOGE","2016-07-26",0.00023625
"DOGE","2016-07-27",0.00023365
"DOGE","2016-07-28",0.00023306
"DOGE","2016-07-29",0.00023469
"DOGE","2016-07-30",0.00023491
"DOGE","2016-07-31",0.00023046
"DOGE","2016-08-01",0.00022250
"DOGE","2016-08-02",0.00020347
"DOGE","2016-08-03",0.00020616
"DOGE","2016-08-04",0.00021120
"DOGE","2016-08-05",0.00021209
"DOGE","2016-08-06",0.00021603
"DOGE","2016-08-07",0.00022515
"DOGE","2016-08-08",0.00023256
"DOGE","2016-08-09",0.00023097
"DOGE","2016-08-10",0.00023519
"DOGE","2016-08-11",0.00023497
"DOGE","2016-08-12",0.00023426
"DOGE","2016-08-13",0.00023651
"DOGE","2016-08-14",0.00023565
"DOGE","2016-08-15",0.00023459
"DOGE","2016-08-16",0.00023487
"DOGE","2016-08-17",0.00024339
"DOGE","2016-08-18",0.00024112
"DOGE","2016-08-19",0.00023245
"DOGE","2016-08-20",0.00023178
"DOGE","2016-08-21",0.00023156
"DOGE","2016-08-22",0.00022193
"DOGE","2016-08-23",0.00022229
"DOGE","2016-08-24",0.00022370
"DOGE","2016-08-25",0.00022529
"DOGE","2016-08-26",0.00022659
"DOGE","2016-08-27",0.00022413
"DOGE","2016-08-28",0.00022030
"DOGE","2016-08-29",0.00022048
"DOGE","2016-08-30",0.00022290
"DOGE","2016-08-31",0.00023156
"DOGE","2016-09-01",0.00023035
"DOGE","2016-09-02",0.00023060
"DOGE","2016-09-03",0.00023161
"DOGE","2016-09-04",0.00023204
"DOGE","2016-09-05",0.00023301
"DOGE","2016-09-06",0.00023521
"DOGE","2016-09-07",0.00023774
"DOGE","2016-09-08",0.00022772
"DOGE","2016-09-09",0.00022602
"DOGE","2016-09-10",0.00022663
"DOGE","2016-09-11",0.00022536
"DOGE","2016-09-12",0.00022321
"DOGE","2016-09-13",0.00022223
"DOGE","2016-09-14",0.00022290
"DOGE","2016-09-15",0.00022299
"DOGE","2016-09-16",0.00022960
"DOGE","2016-09-17",0.00023635
"DOGE","2016-09-18",0.00023213
"DOGE","2016-09-19",0.00022958
"DOGE","2016-09-20",0.00022900
"DOGE","2016-09-21",0.00022429
"DOGE","2016-09-22",0.00022426
"DOGE","2016-09-23",0.00022362
"DOGE","2016-09-24",0.00022338
"DOGE","2016-09-25",0.00022388
"DOGE","2016-09-26",0.00022459
"DOGE","2016-09-27",0.00022678
"DOGE","2016-09-28",0.00022617
"DOGE","2016-09-29",0.00022624
"DOGE","2016-09-30",0.00022879
"DOGE","2016-10-01",0.00022975
"DOGE","2016-10-02",0.00022891
"DOGE","2016-10-03",0.00023005
"DOGE","2016-10-04",0.00022879
"DOGE","2016-10-05",0.00022798
"DOGE","2016-10-06",0.00022266
"DOGE","2016-10-07",0.00022254
"DOGE","2016-10-08",0.00022531
"DOGE","2016-10-09",0.00022566
"DOGE","2016-10-10",0.00022719
"DOGE","2016-10-11",0.00022337
"DOGE","2016-10-12",0.00022425
"DOGE","2016-10-13",0.00022127
"DOGE","2016-10-14",0.00022183
"DOGE","2016-10-15",0.00022109
"DOGE","2016-10-16",0.00022043
"DOGE","2016-10-17",0.00022070
"DOGE","2016-10-18",0.00022034
"DOGE","2016-10-19",0.00021699
"DOGE","2016-10-20",0.00021727
"DOGE","2016-10-21",0.00021818
"DOGE","2016-10-22",0.00021808
"DOGE","2016-10-23",0.00021940
"DOGE","2016-10-24",0.00021794
"DOGE","2016-10-25",0.00021866
"DOGE","2016-10-26",0.00021486
"DOGE","2016-10-27",0.00021493
"DOGE","2016-10-28",0.00021302
"DOGE","2016-10-29",0.00021618
"DOGE","2016-10-30",0.00021859
"DOGE","2016-10-31",0.00021810
"DOGE","2016-11-01",0.00021780
"DOGE","2016-11-02",0.00021672
"DOGE","2016-11-03",0.00021552
"DOGE","2016-11-04",0.00021713
"DOGE","2016-11-05",0.00021868
"DOGE","2016-11-06",0.00021784
"DOGE","2016-11-07",0.00021912
"DOGE","2016-11-08",0.00022730
"DOGE","2016-11-09",0.00022374
"DOGE","2016-11-10",0.00022408
"DOGE","2016-11-11",0.00022486
"DOGE","2016-11-12",0.00022008
"DOGE","2016-11-13",0.00021781
"DOGE","2016-11-14",0.00022096
"DOGE","2016-11-15",0.00021883
"DOGE","2016-11-16",0.00021894
"DOGE","2016-11-17",0.00021990
"DOGE","2016-11-18",0.00021713
"DOGE","2016-11-19",0.00021722
"DOGE","2016-11-20",0.00021502
"DOGE","2016-11-21",0.00021617
"DOGE","2016-11-22",0.00021915
"DOGE","2016-11-23",0.00021530
"DOGE","2016-11-24",0.00021329
"DOGE","2016-11-25",0.00021582
"DOGE","2016-11-26",0.00021607
"DOGE","2016-11-27",0.00021615
"DOGE","2016-11-28",0.00021616
"DOGE","2016-11-29",0.00021351
"DOGE","2016-11-30",0.00021305
"DOGE","2016-12-01",0.00021338
"DOGE","2016-12-02",0.00021233
"DOGE","2016-12-03",0.00021355
"DOGE","2016-12-04",0.00021295
"DOGE","2016-12-05",0.00020793
"DOGE","2016-12-06",0.00020822
"DOGE","2016-12-07",0.00021010
"DOGE","2016-12-08",0.00021089
"DOGE","2016-12-09",0.00021055
"DOGE","2016-12-10",0.00021031
"DOGE","2016-12-11",0.00021252
"DOGE","2016-12-12",0.00021767
"DOGE","2016-12-13",0.00021469
"DOGE","2016-12-14",0.00021435
"DOGE","2016-12-15",0.00021412
"DOGE","2016-12-16",0.00021349
"DOGE","2016-12-17",0.00021233
"DOGE","2016-12-18",0.00021549
"DOGE","2016-12-19",0.00021619
"DOGE","2016-12-20",0.00021563
"DOGE","2016-12-21",0.00021783
"DOGE","2016-12-22",0.00022180
"DOGE","2016-12-23",0.00022158
"DOGE","2016-12-24",0.00023182
"DOGE","2016-12-25",0.00022471
"DOGE","2016-12-26",0.00022880
"DOGE","2016-12-27",0.00022289
"DOGE","2016-12-28",0.00022005
"DOGE","2016-12-29",0.00022103
"DOGE","2016-12-30",0.00022193
"DOGE","2016-12-31",0.00022253
"DOGE","2017-01-01",0.00022135
"DOGE","2017-01-02",0.00022179
"DOGE","2017-01-03",0.00022190
"DOGE","2017-01-04",0.00022475
"DOGE","2017-01-05",0.00022081
"DOGE","2017-01-06",0.00021814
"DOGE","2017-01-07",0.00021648
"DOGE","2017-01-08",0.00021935
"DOGE","2017-01-09",0.00021555
"DOGE","2017-01-10",0.00022016
"DOGE","2017-01-11",0.00020044
"DOGE","2017-01-12",0.00019498
"DOGE","2017-01-13",0.00020243
"DOGE","2017-01-14",0.00020599
"DOGE","2017-01-15",0.00020248
"DOGE","2017-01-16",0.00020286
"DOGE","2017-01-17",0.00020240
"DOGE","2017-01-18",0.00020524
"DOGE","2017-01-19",0.00020563
"DOGE","2017-01-20",0.00020455
"DOGE","2017-01-21",0.00020436
"DOGE","2017-01-22",0.00020314
"DOGE","2017-01-23",0.00020289
"DOGE","2017-01-24",0.00019998
"DOGE","2017-01-25",0.00019960
"DOGE","2017-01-26",0.00020110
"DOGE","2017-01-27",0.00020429
"DOGE","2017-01-28",0.00020345
"DOGE","2017-01-29",0.00020350
"DOGE","2017-01-30",0.00020335
"DOGE","2017-01-31",0.00020341
"DOGE","2017-02-01",0.00020560
"DOGE","2017-02-02",0.00020731
"DOGE","2017-02-03",0.00020675
"DOGE","2017-02-04",0.00020614
"DOGE","2017-02-05",0.00020734
"DOGE","2017-02-06",0.00020823
"DOGE","2017-02-07",0.00020697
"DOGE","2017-02-08",0.00020669
"DOGE","2017-02-09",0.00020130
"DOGE","2017-02-10",0.00020051
"DOGE","2017-02-11",0.00020276
"DOGE","2017-02-12",0.00020497
"DOGE","2017-02-13",0.00020435
"DOGE","2017-02-14",0.00020473
"DOGE","2017-02-15",0.00020294
"DOGE","2017-02-16",0.00020161
"DOGE","2017-02-17",0.00020207
"DOGE","2017-02-18",0.00019602
"DOGE","2017-02-19",0.00019644
"DOGE","2017-02-20",0.00020381
"DOGE","2017-02-21",0.00020191
"DOGE","2017-02-22",0.00019739
"DOGE","2017-02-23",0.00019778
"DOGE","2017-02-24",0.00020248
"DOGE","2017-02-25",0.00020010
"DOGE","2017-02-26",0.00019894
"DOGE","2017-02-27",0.00020158
"DOGE","2017-02-28",0.00019919
"DOGE","2017-03-01",0.00020120
"DOGE","2017-03-02",0.00020162
"DOGE","2017-03-03",0.00020159
"DOGE","2017-03-04",0.00019461
"DOGE","2017-03-05",0.00020192
"DOGE","2017-03-06",0.00020508
"DOGE","2017-03-07",0.00020471
"DOGE","2017-03-08",0.00020002
"DOGE","2017-03-09",0.00020207
"DOGE","2017-03-10",0.00019805
"DOGE","2017-03-11",0.00020040
"DOGE","2017-03-12",0.00020724
"DOGE","2017-03-13",0.00022250
"DOGE","2017-03-14",0.00023571
"DOGE","2017-03-15",0.00023068
"DOGE","2017-03-16",0.00022806
"DOGE","2017-03-17",0.00021805
"DOGE","2017-03-18",0.00020698
"DOGE","2017-03-19",0.00021492
"DOGE","2017-03-20",0.00022636
"DOGE","2017-03-21",0.00022710
"DOGE","2017-03-22",0.00023465
"DOGE","2017-03-23",0.00023452
"DOGE","2017-03-24",0.00023467
"DOGE","2017-03-25",0.00024957
"DOGE","2017-03-26",0.00027077
"DOGE","2017-03-27",0.00023776
"DOGE","2017-03-28",0.00024546
"DOGE","2017-03-29",0.00026438
"DOGE","2017-03-30",0.00026506
"DOGE","2017-03-31",0.00029932
"DOGE","2017-04-01",0.00031669
"DOGE","2017-04-02",0.00032752
"DOGE","2017-04-03",0.00040534
"DOGE","2017-04-04",0.00040938
"DOGE","2017-04-05",0.00042160
"DOGE","2017-04-06",0.00043561
"DOGE","2017-04-07",0.00038717
"DOGE","2017-04-08",0.00039791
"DOGE","2017-04-09",0.00037427
"DOGE","2017-04-10",0.00036782
"DOGE","2017-04-11",0.00038066
"DOGE","2017-04-12",0.00038671
"DOGE","2017-04-13",0.00040569
"DOGE","2017-04-14",0.00042096
"DOGE","2017-04-15",0.00041182
"DOGE","2017-04-16",0.00041579
"DOGE","2017-04-17",0.00044723
"DOGE","2017-04-18",0.00043574
"DOGE","2017-04-19",0.00044198
"DOGE","2017-04-20",0.00043762
"DOGE","2017-04-21",0.00043817
"DOGE","2017-04-22",0.00044144
"DOGE","2017-04-23",0.00046287
"DOGE","2017-04-24",0.00049825
"DOGE","2017-04-25",0.00051062
"DOGE","2017-04-26",0.00052688
"DOGE","2017-04-27",0.00054497
"DOGE","2017-04-28",0.00061686
"DOGE","2017-04-29",0.00067931
"DOGE","2017-04-30",0.00072747
"DOGE","2017-05-01",0.00063826
"DOGE","2017-05-02",0.00057280
"DOGE","2017-05-03",0.00059125
"DOGE","2017-05-04",0.00067493
"DOGE","2017-05-05",0.00073646
"DOGE","2017-05-06",0.00080885
"DOGE","2017-05-07",0.00115673
"DOGE","2017-05-08",0.00124890
"DOGE","2017-05-09",0.00110696
"DOGE","2017-05-10",0.00119994
"DOGE","2017-05-11",0.00112402
"DOGE","2017-05-12",0.00118185
"DOGE","2017-05-13",0.00112311
"DOGE","2017-05-14",0.00118834
"DOGE","2017-05-15",0.00109831
"DOGE","2017-05-16",0.00099455
"DOGE","2017-05-17",0.00106757
"DOGE","2017-05-18",0.00128988
"DOGE","2017-05-19",0.00142430
"DOGE","2017-05-20",0.00147808
"DOGE","2017-05-21",0.00191031
"DOGE","2017-05-22",0.00248710
"DOGE","2017-05-23",0.00312456
"DOGE","2017-05-24",0.00352366
"DOGE","2017-05-25",0.00292069
"DOGE","2017-05-26",0.00230173
"DOGE","2017-05-27",0.00170046
"DOGE","2017-05-28",0.00230421
"DOGE","2017-05-29",0.00242743
"DOGE","2017-05-30",0.00257027
"DOGE","2017-05-31",0.00239198
"DOGE","2017-06-01",0.00265521
"DOGE","2017-06-02",0.00285793
"DOGE","2017-06-03",0.00281400
"DOGE","2017-06-04",0.00307138
"DOGE","2017-06-05",0.00316941
"DOGE","2017-06-06",0.00354948
"DOGE","2017-06-07",0.00330153
"DOGE","2017-06-08",0.00309456
"DOGE","2017-06-09",0.00341816
"DOGE","2017-06-10",0.00329224
"DOGE","2017-06-11",0.00327570
"DOGE","2017-06-12",0.00316647
"DOGE","2017-06-13",0.00324973
"DOGE","2017-06-14",0.00301098
"DOGE","2017-06-15",0.00276418
"DOGE","2017-06-16",0.00294722
"DOGE","2017-06-17",0.00313517
"DOGE","2017-06-18",0.00317070
"DOGE","2017-06-19",0.00314105
"DOGE","2017-06-20",0.00315085
"DOGE","2017-06-21",0.00309533
"DOGE","2017-06-22",0.00304592
"DOGE","2017-06-23",0.00304427
"DOGE","2017-06-24",0.00312107
"DOGE","2017-06-25",0.00287287
"DOGE","2017-06-26",0.00244875
"DOGE","2017-06-27",0.00224516
"DOGE","2017-06-28",0.00252646
"DOGE","2017-06-29",0.00259945
"DOGE","2017-06-30",0.00260084
"DOGE","2017-07-01",0.00241804
"DOGE","2017-07-02",0.00225297
"DOGE","2017-07-03",0.00239456
"DOGE","2017-07-04",0.00250965
"DOGE","2017-07-05",0.00242343
"DOGE","2017-07-06",0.00260139
"DOGE","2017-07-07",0.00238768
"DOGE","2017-07-08",0.00220247
"DOGE","2017-07-09",0.00232606
"DOGE","2017-07-10",0.00186524
"DOGE","2017-07-11",0.00176817
"DOGE","2017-07-12",0.00167378
"DOGE","2017-07-13",0.00177973
"DOGE","2017-07-14",0.00163240
"DOGE","2017-07-15",0.00147686
"DOGE","2017-07-16",0.00128023
"DOGE","2017-07-17",0.00130303
"DOGE","2017-07-18",0.00146742
"DOGE","2017-07-19",0.00168666
"DOGE","2017-07-20",0.00169353
"DOGE","2017-07-21",0.00189767
"DOGE","2017-07-22",0.00192061
"DOGE","2017-07-23",0.00188922
"DOGE","2017-07-24",0.00191151
"DOGE","2017-07-25",0.00170290
"DOGE","2017-07-26",0.00165897
"DOGE","2017-07-27",0.00177766
"DOGE","2017-07-28",0.00175097
"DOGE","2017-07-29",0.00166197
"DOGE","2017-07-30",0.00169121
"DOGE","2017-07-31",0.00163194
"DOGE","2017-08-01",0.00164194
"DOGE","2017-08-02",0.00174568
"DOGE","2017-08-03",0.00175934
"DOGE","2017-08-04",0.00178442
"DOGE","2017-08-05",0.00180433
"DOGE","2017-08-06",0.00190112
"DOGE","2017-08-07",0.00188164
"DOGE","2017-08-08",0.00192942
"DOGE","2017-08-09",0.00189454
"DOGE","2017-08-10",0.00189094
"DOGE","2017-08-11",0.00181738
"DOGE","2017-08-12",0.00182848
"DOGE","2017-08-13",0.00173102
"DOGE","2017-08-14",0.00171105
"DOGE","2017-08-15",0.00165592
"DOGE","2017-08-16",0.00170020
"DOGE","2017-08-17",0.00157468
"DOGE","2017-08-18",0.00165359
"DOGE","2017-08-19",0.00164712
"DOGE","2017-08-20",0.00163559
"DOGE","2017-08-21",0.00164414
"DOGE","2017-08-22",0.00161555
"DOGE","2017-08-23",0.00170031
"DOGE","2017-08-24",0.00172193
"DOGE","2017-08-25",0.00176164
"DOGE","2017-08-26",0.00173549
"DOGE","2017-08-27",0.00174480
"DOGE","2017-08-28",0.00175148
"DOGE","2017-08-29",0.00179502
"DOGE","2017-08-30",0.00181724
"DOGE","2017-08-31",0.00201691
"DOGE","2017-09-01",0.00204949
"DOGE","2017-09-02",0.00213350
"DOGE","2017-09-03",0.00208952
"DOGE","2017-09-04",0.00172103
"DOGE","2017-09-05",0.00153959
"DOGE","2017-09-06",0.00186547
"DOGE","2017-09-07",0.00192018
"DOGE","2017-09-08",0.00153274
"DOGE","2017-09-09",0.00153351
"DOGE","2017-09-10",0.00125449
"DOGE","2017-09-11",0.00138711
"DOGE","2017-09-12",0.00143490
"DOGE","2017-09-13",0.00133305
"DOGE","2017-09-14",0.00085391
"DOGE","2017-09-15",0.00062556
"DOGE","2017-09-16",0.00077385
"DOGE","2017-09-17",0.00076658
"DOGE","2017-09-18",0.00083700
"DOGE","2017-09-19",0.00085151
"DOGE","2017-09-20",0.00082843
"DOGE","2017-09-21",0.00073575
"DOGE","2017-09-22",0.00071206
"DOGE","2017-09-23",0.00075973
"DOGE","2017-09-24",0.00087787
"DOGE","2017-09-25",0.00088906
"DOGE","2017-09-26",0.00106732
"DOGE","2017-09-27",0.00111284
"DOGE","2017-09-28",0.00107686
"DOGE","2017-09-29",0.00100109
"DOGE","2017-09-30",0.00107550
"DOGE","2017-10-01",0.00104967
"DOGE","2017-10-02",0.00105501
"DOGE","2017-10-03",0.00100385
"DOGE","2017-10-04",0.00093806
"DOGE","2017-10-05",0.00097893
"DOGE","2017-10-06",0.00099521
"DOGE","2017-10-07",0.00102137
"DOGE","2017-10-08",0.00102887
"DOGE","2017-10-09",0.00096263
"DOGE","2017-10-10",0.00095237
"DOGE","2017-10-11",0.00099558
"DOGE","2017-10-12",0.00103120
"DOGE","2017-10-13",0.00097646
"DOGE","2017-10-14",0.00102635
"DOGE","2017-10-15",0.00104537
"DOGE","2017-10-16",0.00105587
"DOGE","2017-10-17",0.00106333
"DOGE","2017-10-18",0.00097459
"DOGE","2017-10-19",0.00104499
"DOGE","2017-10-20",0.00103468
"DOGE","2017-10-21",0.00095878
"DOGE","2017-10-22",0.00097577
"DOGE","2017-10-23",0.00095946
"DOGE","2017-10-24",0.00096516
"DOGE","2017-10-25",0.00100891
"DOGE","2017-10-26",0.00101702
"DOGE","2017-10-27",0.00102377
"DOGE","2017-10-28",0.00099231
"DOGE","2017-10-29",0.00099278
"DOGE","2017-10-30",0.00110289
"DOGE","2017-10-31",0.00110623
"DOGE","2017-11-01",0.00108965
"DOGE","2017-11-02",0.00104982
"DOGE","2017-11-03",0.00110744
"DOGE","2017-11-04",0.00109780
"DOGE","2017-11-05",0.00114230
"DOGE","2017-11-06",0.00114482
"DOGE","2017-11-07",0.00115021
"DOGE","2017-11-08",0.00114800
"DOGE","2017-11-09",0.00118081
"DOGE","2017-11-10",0.00112464
"DOGE","2017-11-11",0.00114070
"DOGE","2017-11-12",0.00100158
"DOGE","2017-11-13",0.00101943
"DOGE","2017-11-14",0.00113107
"DOGE","2017-11-15",0.00117864
"DOGE","2017-11-16",0.00128649
"DOGE","2017-11-17",0.00127437
"DOGE","2017-11-18",0.00125401
"DOGE","2017-11-19",0.00134046
"DOGE","2017-11-20",0.00134780
"DOGE","2017-11-21",0.00130195
"DOGE","2017-11-22",0.00137308
"DOGE","2017-11-23",0.00181925
"DOGE","2017-11-24",0.00178832
"DOGE","2017-11-25",0.00187684
"DOGE","2017-11-26",0.00187982
"DOGE","2017-11-27",0.00189095
"DOGE","2017-11-28",0.00194903
"DOGE","2017-11-29",0.00199295
"DOGE","2017-11-30",0.00189041
"DOGE","2017-12-01",0.00197070
"DOGE","2017-12-02",0.00201742
"DOGE","2017-12-03",0.00207065
"DOGE","2017-12-04",0.00217781
"DOGE","2017-12-05",0.00242604
"DOGE","2017-12-06",0.00243972
"DOGE","2017-12-07",0.00251529
"DOGE","2017-12-08",0.00232619
"DOGE","2017-12-09",0.00242539
"DOGE","2017-12-10",0.00230653
"DOGE","2017-12-11",0.00253391
"DOGE","2017-12-12",0.00266480
"DOGE","2017-12-13",0.00321771
"DOGE","2017-12-14",0.00341910
"DOGE","2017-12-15",0.00348333
"DOGE","2017-12-16",0.00363771
"DOGE","2017-12-17",0.00558633
"DOGE","2017-12-18",0.00562213
"DOGE","2017-12-19",0.00547552
"DOGE","2017-12-20",0.00489174
"DOGE","2017-12-21",0.00658278
"DOGE","2017-12-22",0.00474223
"DOGE","2017-12-23",0.00610964
"DOGE","2017-12-24",0.00597420
"DOGE","2017-12-25",0.00858193
"DOGE","2017-12-26",0.00817263
"DOGE","2017-12-27",0.00851366
"DOGE","2017-12-28",0.00771670
"DOGE","2017-12-29",0.00815544
"DOGE","2017-12-30",0.00738833
"DOGE","2017-12-31",0.00766852
"DOGE","2018-01-01",0.00810091
"DOGE","2018-01-02",0.00855067
"DOGE","2018-01-03",0.00888212
"DOGE","2018-01-04",0.00876789
"DOGE","2018-01-05",0.00958880
"DOGE","2018-01-06",0.01222650
"DOGE","2018-01-07",0.01457730
"DOGE","2018-01-08",0.01376520
"DOGE","2018-01-09",0.01301530
"DOGE","2018-01-10",0.01148500
"DOGE","2018-01-11",0.01098740
"DOGE","2018-01-12",0.01116490
"DOGE","2018-01-13",0.01247840
"DOGE","2018-01-14",0.01134380
"DOGE","2018-01-15",0.00984826
"DOGE","2018-01-16",0.00567168
"DOGE","2018-01-17",0.00549934
"DOGE","2018-01-18",0.00719518
"DOGE","2018-01-19",0.00746691
"DOGE","2018-01-20",0.00795719
"DOGE","2018-01-21",0.00698263
"DOGE","2018-01-22",0.00631770
"DOGE","2018-01-23",0.00622768
"DOGE","2018-01-24",0.00647250
"DOGE","2018-01-25",0.00712364
"DOGE","2018-01-26",0.00679495
"DOGE","2018-01-27",0.00716795
"DOGE","2018-01-28",0.00733682
"DOGE","2018-01-29",0.00686322
"DOGE","2018-01-30",0.00594243
"DOGE","2018-01-31",0.00575151
"DOGE","2018-02-01",0.00479072
"DOGE","2018-02-02",0.00330963
"DOGE","2018-02-03",0.00415938
"DOGE","2018-02-04",0.00417598
"DOGE","2018-02-05",0.00337559
"DOGE","2018-02-06",0.00303590
"DOGE","2018-02-07",0.00393434
"DOGE","2018-02-08",0.00426300
"DOGE","2018-02-09",0.00431316
"DOGE","2018-02-10",0.00474442
"DOGE","2018-02-11",0.00460554
"DOGE","2018-02-12",0.00496440
"DOGE","2018-02-13",0.00527085
"DOGE","2018-02-14",0.00563045
"DOGE","2018-02-15",0.00671442
"DOGE","2018-02-16",0.00652927
"DOGE","2018-02-17",0.00685266
"DOGE","2018-02-18",0.00633011
"DOGE","2018-02-19",0.00634137
"DOGE","2018-02-20",0.00639898
"DOGE","2018-02-21",0.00634896
"DOGE","2018-02-22",0.00608178
"DOGE","2018-02-23",0.00603787
"DOGE","2018-02-24",0.00613057
"DOGE","2018-02-25",0.00599651
"DOGE","2018-02-26",0.00596157
"DOGE","2018-02-27",0.00627021
"DOGE","2018-02-28",0.00600601
"DOGE","2018-03-01",0.00594469
"DOGE","2018-03-02",0.00544704
"DOGE","2018-03-03",0.00518079
"DOGE","2018-03-04",0.00516388
"DOGE","2018-03-05",0.00515689
"DOGE","2018-03-06",0.00455788
"DOGE","2018-03-07",0.00401091
"DOGE","2018-03-08",0.00389532
"DOGE","2018-03-09",0.00361754
"DOGE","2018-03-10",0.00395006
"DOGE","2018-03-11",0.00384293
"DOGE","2018-03-12",0.00383499
"DOGE","2018-03-13",0.00387916
"DOGE","2018-03-14",0.00342251
"DOGE","2018-03-15",0.00326747
"DOGE","2018-03-16",0.00344085
"DOGE","2018-03-17",0.00324938
"DOGE","2018-03-18",0.00278973
"DOGE","2018-03-19",0.00314372
"DOGE","2018-03-20",0.00338847
"DOGE","2018-03-21",0.00360613
"DOGE","2018-03-22",0.00344285
"DOGE","2018-03-23",0.00334105
"DOGE","2018-03-24",0.00351039
"DOGE","2018-03-25",0.00346287
"DOGE","2018-03-26",0.00314064
"DOGE","2018-03-27",0.00310847
"DOGE","2018-03-28",0.00311371
"DOGE","2018-03-29",0.00275759
"DOGE","2018-03-30",0.00264751
"DOGE","2018-03-31",0.00269903
"DOGE","2018-04-01",0.00259521
"DOGE","2018-04-02",0.00270394
"DOGE","2018-04-03",0.00277994
"DOGE","2018-04-04",0.00271746
"DOGE","2018-04-05",0.00265378
"DOGE","2018-04-06",0.00261426
"DOGE","2018-04-07",0.00266851
"DOGE","2018-04-08",0.00278633
"DOGE","2018-04-09",0.00272380
"DOGE","2018-04-10",0.00273964
"DOGE","2018-04-11",0.00301338
"DOGE","2018-04-12",0.00325544
"DOGE","2018-04-13",0.00375048
"DOGE","2018-04-14",0.00392427
"DOGE","2018-04-15",0.00413510
"DOGE","2018-04-16",0.00439082
"DOGE","2018-04-17",0.00451532
"DOGE","2018-04-18",0.00470805
"DOGE","2018-04-19",0.00532044
"DOGE","2018-04-20",0.00569818
"DOGE","2018-04-21",0.00519373
"DOGE","2018-04-22",0.00532764
"DOGE","2018-04-23",0.00539960
"DOGE","2018-04-24",0.00548213
"DOGE","2018-04-25",0.00494730
"DOGE","2018-04-26",0.00489571
"DOGE","2018-04-27",0.00529597
"DOGE","2018-04-28",0.00531437
"DOGE","2018-04-29",0.00522240
"DOGE","2018-04-30",0.00513639
"DOGE","2018-05-01",0.00489904
"DOGE","2018-05-02",0.00504129
"DOGE","2018-05-03",0.00521173
"DOGE","2018-05-04",0.00520491
"DOGE","2018-05-05",0.00502596
"DOGE","2018-05-06",0.00472517
"DOGE","2018-05-07",0.00463232
"DOGE","2018-05-08",0.00479180
"DOGE","2018-05-09",0.00465202
"DOGE","2018-05-10",0.00453076
"DOGE","2018-05-11",0.00399736
"DOGE","2018-05-12",0.00391751
"DOGE","2018-05-13",0.00396535
"DOGE","2018-05-14",0.00421937
"DOGE","2018-05-15",0.00441789
"DOGE","2018-05-16",0.00425962
"DOGE","2018-05-17",0.00417299
"DOGE","2018-05-18",0.00375476
"DOGE","2018-05-19",0.00400483
"DOGE","2018-05-20",0.00390697
"DOGE","2018-05-21",0.00394720
"DOGE","2018-05-22",0.00382276
"DOGE","2018-05-23",0.00343500
"DOGE","2018-05-24",0.00324793
"DOGE","2018-05-25",0.00337640
"DOGE","2018-05-26",0.00345900
"DOGE","2018-05-27",0.00340117
"DOGE","2018-05-28",0.00321779
"DOGE","2018-05-29",0.00316773
"DOGE","2018-05-30",0.00332280
"DOGE","2018-05-31",0.00331745
"DOGE","2018-06-01",0.00333583
"DOGE","2018-06-02",0.00339951
"DOGE","2018-06-03",0.00354479
"DOGE","2018-06-04",0.00351234
"DOGE","2018-06-05",0.00351414
"DOGE","2018-06-06",0.00357347
"DOGE","2018-06-07",0.00370745
"DOGE","2018-06-08",0.00363304
"DOGE","2018-06-09",0.00359336
"DOGE","2018-06-10",0.00315142
"DOGE","2018-06-11",0.00310206
"DOGE","2018-06-12",0.00307493
"DOGE","2018-06-13",0.00277809
"DOGE","2018-06-14",0.00281140
"DOGE","2018-06-15",0.00283748
"DOGE","2018-06-16",0.00282945
"DOGE","2018-06-17",0.00287259
"DOGE","2018-06-18",0.00283143
"DOGE","2018-06-19",0.00295592
"DOGE","2018-06-20",0.00294366
"DOGE","2018-06-21",0.00296812
"DOGE","2018-06-22",0.00259974
"DOGE","2018-06-23",0.00258516
"DOGE","2018-06-24",0.00233098
"DOGE","2018-06-25",0.00239192
"DOGE","2018-06-26",0.00245709
"DOGE","2018-06-27",0.00233460
"DOGE","2018-06-28",0.00233340
"DOGE","2018-06-29",0.00229303
"DOGE","2018-06-30",0.00242069
"DOGE","2018-07-01",0.00245643
"DOGE","2018-07-02",0.00242889
"DOGE","2018-07-03",0.00261814
"DOGE","2018-07-04",0.00258667
"DOGE","2018-07-05",0.00257770
"DOGE","2018-07-06",0.00255120
"DOGE","2018-07-07",0.00254723
"DOGE","2018-07-08",0.00257268
"DOGE","2018-07-09",0.00259464
"DOGE","2018-07-10",0.00224155
"DOGE","2018-07-11",0.00235276
"DOGE","2018-07-12",0.00224450
"DOGE","2018-07-13",0.00220717
"DOGE","2018-07-14",0.00218731
"DOGE","2018-07-15",0.00231970
"DOGE","2018-07-16",0.00236634
"DOGE","2018-07-17",0.00280138
"DOGE","2018-07-18",0.00318872
"DOGE","2018-07-19",0.00348132
"DOGE","2018-07-20",0.00329383
"DOGE","2018-07-21",0.00321676
"DOGE","2018-07-22",0.00327766
"DOGE","2018-07-23",0.00341911
"DOGE","2018-07-24",0.00338966
"DOGE","2018-07-25",0.00331309
"DOGE","2018-07-26",0.00335424
"DOGE","2018-07-27",0.00328443
"DOGE","2018-07-28",0.00338855
"DOGE","2018-07-29",0.00328639
"DOGE","2018-07-30",0.00303085
"DOGE","2018-07-31",0.00285749
"DOGE","2018-08-01",0.00282823
"DOGE","2018-08-02",0.00292686
"DOGE","2018-08-03",0.00284570
"DOGE","2018-08-04",0.00273657
"DOGE","2018-08-05",0.00273315
"DOGE","2018-08-06",0.00273954
"DOGE","2018-08-07",0.00265956
"DOGE","2018-08-08",0.00239552
"DOGE","2018-08-09",0.00238116
"DOGE","2018-08-10",0.00236518
"DOGE","2018-08-11",0.00234472
"DOGE","2018-08-12",0.00236012
"DOGE","2018-08-13",0.00228502
"DOGE","2018-08-14",0.00214332
"DOGE","2018-08-15",0.00224828
"DOGE","2018-08-16",0.00222724
"DOGE","2018-08-17",0.00228459
"DOGE","2018-08-18",0.00236751
"DOGE","2018-08-19",0.00236597
"DOGE","2018-08-20",0.00235992
"DOGE","2018-08-21",0.00236221
"DOGE","2018-08-22",0.00231233
"DOGE","2018-08-23",0.00231308
"DOGE","2018-08-24",0.00235411
"DOGE","2018-08-25",0.00235537
"DOGE","2018-08-26",0.00228763
"DOGE","2018-08-27",0.00238666
"DOGE","2018-08-28",0.00245110
"DOGE","2018-08-29",0.00251600
"DOGE","2018-08-30",0.00259616
"DOGE","2018-08-31",0.00321271
"DOGE","2018-09-01",0.00433683
"DOGE","2018-09-02",0.00454785
"DOGE","2018-09-03",0.00498470
"DOGE","2018-09-04",0.00505520
"DOGE","2018-09-05",0.00480941
"DOGE","2018-09-06",0.00466542
"DOGE","2018-09-07",0.00499646
"DOGE","2018-09-08",0.00529772
"DOGE","2018-09-09",0.00570218
"DOGE","2018-09-10",0.00583969
"DOGE","2018-09-11",0.00595313
"DOGE","2018-09-12",0.00619298
"DOGE","2018-09-13",0.00640954
"DOGE","2018-09-14",0.00609473
"DOGE","2018-09-15",0.00613428
"DOGE","2018-09-16",0.00614093
"DOGE","2018-09-17",0.00615601
"DOGE","2018-09-18",0.00578884
"DOGE","2018-09-19",0.00536025
"DOGE","2018-09-20",0.00560547
"DOGE","2018-09-21",0.00555342
"DOGE","2018-09-22",0.00560411
"DOGE","2018-09-23",0.00573601
"DOGE","2018-09-24",0.00565860
"DOGE","2018-09-25",0.00558667
"DOGE","2018-09-26",0.00566202
"DOGE","2018-09-27",0.00569277
"DOGE","2018-09-28",0.00578302
"DOGE","2018-09-29",0.00576536
"DOGE","2018-09-30",0.00582840
"DOGE","2018-10-01",0.00588118
"DOGE","2018-10-02",0.00578875
"DOGE","2018-10-03",0.00565530
"DOGE","2018-10-04",0.00557642
"DOGE","2018-10-05",0.00562483
"DOGE","2018-10-06",0.00548296
"DOGE","2018-10-07",0.00551151
"DOGE","2018-10-08",0.00554950
"DOGE","2018-10-09",0.00557402
"DOGE","2018-10-10",0.00553109
"DOGE","2018-10-11",0.00490083
"DOGE","2018-10-12",0.00495731
"DOGE","2018-10-13",0.00516303
"DOGE","2018-10-14",0.00514453
"DOGE","2018-10-15",0.00512393
"DOGE","2018-10-16",0.00496604
"DOGE","2018-10-17",0.00449255
"DOGE","2018-10-18",0.00433626
"DOGE","2018-10-19",0.00427344
"DOGE","2018-10-20",0.00444276
"DOGE","2018-10-21",0.00450880
"DOGE","2018-10-22",0.00435693
"DOGE","2018-10-23",0.00413606
"DOGE","2018-10-24",0.00385885
"DOGE","2018-10-25",0.00367618
"DOGE","2018-10-26",0.00370307
"DOGE","2018-10-27",0.00401133
"DOGE","2018-10-28",0.00403466
"DOGE","2018-10-29",0.00383455
"DOGE","2018-10-30",0.00381886
"DOGE","2018-10-31",0.00368998
"DOGE","2018-11-01",0.00375330
"DOGE","2018-11-02",0.00374483
"DOGE","2018-11-03",0.00373046
"DOGE","2018-11-04",0.00367579
"DOGE","2018-11-05",0.00361567
"DOGE","2018-11-06",0.00361580
"DOGE","2018-11-07",0.00362504
"DOGE","2018-11-08",0.00337745
"DOGE","2018-11-09",0.00309481
"DOGE","2018-11-10",0.00309235
"DOGE","2018-11-11",0.00314247
"DOGE","2018-11-12",0.00303916
"DOGE","2018-11-13",0.00294320
"DOGE","2018-11-14",0.00261193
"DOGE","2018-11-15",0.00251132
"DOGE","2018-11-16",0.00266716
"DOGE","2018-11-17",0.00256267
"DOGE","2018-11-18",0.00257540
"DOGE","2018-11-19",0.00241492
"DOGE","2018-11-20",0.00218446
"DOGE","2018-11-21",0.00217366
"DOGE","2018-11-22",0.00234438
"DOGE","2018-11-23",0.00229004
"DOGE","2018-11-24",0.00219360
"DOGE","2018-11-25",0.00207276
"DOGE","2018-11-26",0.00203965
"DOGE","2018-11-27",0.00200570
"DOGE","2018-11-28",0.00208315
"DOGE","2018-11-29",0.00218591
"DOGE","2018-11-30",0.00213048
"DOGE","2018-12-01",0.00215473
"DOGE","2018-12-02",0.00221580
"DOGE","2018-12-03",0.00214440
"DOGE","2018-12-04",0.00217119
"DOGE","2018-12-05",0.00214263
"DOGE","2018-12-06",0.00209714
"DOGE","2018-12-07",0.00203059
"DOGE","2018-12-08",0.00206833
"DOGE","2018-12-09",0.00208892
"DOGE","2018-12-10",0.00207404
"DOGE","2018-12-11",0.00206459
"DOGE","2018-12-12",0.00207708
"DOGE","2018-12-13",0.00204465
"DOGE","2018-12-14",0.00205598
"DOGE","2018-12-15",0.00206271
"DOGE","2018-12-16",0.00210084
"DOGE","2018-12-17",0.00211940
"DOGE","2018-12-18",0.00247138
"DOGE","2018-12-19",0.00256238
"DOGE","2018-12-20",0.00261019
"DOGE","2018-12-21",0.00251027
"DOGE","2018-12-22",0.00241562
"DOGE","2018-12-23",0.00250029
"DOGE","2018-12-24",0.00254022
"DOGE","2018-12-25",0.00231819
"DOGE","2018-12-26",0.00239357
"DOGE","2018-12-27",0.00236369
"DOGE","2018-12-28",0.00230427
"DOGE","2018-12-29",0.00238769
"DOGE","2018-12-30",0.00234091
"DOGE","2018-12-31",0.00232474
"DOGE","2019-01-01",0.00232237
"DOGE","2019-01-02",0.00237153
"DOGE","2019-01-03",0.00235639
"DOGE","2019-01-04",0.00227369
"DOGE","2019-01-05",0.00228009
"DOGE","2019-01-06",0.00229108
"DOGE","2019-01-07",0.00227542
"DOGE","2019-01-08",0.00226124
"DOGE","2019-01-09",0.00225508
"DOGE","2019-01-10",0.00208518
"DOGE","2019-01-11",0.00210521
"DOGE","2019-01-12",0.00211515
"DOGE","2019-01-13",0.00208329
"DOGE","2019-01-14",0.00209735
"DOGE","2019-01-15",0.00209825
"DOGE","2019-01-16",0.00208356
"DOGE","2019-01-17",0.00208043
"DOGE","2019-01-18",0.00208364
"DOGE","2019-01-19",0.00208920
"DOGE","2019-01-20",0.00208194
"DOGE","2019-01-21",0.00206627
"DOGE","2019-01-22",0.00203280
"DOGE","2019-01-23",0.00202128
"DOGE","2019-01-24",0.00201287
"DOGE","2019-01-25",0.00202727
"DOGE","2019-01-26",0.00203045
"DOGE","2019-01-27",0.00200853
"DOGE","2019-01-28",0.00192730
"DOGE","2019-01-29",0.00191732
"DOGE","2019-01-30",0.00191439
"DOGE","2019-01-31",0.00191248
"DOGE","2019-02-01",0.00189261
"DOGE","2019-02-02",0.00189608
"DOGE","2019-02-03",0.00189009
"DOGE","2019-02-04",0.00187725
"DOGE","2019-02-05",0.00187972
"DOGE","2019-02-06",0.00183686
"DOGE","2019-02-07",0.00183936
"DOGE","2019-02-08",0.00183469
"DOGE","2019-02-09",0.00192300
"DOGE","2019-02-10",0.00191232
"DOGE","2019-02-11",0.00189896
"DOGE","2019-02-12",0.00187283
"DOGE","2019-02-13",0.00188528
"DOGE","2019-02-14",0.00188490
"DOGE","2019-02-15",0.00188883
"DOGE","2019-02-16",0.00189478
"DOGE","2019-02-17",0.00191484
"DOGE","2019-02-18",0.00199256
"DOGE","2019-02-19",0.00205572
"DOGE","2019-02-20",0.00204406
"DOGE","2019-02-21",0.00202230
"DOGE","2019-02-22",0.00202395
"DOGE","2019-02-23",0.00203441
"DOGE","2019-02-24",0.00195483
"DOGE","2019-02-25",0.00193035
"DOGE","2019-02-26",0.00199206
"DOGE","2019-02-27",0.00195371
"DOGE","2019-02-28",0.00196816
"DOGE","2019-03-01",0.00197647
"DOGE","2019-03-02",0.00197958
"DOGE","2019-03-03",0.00199148
"DOGE","2019-03-04",0.00196831
"DOGE","2019-03-05",0.00196113
"DOGE","2019-03-06",0.00196683
"DOGE","2019-03-07",0.00196559
"DOGE","2019-03-08",0.00196764
"DOGE","2019-03-09",0.00197229
"DOGE","2019-03-10",0.00197944
"DOGE","2019-03-11",0.00194677
"DOGE","2019-03-12",0.00194984
"DOGE","2019-03-13",0.00200544
"DOGE","2019-03-14",0.00200866
"DOGE","2019-03-15",0.00201542
"DOGE","2019-03-16",0.00203989
"DOGE","2019-03-17",0.00205651
"DOGE","2019-03-18",0.00206329
"DOGE","2019-03-19",0.00207261
"DOGE","2019-03-20",0.00205415
"DOGE","2019-03-21",0.00204047
"DOGE","2019-03-22",0.00204531
"DOGE","2019-03-23",0.00204674
"DOGE","2019-03-24",0.00202584
"DOGE","2019-03-25",0.00202552
"DOGE","2019-03-26",0.00202550
"DOGE","2019-03-27",0.00204230
"DOGE","2019-03-28",0.00205963
"DOGE","2019-03-29",0.00205592
"DOGE","2019-03-30",0.00206493
"DOGE","2019-03-31",0.00206970
"DOGE","2019-04-01",0.00207818
"DOGE","2019-04-02",0.00239377
"DOGE","2019-04-03",0.00277096
"DOGE","2019-04-04",0.00313371
"DOGE","2019-04-05",0.00340889
"DOGE","2019-04-06",0.00341509
"DOGE","2019-04-07",0.00325622
"DOGE","2019-04-08",0.00301231
"DOGE","2019-04-09",0.00281208
"DOGE","2019-04-10",0.00287213
"DOGE","2019-04-11",0.00273823
"DOGE","2019-04-12",0.00272499
"DOGE","2019-04-13",0.00282020
"DOGE","2019-04-14",0.00283747
"DOGE","2019-04-15",0.00274340
"DOGE","2019-04-16",0.00273776
"DOGE","2019-04-17",0.00275862
"DOGE","2019-04-18",0.00280646
"DOGE","2019-04-19",0.00287496
"DOGE","2019-04-20",0.00286048
"DOGE","2019-04-21",0.00272432
"DOGE","2019-04-22",0.00272604
"DOGE","2019-04-23",0.00276749
"DOGE","2019-04-24",0.00254933
"DOGE","2019-04-25",0.00248987
"DOGE","2019-04-26",0.00245320
"DOGE","2019-04-27",0.00248863
"DOGE","2019-04-28",0.00250190
"DOGE","2019-04-29",0.00244270
"DOGE","2019-04-30",0.00244290
"DOGE","2019-05-01",0.00247716
"DOGE","2019-05-02",0.00251562
"DOGE","2019-05-03",0.00259468
"DOGE","2019-05-04",0.00260751
"DOGE","2019-05-05",0.00262212
"DOGE","2019-05-06",0.00251535
"DOGE","2019-05-07",0.00253567
"DOGE","2019-05-08",0.00250493
"DOGE","2019-05-09",0.00246680
"DOGE","2019-05-10",0.00244914
"DOGE","2019-05-11",0.00251350
"DOGE","2019-05-12",0.00261211
"DOGE","2019-05-13",0.00264870
"DOGE","2019-05-14",0.00274723
"DOGE","2019-05-15",0.00305199
"DOGE","2019-05-16",0.00311440
"DOGE","2019-05-17",0.00283130
"DOGE","2019-05-18",0.00289653
"DOGE","2019-05-19",0.00300004
"DOGE","2019-05-20",0.00293331
"DOGE","2019-05-21",0.00296793
"DOGE","2019-05-22",0.00291173
"DOGE","2019-05-23",0.00279521
"DOGE","2019-05-24",0.00293160
"DOGE","2019-05-25",0.00295786
"DOGE","2019-05-26",0.00293460
"DOGE","2019-05-27",0.00308643
"DOGE","2019-05-28",0.00307141
"DOGE","2019-05-29",0.00308294
"DOGE","2019-05-30",0.00310967
"DOGE","2019-05-31",0.00317169
"DOGE","2019-06-01",0.00336012
"DOGE","2019-06-02",0.00334232
"DOGE","2019-06-03",0.00319354
"DOGE","2019-06-04",0.00298552
"DOGE","2019-06-05",0.00297952
"DOGE","2019-06-06",0.00300512
"DOGE","2019-06-07",0.00305891
"DOGE","2019-06-08",0.00301730
"DOGE","2019-06-09",0.00297756
"DOGE","2019-06-10",0.00299153
"DOGE","2019-06-11",0.00299791
"DOGE","2019-06-12",0.00301865
"DOGE","2019-06-13",0.00303043
"DOGE","2019-06-14",0.00303662
"DOGE","2019-06-15",0.00309657
"DOGE","2019-06-16",0.00313545
"DOGE","2019-06-17",0.00312505
"DOGE","2019-06-18",0.00310995
"DOGE","2019-06-19",0.00309718
"DOGE","2019-06-20",0.00309485
"DOGE","2019-06-21",0.00312831
"DOGE","2019-06-22",0.00318519
"DOGE","2019-06-23",0.00324988
"DOGE","2019-06-24",0.00323377
"DOGE","2019-06-25",0.00327040
"DOGE","2019-06-26",0.00325237
"DOGE","2019-06-27",0.00299026
"DOGE","2019-06-28",0.00331491
"DOGE","2019-06-29",0.00331414
"DOGE","2019-06-30",0.00324706
"DOGE","2019-07-01",0.00309304
"DOGE","2019-07-02",0.00307953
"DOGE","2019-07-03",0.00317175
"DOGE","2019-07-04",0.00313129
"DOGE","2019-07-05",0.00313009
"DOGE","2019-07-06",0.00347041
"DOGE","2019-07-07",0.00349507
"DOGE","2019-07-08",0.00351324
"DOGE","2019-07-09",0.00345923
"DOGE","2019-07-10",0.00336396
"DOGE","2019-07-11",0.00318926
"DOGE","2019-07-12",0.00320661
"DOGE","2019-07-13",0.00317373
"DOGE","2019-07-14",0.00300959
"DOGE","2019-07-15",0.00292241
"DOGE","2019-07-16",0.00280185
"DOGE","2019-07-17",0.00277214
"DOGE","2019-07-18",0.00287567
"DOGE","2019-07-19",0.00297125
"DOGE","2019-07-20",0.00303839
"DOGE","2019-07-21",0.00298261
"DOGE","2019-07-22",0.00296618
"DOGE","2019-07-23",0.00287390
"DOGE","2019-07-24",0.00281605
"DOGE","2019-07-25",0.00290526
"DOGE","2019-07-26",0.00288250
"DOGE","2019-07-27",0.00279672
"DOGE","2019-07-28",0.00279168
"DOGE","2019-07-29",0.00280925
"DOGE","2019-07-30",0.00280100
"DOGE","2019-07-31",0.00281607
"DOGE","2019-08-01",0.00285998
"DOGE","2019-08-02",0.00289728
"DOGE","2019-08-03",0.00290035
"DOGE","2019-08-04",0.00286419
"DOGE","2019-08-05",0.00293628
"DOGE","2019-08-06",0.00291916
"DOGE","2019-08-07",0.00293828
"DOGE","2019-08-08",0.00285795
"DOGE","2019-08-09",0.00286902
"DOGE","2019-08-10",0.00279583
"DOGE","2019-08-11",0.00283898
"DOGE","2019-08-12",0.00286856
"DOGE","2019-08-13",0.00280447
"DOGE","2019-08-14",0.00271549
"DOGE","2019-08-15",0.00258382
"DOGE","2019-08-16",0.00256117
"DOGE","2019-08-17",0.00261930
"DOGE","2019-08-18",0.00262219
"DOGE","2019-08-19",0.00271584
"DOGE","2019-08-20",0.00271389
"DOGE","2019-08-21",0.00261960
"DOGE","2019-08-22",0.00261678
"DOGE","2019-08-23",0.00265704
"DOGE","2019-08-24",0.00261405
"DOGE","2019-08-25",0.00262492
"DOGE","2019-08-26",0.00263991
"DOGE","2019-08-27",0.00260034
"DOGE","2019-08-28",0.00251139
"DOGE","2019-08-29",0.00239210
"DOGE","2019-08-30",0.00242677
"DOGE","2019-08-31",0.00245906
"DOGE","2019-09-01",0.00244344
"DOGE","2019-09-02",0.00246246
"DOGE","2019-09-03",0.00256016
"DOGE","2019-09-04",0.00254059
"DOGE","2019-09-05",0.00250489
"DOGE","2019-09-06",0.00245989
"DOGE","2019-09-07",0.00247919
"DOGE","2019-09-08",0.00246859
"DOGE","2019-09-09",0.00241834
"DOGE","2019-09-10",0.00240994
"DOGE","2019-09-11",0.00238950
"DOGE","2019-09-12",0.00236637
"DOGE","2019-09-13",0.00239784
"DOGE","2019-09-14",0.00240550
"DOGE","2019-09-15",0.00243838
"DOGE","2019-09-16",0.00242987
"DOGE","2019-09-17",0.00244347
"DOGE","2019-09-18",0.00258168
"DOGE","2019-09-19",0.00258893
"DOGE","2019-09-20",0.00264539
"DOGE","2019-09-21",0.00255572
"DOGE","2019-09-22",0.00254597
"DOGE","2019-09-23",0.00248249
"DOGE","2019-09-24",0.00207701
"DOGE","2019-09-25",0.00211035
"DOGE","2019-09-26",0.00207590
"DOGE","2019-09-27",0.00212135
"DOGE","2019-09-28",0.00220200
"DOGE","2019-09-29",0.00218496
"DOGE","2019-09-30",0.00217120
"DOGE","2019-10-01",0.00238104
"DOGE","2019-10-02",0.00231401
"DOGE","2019-10-03",0.00228995
"DOGE","2019-10-04",0.00228342
"DOGE","2019-10-05",0.00230689
"DOGE","2019-10-06",0.00228994
"DOGE","2019-10-07",0.00230533
"DOGE","2019-10-08",0.00232358
"DOGE","2019-10-09",0.00231688
"DOGE","2019-10-10",0.00232990
"DOGE","2019-10-11",0.00228985
"DOGE","2019-10-12",0.00231047
"DOGE","2019-10-13",0.00232300
"DOGE","2019-10-14",0.00242815
"DOGE","2019-10-15",0.00249540
"DOGE","2019-10-16",0.00250623
"DOGE","2019-10-17",0.00258985
"DOGE","2019-10-18",0.00266764
"DOGE","2019-10-19",0.00266831
"DOGE","2019-10-20",0.00268494
"DOGE","2019-10-21",0.00261840
"DOGE","2019-10-22",0.00255969
"DOGE","2019-10-23",0.00238942
"DOGE","2019-10-24",0.00245104
"DOGE","2019-10-25",0.00250165
"DOGE","2019-10-26",0.00259135
"DOGE","2019-10-27",0.00259465
"DOGE","2019-10-28",0.00262885
"DOGE","2019-10-29",0.00264430
"DOGE","2019-10-30",0.00259736
"DOGE","2019-10-31",0.00258587
"DOGE","2019-11-01",0.00259130
"DOGE","2019-11-02",0.00259675
"DOGE","2019-11-03",0.00262156
"DOGE","2019-11-04",0.00258965
"DOGE","2019-11-05",0.00257455
"DOGE","2019-11-06",0.00261514
"DOGE","2019-11-07",0.00260769
"DOGE","2019-11-08",0.00260348
"DOGE","2019-11-09",0.00264975
"DOGE","2019-11-10",0.00268667
"DOGE","2019-11-11",0.00266895
"DOGE","2019-11-12",0.00267878
"DOGE","2019-11-13",0.00266530
"DOGE","2019-11-14",0.00264195
"DOGE","2019-11-15",0.00260858
"DOGE","2019-11-16",0.00263595
"DOGE","2019-11-17",0.00264081
"DOGE","2019-11-18",0.00254868
"DOGE","2019-11-19",0.00251935
"DOGE","2019-11-20",0.00254268
"DOGE","2019-11-21",0.00237820
"DOGE","2019-11-22",0.00223927
"DOGE","2019-11-23",0.00232722
"DOGE","2019-11-24",0.00229817
"DOGE","2019-11-25",0.00212763
"DOGE","2019-11-26",0.00226468
"DOGE","2019-11-27",0.00222851
"DOGE","2019-11-28",0.00231299
"DOGE","2019-11-29",0.00230498
"DOGE","2019-11-30",0.00231361
"DOGE","2019-12-01",0.00225711
"DOGE","2019-12-02",0.00220402
"DOGE","2019-12-03",0.00216665
"DOGE","2019-12-04",0.00216492
"DOGE","2019-12-05",0.00217153
"DOGE","2019-12-06",0.00218006
"DOGE","2019-12-07",0.00220094
"DOGE","2019-12-08",0.00220700
"DOGE","2019-12-09",0.00219831
"DOGE","2019-12-10",0.00218546
"DOGE","2019-12-11",0.00218107
"DOGE","2019-12-12",0.00216738
"DOGE","2019-12-13",0.00216462
"DOGE","2019-12-14",0.00215019
"DOGE","2019-12-15",0.00207977
"DOGE","2019-12-16",0.00211206
"DOGE","2019-12-17",0.00199697
"DOGE","2019-12-18",0.00200794
"DOGE","2019-12-19",0.00204878
"DOGE","2019-12-20",0.00204837
"DOGE","2019-12-21",0.00204354
"DOGE","2019-12-22",0.00207004
"DOGE","2019-12-23",0.00205450
"DOGE","2019-12-24",0.00205159
"DOGE","2019-12-25",0.00203563
"DOGE","2019-12-26",0.00204705
"DOGE","2019-12-27",0.00203191
"DOGE","2019-12-28",0.00205125
"DOGE","2019-12-29",0.00205642
"DOGE","2019-12-30",0.00204293
"DOGE","2019-12-31",0.00202182
"DOGE","2020-01-01",0.00202117
"DOGE","2020-01-02",0.00198312
"DOGE","2020-01-03",0.00199092
"DOGE","2020-01-04",0.00204994
"DOGE","2020-01-05",0.00211678
"DOGE","2020-01-06",0.00237851
"DOGE","2020-01-07",0.00235361
"DOGE","2020-01-08",0.00226545
"DOGE","2020-01-09",0.00214530
"DOGE","2020-01-10",0.00219906
"DOGE","2020-01-11",0.00229565
"DOGE","2020-01-12",0.00231291
"DOGE","2020-01-13",0.00232706
"DOGE","2020-01-14",0.00234007
"DOGE","2020-01-15",0.00236310
"DOGE","2020-01-16",0.00229339
"DOGE","2020-01-17",0.00231049
"DOGE","2020-01-18",0.00245245
"DOGE","2020-01-19",0.00235925
"DOGE","2020-01-20",0.00235856
"DOGE","2020-01-21",0.00233502
"DOGE","2020-01-22",0.00232049
"DOGE","2020-01-23",0.00223814
"DOGE","2020-01-24",0.00221085
"DOGE","2020-01-25",0.00223525
"DOGE","2020-01-26",0.00223958
"DOGE","2020-01-27",0.00228261
"DOGE","2020-01-28",0.00236260
"DOGE","2020-01-29",0.00238970
"DOGE","2020-01-30",0.00237066
"DOGE","2020-01-31",0.00236866
"DOGE","2020-02-01",0.00238200
"DOGE","2020-02-02",0.00239460
"DOGE","2020-02-03",0.00242705
"DOGE","2020-02-04",0.00240154
"DOGE","2020-02-05",0.00249221
"DOGE","2020-02-06",0.00257390
"DOGE","2020-02-07",0.00264699
"DOGE","2020-02-08",0.00272227
"DOGE","2020-02-09",0.00315210
"DOGE","2020-02-10",0.00290448
"DOGE","2020-02-11",0.00286418
"DOGE","2020-02-12",0.00301313
"DOGE","2020-02-13",0.00297313
"DOGE","2020-02-14",0.00298118
"DOGE","2020-02-15",0.00283874
"DOGE","2020-02-16",0.00262561
"DOGE","2020-02-17",0.00254745
"DOGE","2020-02-18",0.00265513
"DOGE","2020-02-19",0.00262408
"DOGE","2020-02-20",0.00256899
"DOGE","2020-02-21",0.00261389
"DOGE","2020-02-22",0.00257724
"DOGE","2020-02-23",0.00259627
"DOGE","2020-02-24",0.00255668
"DOGE","2020-02-25",0.00243617
"DOGE","2020-02-26",0.00221119
"DOGE","2020-02-27",0.00229783
"DOGE","2020-02-28",0.00222613
"DOGE","2020-02-29",0.00223049
"DOGE","2020-03-01",0.00222328
"DOGE","2020-03-02",0.00225581
"DOGE","2020-03-03",0.00231631
"DOGE","2020-03-04",0.00236706
"DOGE","2020-03-05",0.00239504
"DOGE","2020-03-06",0.00244719
"DOGE","2020-03-07",0.00240088
"DOGE","2020-03-08",0.00218437
"DOGE","2020-03-09",0.00210744
"DOGE","2020-03-10",0.00216579
"DOGE","2020-03-11",0.00209905
"DOGE","2020-03-12",0.00153508
"DOGE","2020-03-13",0.00124706
"DOGE","2020-03-14",0.00163961
"DOGE","2020-03-15",0.00165461
"DOGE","2020-03-16",0.00145317
"DOGE","2020-03-17",0.00155815
"DOGE","2020-03-18",0.00155232
"DOGE","2020-03-19",0.00156173
"DOGE","2020-03-20",0.00167875
"DOGE","2020-03-21",0.00169322
"DOGE","2020-03-22",0.00171874
"DOGE","2020-03-23",0.00169196
"DOGE","2020-03-24",0.00179935
"DOGE","2020-03-25",0.00179917
"DOGE","2020-03-26",0.00182706
"DOGE","2020-03-27",0.00180425
"DOGE","2020-03-28",0.00171623
"DOGE","2020-03-29",0.00171740
"DOGE","2020-03-30",0.00171749
"DOGE","2020-03-31",0.00180450
"DOGE","2020-04-01",0.00177552
"DOGE","2020-04-02",0.00185015
"DOGE","2020-04-03",0.00183374
"DOGE","2020-04-04",0.00184122
"DOGE","2020-04-05",0.00184682
"DOGE","2020-04-06",0.00185171
"DOGE","2020-04-07",0.00193426
"DOGE","2020-04-08",0.00195989
"DOGE","2020-04-09",0.00198470
"DOGE","2020-04-10",0.00189124
"DOGE","2020-04-11",0.00194116
"DOGE","2020-04-12",0.00195112
"DOGE","2020-04-13",0.00189426
"DOGE","2020-04-14",0.00193489
"DOGE","2020-04-15",0.00190635
"DOGE","2020-04-16",0.00188634
"DOGE","2020-04-17",0.00199180
"DOGE","2020-04-18",0.00200711
"DOGE","2020-04-19",0.00202787
"DOGE","2020-04-20",0.00196157
"DOGE","2020-04-21",0.00195237
"DOGE","2020-04-22",0.00196415
"DOGE","2020-04-23",0.00200461
"DOGE","2020-04-24",0.00204178
"DOGE","2020-04-25",0.00208687
"DOGE","2020-04-26",0.00213591
"DOGE","2020-04-27",0.00230785
"DOGE","2020-04-28",0.00232210
"DOGE","2020-04-29",0.00233062
"DOGE","2020-04-30",0.00239175
"DOGE","2020-05-01",0.00244137
"DOGE","2020-05-02",0.00247263
"DOGE","2020-05-03",0.00247977
"DOGE","2020-05-04",0.00238905
"DOGE","2020-05-05",0.00244937
"DOGE","2020-05-06",0.00247301
"DOGE","2020-05-07",0.00247916
"DOGE","2020-05-08",0.00259406
"DOGE","2020-05-09",0.00256547
"DOGE","2020-05-10",0.00236044
"DOGE","2020-05-11",0.00233820
"DOGE","2020-05-12",0.00240594
"DOGE","2020-05-13",0.00245828
"DOGE","2020-05-14",0.00251213
"DOGE","2020-05-15",0.00248678
"DOGE","2020-05-16",0.00248357
"DOGE","2020-05-17",0.00250928
"DOGE","2020-05-18",0.00251328
"DOGE","2020-05-19",0.00250125
"DOGE","2020-05-20",0.00248744
"DOGE","2020-05-21",0.00242340
"DOGE","2020-05-22",0.00247296
"DOGE","2020-05-23",0.00249927
"DOGE","2020-05-24",0.00245114
"DOGE","2020-05-25",0.00243500
"DOGE","2020-05-26",0.00247213
"DOGE","2020-05-27",0.00247207
"DOGE","2020-05-28",0.00249492
"DOGE","2020-05-29",0.00250440
"DOGE","2020-05-30",0.00252262
"DOGE","2020-05-31",0.00254925
"DOGE","2020-06-01",0.00255269
"DOGE","2020-06-02",0.00252020
"DOGE","2020-06-03",0.00254588
"DOGE","2020-06-04",0.00257143
"DOGE","2020-06-05",0.00258030
"DOGE","2020-06-06",0.00256620
"DOGE","2020-06-07",0.00255835
"DOGE","2020-06-08",0.00256082
"DOGE","2020-06-09",0.00251678
"DOGE","2020-06-10",0.00255295
"DOGE","2020-06-11",0.00242924
"DOGE","2020-06-12",0.00244663
"DOGE","2020-06-13",0.00250058
"DOGE","2020-06-14",0.00250083
"DOGE","2020-06-15",0.00240710
"DOGE","2020-06-16",0.00243426
"DOGE","2020-06-17",0.00245776
"DOGE","2020-06-18",0.00244729
"DOGE","2020-06-19",0.00242963
"DOGE","2020-06-20",0.00241930
"DOGE","2020-06-21",0.00244101
"DOGE","2020-06-22",0.00244262
"DOGE","2020-06-23",0.00245691
"DOGE","2020-06-24",0.00238934
"DOGE","2020-06-25",0.00239028
"DOGE","2020-06-26",0.00235851
"DOGE","2020-06-27",0.00229440
"DOGE","2020-06-28",0.00228278
"DOGE","2020-06-29",0.00230138
"DOGE","2020-06-30",0.00229696
"DOGE","2020-07-01",0.00230134
"DOGE","2020-07-02",0.00230160
"DOGE","2020-07-03",0.00230419
"DOGE","2020-07-04",0.00228852
"DOGE","2020-07-05",0.00227692
"DOGE","2020-07-06",0.00230197
"DOGE","2020-07-07",0.00259981
"DOGE","2020-07-08",0.00306078
"DOGE","2020-07-09",0.00414798
"DOGE","2020-07-10",0.00343782
"DOGE","2020-07-11",0.00347573
"DOGE","2020-07-12",0.00361376
"DOGE","2020-07-13",0.00305878
"DOGE","2020-07-14",0.00306064
"DOGE","2020-07-15",0.00307393
"DOGE","2020-07-16",0.00289272
"DOGE","2020-07-17",0.00293705
"DOGE","2020-07-18",0.00303055
"DOGE","2020-07-19",0.00332885
"DOGE","2020-07-20",0.00316700
"DOGE","2020-07-21",0.00318691
"DOGE","2020-07-22",0.00322128
"DOGE","2020-07-23",0.00326505
"DOGE","2020-07-24",0.00317739
"DOGE","2020-07-25",0.00318928
"DOGE","2020-07-26",0.00318423
"DOGE","2020-07-27",0.00304022
"DOGE","2020-07-28",0.00313248
"DOGE","2020-07-29",0.00317531
"DOGE","2020-07-30",0.00316349
"DOGE","2020-07-31",0.00318096
"DOGE","2020-08-01",0.00320347
"DOGE","2020-08-02",0.00326619
"DOGE","2020-08-03",0.00330844
"DOGE","2020-08-04",0.00337626
"DOGE","2020-08-05",0.00348473
"DOGE","2020-08-06",0.00346138
"DOGE","2020-08-07",0.00342486
"DOGE","2020-08-08",0.00345324
"DOGE","2020-08-09",0.00342976
"DOGE","2020-08-10",0.00345434
"DOGE","2020-08-11",0.00334612
"DOGE","2020-08-12",0.00334133
"DOGE","2020-08-13",0.00336503
"DOGE","2020-08-14",0.00347590
"DOGE","2020-08-15",0.00349971
"DOGE","2020-08-16",0.00346873
"DOGE","2020-08-17",0.00350042
"DOGE","2020-08-18",0.00348301
"DOGE","2020-08-19",0.00336835
"DOGE","2020-08-20",0.00339031
"DOGE","2020-08-21",0.00338903
"DOGE","2020-08-22",0.00335427
"DOGE","2020-08-23",0.00338791
"DOGE","2020-08-24",0.00338574
"DOGE","2020-08-25",0.00323918
"DOGE","2020-08-26",0.00325094
"DOGE","2020-08-27",0.00316547
"DOGE","2020-08-28",0.00318202
"DOGE","2020-08-29",0.00324155
"DOGE","2020-08-30",0.00327408
"DOGE","2020-08-31",0.00320388
"DOGE","2020-09-01",0.00319404
"DOGE","2020-09-02",0.00306506
"DOGE","2020-09-03",0.00279026
"DOGE","2020-09-04",0.00275293
"DOGE","2020-09-05",0.00271978
"DOGE","2020-09-06",0.00270370
"DOGE","2020-09-07",0.00270833
"DOGE","2020-09-08",0.00270019
"DOGE","2020-09-09",0.00270425
"DOGE","2020-09-10",0.00275235
"DOGE","2020-09-11",0.00274162
"DOGE","2020-09-12",0.00278118
"DOGE","2020-09-13",0.00274554
"DOGE","2020-09-14",0.00274190
"DOGE","2020-09-15",0.00278490
"DOGE","2020-09-16",0.00279084
"DOGE","2020-09-17",0.00278072
"DOGE","2020-09-18",0.00274892
"DOGE","2020-09-19",0.00277255
"DOGE","2020-09-20",0.00272172
"DOGE","2020-09-21",0.00261605
"DOGE","2020-09-22",0.00260366
"DOGE","2020-09-23",0.00254017
"DOGE","2020-09-24",0.00253555
"DOGE","2020-09-25",0.00261648
"DOGE","2020-09-26",0.00267844
"DOGE","2020-09-27",0.00266419
"DOGE","2020-09-28",0.00263962
"DOGE","2020-09-29",0.00263576
"DOGE","2020-09-30",0.00261719
"DOGE","2020-10-01",0.00258433
"DOGE","2020-10-02",0.00253940
"DOGE","2020-10-03",0.00257411
"DOGE","2020-10-04",0.00258973
"DOGE","2020-10-05",0.00259921
"DOGE","2020-10-06",0.00257354
"DOGE","2020-10-07",0.00256496
"DOGE","2020-10-08",0.00256011
"DOGE","2020-10-09",0.00259469
"DOGE","2020-10-10",0.00265414
"DOGE","2020-10-11",0.00264896
"DOGE","2020-10-12",0.00262869
"DOGE","2020-10-13",0.00262669
"DOGE","2020-10-14",0.00261777
"DOGE","2020-10-15",0.00256916
"DOGE","2020-10-16",0.00255745
"DOGE","2020-10-17",0.00257260
"DOGE","2020-10-18",0.00257653
"DOGE","2020-10-19",0.00257212
"DOGE","2020-10-20",0.00258055
"DOGE","2020-10-21",0.00259368
"DOGE","2020-10-22",0.00262440
"DOGE","2020-10-23",0.00263654
"DOGE","2020-10-24",0.00262372
"DOGE","2020-10-25",0.00262441
"DOGE","2020-10-26",0.00263565
"DOGE","2020-10-27",0.00262958
"DOGE","2020-10-28",0.00257461
"DOGE","2020-10-29",0.00251772
"DOGE","2020-10-30",0.00253304
"DOGE","2020-10-31",0.00255588
"DOGE","2020-11-01",0.00256138
"DOGE","2020-11-02",0.00251520
"DOGE","2020-11-03",0.00245235
"DOGE","2020-11-04",0.00249686
"DOGE","2020-11-05",0.00249556
"DOGE","2020-11-06",0.00260828
"DOGE","2020-11-07",0.00261190
"DOGE","2020-11-08",0.00265770
"DOGE","2020-11-09",0.00266267
"DOGE","2020-11-10",0.00265495
"DOGE","2020-11-11",0.00275337
"DOGE","2020-11-12",0.00274703
"DOGE","2020-11-13",0.00277714
"DOGE","2020-11-14",0.00272132
"DOGE","2020-11-15",0.00273905
"DOGE","2020-11-16",0.00275741
"DOGE","2020-11-17",0.00288573
"DOGE","2020-11-18",0.00285476
"DOGE","2020-11-19",0.00286789
"DOGE","2020-11-20",0.00290823
"DOGE","2020-11-21",0.00298434
"DOGE","2020-11-22",0.00318139
"DOGE","2020-11-23",0.00323165
"DOGE","2020-11-24",0.00357915
"DOGE","2020-11-25",0.00364154
"DOGE","2020-11-26",0.00297994
"DOGE","2020-11-27",0.00309254
"DOGE","2020-11-28",0.00324746
"DOGE","2020-11-29",0.00335794
"DOGE","2020-11-30",0.00341425
"DOGE","2020-12-01",0.00326929
"DOGE","2020-12-02",0.00329289
"DOGE","2020-12-03",0.00335193
"DOGE","2020-12-04",0.00328513
"DOGE","2020-12-05",0.00326813
"DOGE","2020-12-06",0.00334326
"DOGE","2020-12-07",0.00332001
"DOGE","2020-12-08",0.00313779
"DOGE","2020-12-09",0.00301599
"DOGE","2020-12-10",0.00306605
"DOGE","2020-12-11",0.00300878
"DOGE","2020-12-12",0.00307487
"DOGE","2020-12-13",0.00315334
"DOGE","2020-12-14",0.00319910
"DOGE","2020-12-15",0.00317804
"DOGE","2020-12-16",0.00318609
"DOGE","2020-12-17",0.00340598
"DOGE","2020-12-18",0.00361838
"DOGE","2020-12-19",0.00381024
"DOGE","2020-12-20",0.00382694
"DOGE","2020-12-21",0.00436308
"DOGE","2020-12-22",0.00436991
"DOGE","2020-12-23",0.00363983
"DOGE","2020-12-24",0.00369705
"DOGE","2020-12-25",0.00439461
"DOGE","2020-12-26",0.00442294
"DOGE","2020-12-27",0.00442851
"DOGE","2020-12-28",0.00452339
"DOGE","2020-12-29",0.00427753
"DOGE","2020-12-30",0.00445270
"DOGE","2020-12-31",0.00455281
"DOGE","2021-01-01",0.00461528
"DOGE","2021-01-02",0.00558386
"DOGE","2021-01-03",0.00940941
"DOGE","2021-01-04",0.00787753
"DOGE","2021-01-05",0.00897184
"DOGE","2021-01-06",0.00968492
"DOGE","2021-01-07",0.00916241
"DOGE","2021-01-08",0.00898616
"DOGE","2021-01-09",0.00974038
"DOGE","2021-01-10",0.00917681
"DOGE","2021-01-11",0.00677014
"DOGE","2021-01-12",0.00790427
"DOGE","2021-01-13",0.00778733
"DOGE","2021-01-14",0.00834908
"DOGE","2021-01-15",0.00845975
"DOGE","2021-01-16",0.00914007
"DOGE","2021-01-17",0.00884140
"DOGE","2021-01-18",0.00898064
"DOGE","2021-01-19",0.00901992
"DOGE","2021-01-20",0.00852898
"DOGE","2021-01-21",0.00806144
"DOGE","2021-01-22",0.00765432
"DOGE","2021-01-23",0.00838848
"DOGE","2021-01-24",0.00851582
"DOGE","2021-01-25",0.00827601
"DOGE","2021-01-26",0.00802161
"DOGE","2021-01-27",0.00729356
"DOGE","2021-01-28",0.00735142
"DOGE","2021-01-29",0.03234054
"DOGE","2021-01-30",0.02248832
"DOGE","2021-01-31",0.02710178
"DOGE","2021-02-01",0.03336688
"DOGE","2021-02-02",0.02919459
"DOGE","2021-02-03",0.03114623
"DOGE","2021-02-04",0.03594477
"DOGE","2021-02-05",0.04353977
"DOGE","2021-02-06",0.04490357
"DOGE","2021-02-07",0.05423930
"DOGE","2021-02-08",0.06470163
"DOGE","2021-02-09",0.06562090
"DOGE","2021-02-10",0.06852545
"DOGE","2021-02-11",0.06829016
"DOGE","2021-02-12",0.06144501
"DOGE","2021-02-13",0.06613511
"DOGE","2021-02-14",0.05672307
"DOGE","2021-02-15",0.04854737
"DOGE","2021-02-16",0.05098287
"DOGE","2021-02-17",0.04803387
"DOGE","2021-02-18",0.04898933
"DOGE","2021-02-19",0.05431458
"DOGE","2021-02-20",0.05162842
"DOGE","2021-02-21",0.05355587
"DOGE","2021-02-22",0.04709622
"DOGE","2021-02-23",0.04241035
"DOGE","2021-02-24",0.04621590
"DOGE","2021-02-25",0.04986917
"DOGE","2021-02-26",0.04870779
"DOGE","2021-02-27",0.04929685
"DOGE","2021-02-28",0.04508753
"DOGE","2021-03-01",0.04802913
"DOGE","2021-03-02",0.04929915
"DOGE","2021-03-03",0.05007821
"DOGE","2021-03-04",0.04787887
"DOGE","2021-03-05",0.04814676
"DOGE","2021-03-06",0.04938261
"DOGE","2021-03-07",0.05057226
"DOGE","2021-03-08",0.05167218
"DOGE","2021-03-09",0.05605134
"DOGE","2021-03-10",0.05469198
"DOGE","2021-03-11",0.05450212
"DOGE","2021-03-12",0.05451291
"DOGE","2021-03-13",0.05475621
"DOGE","2021-03-14",0.05859190
"DOGE","2021-03-15",0.05514074
"DOGE","2021-03-16",0.05549320
"DOGE","2021-03-17",0.05647126
"DOGE","2021-03-18",0.05414289
"DOGE","2021-03-19",0.05660434
"DOGE","2021-03-20",0.05812032
"DOGE","2021-03-21",0.05679761
"DOGE","2021-03-22",0.05490874
"DOGE","2021-03-23",0.05293964
"DOGE","2021-03-24",0.05124163
"DOGE","2021-03-25",0.04969711
"DOGE","2021-03-26",0.05133141
"DOGE","2021-03-27",0.05352778
"DOGE","2021-03-28",0.05301326
"DOGE","2021-03-29",0.05317507
"DOGE","2021-03-30",0.05369696
"DOGE","2021-03-31",0.05226941
"DOGE","2021-04-01",0.05364425
"DOGE","2021-04-02",0.05733330
"DOGE","2021-04-03",0.05580360
"DOGE","2021-04-04",0.05529456
"DOGE","2021-04-05",0.05643507
"DOGE","2021-04-06",0.05809422
"DOGE","2021-04-07",0.05764144
"DOGE","2021-04-08",0.05881733
"DOGE","2021-04-09",0.06029608
"DOGE","2021-04-10",0.06081843
"DOGE","2021-04-11",0.06320268
"DOGE","2021-04-12",0.06888870
"DOGE","2021-04-13",0.07067774
"DOGE","2021-04-14",0.09245176
"DOGE","2021-04-15",0.12073597
"DOGE","2021-04-16",0.18048803
"DOGE","2021-04-17",0.23652374
"DOGE","2021-04-18",0.24644026
"DOGE","2021-04-19",0.30907954
"DOGE","2021-04-20",0.27161780
"DOGE","2021-04-21",0.29703581
"DOGE","2021-04-22",0.25627603
"DOGE","2021-04-23",0.16366860
"DOGE","2021-04-24",0.22989127
"DOGE","2021-04-25",0.22630098
"DOGE","2021-04-26",0.24802595
"DOGE","2021-04-27",0.26492827
"DOGE","2021-04-28",0.25623111
"DOGE","2021-04-29",0.29690443
"DOGE","2021-04-30",0.30298088
"DOGE","2021-05-01",0.32829023
"DOGE","2021-05-02",0.36487366
"DOGE","2021-05-03",0.37363145
"DOGE","2021-05-04",0.40079964
"DOGE","2021-05-05",0.52382210
"DOGE","2021-05-06",0.54510206
"DOGE","2021-05-07",0.52017412
"DOGE","2021-05-08",0.60816772
"DOGE","2021-05-09",0.42570568
"DOGE","2021-05-10",0.42129132
"DOGE","2021-05-11",0.44503421
"DOGE","2021-05-12",0.38537602
"DOGE","2021-05-13",0.35717463
"DOGE","2021-05-14",0.46462199
"DOGE","2021-05-15",0.49129942
"DOGE","2021-05-16",0.45102325
"DOGE","2021-05-17",0.45855106
"DOGE","2021-05-18",0.47038424
"DOGE","2021-05-19",0.21826701
"DOGE","2021-05-20",0.29625272
"DOGE","2021-05-21",0.31476616
"DOGE","2021-05-22",0.31816884
"DOGE","2021-05-23",0.24943722
"DOGE","2021-05-24",0.29629074
"DOGE","2021-05-25",0.32349721
"DOGE","2021-05-26",0.33885732
"DOGE","2021-05-27",0.32814405
"DOGE","2021-05-28",0.30151795
"DOGE","2021-05-29",0.28179255
"DOGE","2021-05-30",0.28768016
"DOGE","2021-05-31",0.29433017
"DOGE","2021-06-01",0.31235960
"DOGE","2021-06-02",0.35258814
"DOGE","2021-06-03",0.37881918
"DOGE","2021-06-04",0.35144232
"DOGE","2021-06-05",0.36048813
"DOGE","2021-06-06",0.36725393
"DOGE","2021-06-07",0.32980618
"DOGE","2021-06-08",0.29666006
"DOGE","2021-06-09",0.31313147
"DOGE","2021-06-10",0.32327813
"DOGE","2021-06-11",0.31150180
"DOGE","2021-06-12",0.30180358
"DOGE","2021-06-13",0.30789210
"DOGE","2021-06-14",0.32008656
"DOGE","2021-06-15",0.31697569
"DOGE","2021-06-16",0.30548451
"DOGE","2021-06-17",0.30331583
"DOGE","2021-06-18",0.28048082
"DOGE","2021-06-19",0.28618894
"DOGE","2021-06-20",0.25646660
"DOGE","2021-06-21",0.16649053
"DOGE","2021-06-22",0.16465379
"DOGE","2021-06-23",0.18097941
"DOGE","2021-06-24",0.22252695
"DOGE","2021-06-25",0.23000565
"DOGE","2021-06-26",0.23097211
"DOGE","2021-06-27",0.24089435
"DOGE","2021-06-28",0.25076178
"DOGE","2021-06-29",0.25298763
"DOGE","2021-06-30",0.23826783
"DOGE","2021-07-01",0.23867681
"DOGE","2021-07-02",0.23884833
"DOGE","2021-07-03",0.24245441
"DOGE","2021-07-04",0.24342506
"DOGE","2021-07-05",0.22783804
"DOGE","2021-07-06",0.22984153
