"symbol","date","volume"
"DOGE","2016-01-01",105224
"DOGE","2016-01-02",90477296875
"DOGE","2016-01-03",104005
"DOGE","2016-01-04",92159796875
"DOGE","2016-01-05",5293669921875
"DOGE","2016-01-06",4147719921875
"DOGE","2016-01-07",180463
"DOGE","2016-01-08",306716
"DOGE","2016-01-09",1201210
"DOGE","2016-01-10",326345
"DOGE","2016-01-11",154848
"DOGE","2016-01-12",669461
"DOGE","2016-01-13",302111
"DOGE","2016-01-14",160331
"DOGE","2016-01-15",274796
"DOGE","2016-01-16",240252
"DOGE","2016-01-17",647278984375
"DOGE","2016-01-18",90041
"DOGE","2016-01-19",76181703125
"DOGE","2016-01-20",284867
"DOGE","2016-01-21",127039
"DOGE","2016-01-22",485854
"DOGE","2016-01-23",162077
"DOGE","2016-01-24",463251
"DOGE","2016-01-25",776273
"DOGE","2016-01-26",4585660
"DOGE","2016-01-27",5266350
"DOGE","2016-01-28",2941270
"DOGE","2016-01-29",1012590
"DOGE","2016-01-30",943534
"DOGE","2016-01-31",1750220
"DOGE","2016-02-01",629834
"DOGE","2016-02-02",274100
"DOGE","2016-02-03",236381
"DOGE","2016-02-04",418938
"DOGE","2016-02-05",474776
"DOGE","2016-02-06",692373
"DOGE","2016-02-07",396252
"DOGE","2016-02-08",189115
"DOGE","2016-02-09",126218
"DOGE","2016-02-10",266304
"DOGE","2016-02-11",343798
"DOGE","2016-02-12",435781
"DOGE","2016-02-13",160931
"DOGE","2016-02-14",237255
"DOGE","2016-02-15",286649
"DOGE","2016-02-16",247274
"DOGE","2016-02-17",320950
"DOGE","2016-02-18",333490
"DOGE","2016-02-19",419137
"DOGE","2016-02-20",267709
"DOGE","2016-02-21",171886
"DOGE","2016-02-22",122982
"DOGE","2016-02-23",164273
"DOGE","2016-02-24",134062
"DOGE","2016-02-25",173164
"DOGE","2016-02-26",228326
"DOGE","2016-02-27",161860
"DOGE","2016-02-28",251988
"DOGE","2016-02-29",157905
"DOGE","2016-03-01",104087
"DOGE","2016-03-02",119044
"DOGE","2016-03-03",150983
"DOGE","2016-03-04",135462
"DOGE","2016-03-05",216091
"DOGE","2016-03-06",186326
"DOGE","2016-03-07",278612
"DOGE","2016-03-08",127965
"DOGE","2016-03-09",212405
"DOGE","2016-03-10",353758
"DOGE","2016-03-11",313735
"DOGE","2016-03-12",226598
"DOGE","2016-03-13",184872
"DOGE","2016-03-14",210586
"DOGE","2016-03-15",162928
"DOGE","2016-03-16",200814
"DOGE","2016-03-17",174946
"DOGE","2016-03-18",232018
"DOGE","2016-03-19",150147
"DOGE","2016-03-20",157716
"DOGE","2016-03-21",103947
"DOGE","2016-03-22",173999
"DOGE","2016-03-23",155957
"DOGE","2016-03-24",170035
"DOGE","2016-03-25",107350
"DOGE","2016-03-26",885776015625
"DOGE","2016-03-27",152500
"DOGE","2016-03-28",142163
"DOGE","2016-03-29",1369190
"DOGE","2016-03-30",587060
"DOGE","2016-03-31",256164
"DOGE","2016-04-01",151122
"DOGE","2016-04-02",126287
"DOGE","2016-04-03",143700
"DOGE","2016-04-04",100592
"DOGE","2016-04-05",164210
"DOGE","2016-04-06",127899
"DOGE","2016-04-07",125769
"DOGE","2016-04-08",149434
"DOGE","2016-04-09",951353984375
"DOGE","2016-04-10",254353
"DOGE","2016-04-11",173354
"DOGE","2016-04-12",345682
"DOGE","2016-04-13",292317
"DOGE","2016-04-14",184092
"DOGE","2016-04-15",131113
"DOGE","2016-04-16",76420
"DOGE","2016-04-17",815863984375
"DOGE","2016-04-18",136890
"DOGE","2016-04-19",106188
"DOGE","2016-04-20",108274
"DOGE","2016-04-21",108092
"DOGE","2016-04-22",5483769921875
"DOGE","2016-04-23",100389
"DOGE","2016-04-24",144668
"DOGE","2016-04-25",200268
"DOGE","2016-04-26",154354
"DOGE","2016-04-27",164060
"DOGE","2016-04-28",131177
"DOGE","2016-04-29",95090296875
"DOGE","2016-04-30",78879703125
"DOGE","2016-05-01",5774419921875
"DOGE","2016-05-02",938588984375
"DOGE","2016-05-03",95400703125
"DOGE","2016-05-04",71238703125
"DOGE","2016-05-05",149567
"DOGE","2016-05-06",922501015625
"DOGE","2016-05-07",837541015625
"DOGE","2016-05-08",4696080078125
"DOGE","2016-05-09",75340203125
"DOGE","2016-05-10",76419
"DOGE","2016-05-11",713688984375
"DOGE","2016-05-12",222479
"DOGE","2016-05-13",336712
"DOGE","2016-05-14",142382
"DOGE","2016-05-15",98803203125
"DOGE","2016-05-16",118082
"DOGE","2016-05-17",109327
"DOGE","2016-05-18",83520296875
"DOGE","2016-05-19",163249
"DOGE","2016-05-20",150154
"DOGE","2016-05-21",46799
"DOGE","2016-05-22",670266015625
"DOGE","2016-05-23",561051015625
"DOGE","2016-05-24",6538269921875
"DOGE","2016-05-25",926683984375
"DOGE","2016-05-26",86853
"DOGE","2016-05-27",336255
"DOGE","2016-05-28",364972
"DOGE","2016-05-29",340639
"DOGE","2016-05-30",147592
"DOGE","2016-05-31",181107
"DOGE","2016-06-01",113517
"DOGE","2016-06-02",822748984375
"DOGE","2016-06-03",116288
"DOGE","2016-06-04",107638
"DOGE","2016-06-05",67034203125
"DOGE","2016-06-06",112362
"DOGE","2016-06-07",185525
"DOGE","2016-06-08",180955
"DOGE","2016-06-09",520075
"DOGE","2016-06-10",337925
"DOGE","2016-06-11",199328
"DOGE","2016-06-12",595447
"DOGE","2016-06-13",827824
"DOGE","2016-06-14",1283070
"DOGE","2016-06-15",363588
"DOGE","2016-06-16",398411
"DOGE","2016-06-17",688175
"DOGE","2016-06-18",303988
"DOGE","2016-06-19",442660
"DOGE","2016-06-20",516209
"DOGE","2016-06-21",662975
"DOGE","2016-06-22",441160
"DOGE","2016-06-23",501034
"DOGE","2016-06-24",459727
"DOGE","2016-06-25",338125
"DOGE","2016-06-26",234233
"DOGE","2016-06-27",171751
"DOGE","2016-06-28",691171
"DOGE","2016-06-29",351281
"DOGE","2016-06-30",359916
"DOGE","2016-07-01",270360
"DOGE","2016-07-02",159445
"DOGE","2016-07-03",472627
"DOGE","2016-07-04",181751
"DOGE","2016-07-05",182004
"DOGE","2016-07-06",1777410
"DOGE","2016-07-07",238794
"DOGE","2016-07-08",247412
"DOGE","2016-07-09",146328
"DOGE","2016-07-10",116616
"DOGE","2016-07-11",223700
"DOGE","2016-07-12",382756
"DOGE","2016-07-13",228096
"DOGE","2016-07-14",161058
"DOGE","2016-07-15",120831
"DOGE","2016-07-16",824763984375
"DOGE","2016-07-17",125107
"DOGE","2016-07-18",232515
"DOGE","2016-07-19",257203
"DOGE","2016-07-20",174826
"DOGE","2016-07-21",252756
"DOGE","2016-07-22",216280
"DOGE","2016-07-23",328851
"DOGE","2016-07-24",273570
"DOGE","2016-07-25",108561
"DOGE","2016-07-26",206520
"DOGE","2016-07-27",153832
"DOGE","2016-07-28",84121703125
"DOGE","2016-07-29",981468984375
"DOGE","2016-07-30",589866015625
"DOGE","2016-07-31",89186796875
"DOGE","2016-08-01",130186
"DOGE","2016-08-02",225484
"DOGE","2016-08-03",191331
"DOGE","2016-08-04",143676
"DOGE","2016-08-05",123728
"DOGE","2016-08-06",278089
"DOGE","2016-08-07",1567680
"DOGE","2016-08-08",600323
"DOGE","2016-08-09",302290
"DOGE","2016-08-10",263827
"DOGE","2016-08-11",190175
"DOGE","2016-08-12",136558
"DOGE","2016-08-13",987686015625
"DOGE","2016-08-14",405881
"DOGE","2016-08-15",355769
"DOGE","2016-08-16",707776
"DOGE","2016-08-17",312708
"DOGE","2016-08-18",170275
"DOGE","2016-08-19",311444
"DOGE","2016-08-20",167039
"DOGE","2016-08-21",121065
"DOGE","2016-08-22",375078
"DOGE","2016-08-23",331014
"DOGE","2016-08-24",225706
"DOGE","2016-08-25",151207
"DOGE","2016-08-26",139823
"DOGE","2016-08-27",932303984375
"DOGE","2016-08-28",240313
"DOGE","2016-08-29",217469
"DOGE","2016-08-30",242014
"DOGE","2016-08-31",181570
"DOGE","2016-09-01",203953
"DOGE","2016-09-02",164747
"DOGE","2016-09-03",270431
"DOGE","2016-09-04",290452
"DOGE","2016-09-05",254656
"DOGE","2016-09-06",199043
"DOGE","2016-09-07",213195
"DOGE","2016-09-08",139759
"DOGE","2016-09-09",102465
"DOGE","2016-09-10",983966015625
"DOGE","2016-09-11",96144
"DOGE","2016-09-12",128679
"DOGE","2016-09-13",65946703125
"DOGE","2016-09-14",141810
"DOGE","2016-09-15",305283
"DOGE","2016-09-16",775759
"DOGE","2016-09-17",375370
"DOGE","2016-09-18",159346
"DOGE","2016-09-19",178186
"DOGE","2016-09-20",131253
"DOGE","2016-09-21",314763
"DOGE","2016-09-22",109829
"DOGE","2016-09-23",230223
"DOGE","2016-09-24",952306015625
"DOGE","2016-09-25",93891203125
"DOGE","2016-09-26",164711
"DOGE","2016-09-27",140515
"DOGE","2016-09-28",154501
"DOGE","2016-09-29",175265
"DOGE","2016-09-30",147126
"DOGE","2016-10-01",149333
"DOGE","2016-10-02",637681015625
"DOGE","2016-10-03",143210
"DOGE","2016-10-04",121528
"DOGE","2016-10-05",5900580078125
"DOGE","2016-10-06",316034
"DOGE","2016-10-07",100431
"DOGE","2016-10-08",91295
"DOGE","2016-10-09",72974
"DOGE","2016-10-10",743041015625
"DOGE","2016-10-11",255195
"DOGE","2016-10-12",136557
"DOGE","2016-10-13",74930296875
"DOGE","2016-10-14",94112
"DOGE","2016-10-15",543186015625
"DOGE","2016-10-16",732121015625
"DOGE","2016-10-17",943796015625
"DOGE","2016-10-18",63436
"DOGE","2016-10-19",102827
"DOGE","2016-10-20",725483984375
"DOGE","2016-10-21",5062430078125
"DOGE","2016-10-22",104100
"DOGE","2016-10-23",64536
"DOGE","2016-10-24",790793984375
"DOGE","2016-10-25",93590703125
"DOGE","2016-10-26",143192
"DOGE","2016-10-27",122038
"DOGE","2016-10-28",957983984375
"DOGE","2016-10-29",563580
"DOGE","2016-10-30",112318
"DOGE","2016-10-31",147892
"DOGE","2016-11-01",169851
"DOGE","2016-11-02",71283796875
"DOGE","2016-11-03",157604
"DOGE","2016-11-04",745841015625
"DOGE","2016-11-05",5184919921875
"DOGE","2016-11-06",673051015625
"DOGE","2016-11-07",922936
"DOGE","2016-11-08",186033
"DOGE","2016-11-09",117069
"DOGE","2016-11-10",113130
"DOGE","2016-11-11",111646
"DOGE","2016-11-12",198530
"DOGE","2016-11-13",145317
"DOGE","2016-11-14",549948984375
"DOGE","2016-11-15",106308
"DOGE","2016-11-16",133220
"DOGE","2016-11-17",106863
"DOGE","2016-11-18",142607
"DOGE","2016-11-19",5645580078125
"DOGE","2016-11-20",840471015625
"DOGE","2016-11-21",751653984375
"DOGE","2016-11-22",78701
"DOGE","2016-11-23",71915
"DOGE","2016-11-24",106697
"DOGE","2016-11-25",5505230078125
"DOGE","2016-11-26",514496015625
"DOGE","2016-11-27",6476030078125
"DOGE","2016-11-28",77058203125
"DOGE","2016-11-29",75058703125
"DOGE","2016-11-30",50524
"DOGE","2016-12-01",121422
"DOGE","2016-12-02",94692
"DOGE","2016-12-03",79711796875
"DOGE","2016-12-04",55311
"DOGE","2016-12-05",125542
"DOGE","2016-12-06",567708984375
"DOGE","2016-12-07",78009296875
"DOGE","2016-12-08",73483296875
"DOGE","2016-12-09",70556
"DOGE","2016-12-10",113819
"DOGE","2016-12-11",164021
"DOGE","2016-12-12",111702
"DOGE","2016-12-13",825313984375
"DOGE","2016-12-14",600836015625
"DOGE","2016-12-15",100360
"DOGE","2016-12-16",920831015625
"DOGE","2016-12-17",155943
"DOGE","2016-12-18",734068984375
"DOGE","2016-12-19",225757
"DOGE","2016-12-20",186803
"DOGE","2016-12-21",205205
"DOGE","2016-12-22",260272
"DOGE","2016-12-23",378406
"DOGE","2016-12-24",422843
"DOGE","2016-12-25",241911
"DOGE","2016-12-26",141805
"DOGE","2016-12-27",251069
"DOGE","2016-12-28",295278
"DOGE","2016-12-29",214764
"DOGE","2016-12-30",176730
"DOGE","2016-12-31",73496
"DOGE","2017-01-01",136829
"DOGE","2017-01-02",195520
"DOGE","2017-01-03",132352
"DOGE","2017-01-04",442095
"DOGE","2017-01-05",994730
"DOGE","2017-01-06",305084
"DOGE","2017-01-07",315096
"DOGE","2017-01-08",132159
"DOGE","2017-01-09",160173
"DOGE","2017-01-10",204249
"DOGE","2017-01-11",458200
"DOGE","2017-01-12",263155
"DOGE","2017-01-13",108930
"DOGE","2017-01-14",71387796875
"DOGE","2017-01-15",77839203125
"DOGE","2017-01-16",103512
"DOGE","2017-01-17",161002
"DOGE","2017-01-18",98052296875
"DOGE","2017-01-19",64430
"DOGE","2017-01-20",72039796875
"DOGE","2017-01-21",131115
"DOGE","2017-01-22",729226015625
"DOGE","2017-01-23",608726015625
"DOGE","2017-01-24",5954469921875
"DOGE","2017-01-25",716361015625
"DOGE","2017-01-26",93096203125
"DOGE","2017-01-27",114996
"DOGE","2017-01-28",54080
"DOGE","2017-01-29",88538203125
"DOGE","2017-01-30",606158984375
"DOGE","2017-01-31",122078
"DOGE","2017-02-01",83192
"DOGE","2017-02-02",767336015625
"DOGE","2017-02-03",112018
"DOGE","2017-02-04",113546
"DOGE","2017-02-05",99077796875
"DOGE","2017-02-06",90883796875
"DOGE","2017-02-07",110704
"DOGE","2017-02-08",162662
"DOGE","2017-02-09",200542
"DOGE","2017-02-10",946766015625
"DOGE","2017-02-11",94779203125
"DOGE","2017-02-12",966178984375
"DOGE","2017-02-13",128635
"DOGE","2017-02-14",129514
"DOGE","2017-02-15",154245
"DOGE","2017-02-16",135279
"DOGE","2017-02-17",153199
"DOGE","2017-02-18",158688
"DOGE","2017-02-19",74856203125
"DOGE","2017-02-20",891406015625
"DOGE","2017-02-21",102673
"DOGE","2017-02-22",108610
"DOGE","2017-02-23",110405
"DOGE","2017-02-24",118202
"DOGE","2017-02-25",6448519921875
"DOGE","2017-02-26",550073984375
"DOGE","2017-02-27",115816
"DOGE","2017-02-28",90931796875
"DOGE","2017-03-01",136870
"DOGE","2017-03-02",203994
"DOGE","2017-03-03",146345
"DOGE","2017-03-04",94177
"DOGE","2017-03-05",69489796875
"DOGE","2017-03-06",111585
"DOGE","2017-03-07",169049
"DOGE","2017-03-08",242738
"DOGE","2017-03-09",110162
"DOGE","2017-03-10",327829
"DOGE","2017-03-11",142059
"DOGE","2017-03-12",320578
"DOGE","2017-03-13",998448
"DOGE","2017-03-14",350586
"DOGE","2017-03-15",395931
"DOGE","2017-03-16",448480
"DOGE","2017-03-17",393182
"DOGE","2017-03-18",474001
"DOGE","2017-03-19",335532
"DOGE","2017-03-20",339899
"DOGE","2017-03-21",243988
"DOGE","2017-03-22",344528
"DOGE","2017-03-23",195765
"DOGE","2017-03-24",1776640
"DOGE","2017-03-25",1274960
"DOGE","2017-03-26",1203110
"DOGE","2017-03-27",1082440
"DOGE","2017-03-28",708276
"DOGE","2017-03-29",399763
"DOGE","2017-03-30",1673200
"DOGE","2017-03-31",2525700
"DOGE","2017-04-01",1030280
"DOGE","2017-04-02",4276890
"DOGE","2017-04-03",8704480
"DOGE","2017-04-04",3070990
"DOGE","2017-04-05",1696750
"DOGE","2017-04-06",2738610
"DOGE","2017-04-07",2669470
"DOGE","2017-04-08",1249660
"DOGE","2017-04-09",1720980
"DOGE","2017-04-10",1181340
"DOGE","2017-04-11",694146
"DOGE","2017-04-12",940905
"DOGE","2017-04-13",1421850
"DOGE","2017-04-14",1462360
"DOGE","2017-04-15",892718
"DOGE","2017-04-16",1835340
"DOGE","2017-04-17",1791470
"DOGE","2017-04-18",1308510
"DOGE","2017-04-19",940790
"DOGE","2017-04-20",1828250
"DOGE","2017-04-21",692528
"DOGE","2017-04-22",853796
"DOGE","2017-04-23",3778280
"DOGE","2017-04-24",1427570
"DOGE","2017-04-25",1498410
"DOGE","2017-04-26",1349140
"DOGE","2017-04-27",4707330
"DOGE","2017-04-28",4437500
"DOGE","2017-04-29",5870990
"DOGE","2017-04-30",3614180
"DOGE","2017-05-01",5565600
"DOGE","2017-05-02",5211860
"DOGE","2017-05-03",4436450
"DOGE","2017-05-04",4638240
"DOGE","2017-05-05",9754900
"DOGE","2017-05-06",14651900
"DOGE","2017-05-07",34856400
"DOGE","2017-05-08",23381600
"DOGE","2017-05-09",18473100
"DOGE","2017-05-10",9734520
"DOGE","2017-05-11",7417150
"DOGE","2017-05-12",6218670
"DOGE","2017-05-13",5599360
"DOGE","2017-05-14",4752270
"DOGE","2017-05-15",5239470
"DOGE","2017-05-16",7799600
"DOGE","2017-05-17",19914100
"DOGE","2017-05-18",30426900
"DOGE","2017-05-19",15752100
"DOGE","2017-05-20",23947700
"DOGE","2017-05-21",105483000
"DOGE","2017-05-22",122287000
"DOGE","2017-05-23",69025696
"DOGE","2017-05-24",55427800
"DOGE","2017-05-25",47384900
"DOGE","2017-05-26",32173900
"DOGE","2017-05-27",51605800
"DOGE","2017-05-28",34751700
"DOGE","2017-05-29",19870300
"DOGE","2017-05-30",22734100
"DOGE","2017-05-31",19840600
"DOGE","2017-06-01",23980700
"DOGE","2017-06-02",34663300
"DOGE","2017-06-03",40595200
"DOGE","2017-06-04",47092000
"DOGE","2017-06-05",53883800
"DOGE","2017-06-06",44359200
"DOGE","2017-06-07",29591900
"DOGE","2017-06-08",30213200
"DOGE","2017-06-09",25259700
"DOGE","2017-06-10",22219500
"DOGE","2017-06-11",40179500
"DOGE","2017-06-12",20308300
"DOGE","2017-06-13",15386000
"DOGE","2017-06-14",14116100
"DOGE","2017-06-15",15751600
"DOGE","2017-06-16",13983500
"DOGE","2017-06-17",16275900
"DOGE","2017-06-18",9348420
"DOGE","2017-06-19",12364900
"DOGE","2017-06-20",15050400
"DOGE","2017-06-21",14635800
"DOGE","2017-06-22",9515860
"DOGE","2017-06-23",9479750
"DOGE","2017-06-24",12055500
"DOGE","2017-06-25",25808000
"DOGE","2017-06-26",19984800
"DOGE","2017-06-27",16548800
"DOGE","2017-06-28",9713640
"DOGE","2017-06-29",6596660
"DOGE","2017-06-30",4828560
"DOGE","2017-07-01",5623250
"DOGE","2017-07-02",6310430
"DOGE","2017-07-03",7488410
"DOGE","2017-07-04",5302360
"DOGE","2017-07-05",17293700
"DOGE","2017-07-06",10702300
"DOGE","2017-07-07",7367710
"DOGE","2017-07-08",8176760
"DOGE","2017-07-09",4122620
"DOGE","2017-07-10",7350820
"DOGE","2017-07-11",9803180
"DOGE","2017-07-12",9627830
"DOGE","2017-07-13",6931840
"DOGE","2017-07-14",3700410
"DOGE","2017-07-15",3788270
"DOGE","2017-07-16",4390690
"DOGE","2017-07-17",4765630
"DOGE","2017-07-18",10344200
"DOGE","2017-07-19",8549310
"DOGE","2017-07-20",7934090
"DOGE","2017-07-21",6889580
"DOGE","2017-07-22",6184110
"DOGE","2017-07-23",10407100
"DOGE","2017-07-24",3671250
"DOGE","2017-07-25",4078660
"DOGE","2017-07-26",3897040
"DOGE","2017-07-27",3369400
"DOGE","2017-07-28",4510970
"DOGE","2017-07-29",2728040
"DOGE","2017-07-30",2110290
"DOGE","2017-07-31",3841680
"DOGE","2017-08-01",4465920
"DOGE","2017-08-02",4626730
"DOGE","2017-08-03",3213770
"DOGE","2017-08-04",3828740
"DOGE","2017-08-05",8047780
"DOGE","2017-08-06",6541340
"DOGE","2017-08-07",5318800
"DOGE","2017-08-08",4784700
"DOGE","2017-08-09",4251240
"DOGE","2017-08-10",4006990
"DOGE","2017-08-11",5135210
"DOGE","2017-08-12",7282380
"DOGE","2017-08-13",4744330
"DOGE","2017-08-14",4321530
"DOGE","2017-08-15",7095620
"DOGE","2017-08-16",3874060
"DOGE","2017-08-17",3365590
"DOGE","2017-08-18",3190510
"DOGE","2017-08-19",3028000
"DOGE","2017-08-20",3050890
"DOGE","2017-08-21",3580650
"DOGE","2017-08-22",3645340
"DOGE","2017-08-23",5481120
"DOGE","2017-08-24",4796720
"DOGE","2017-08-25",2654040
"DOGE","2017-08-26",1935350
"DOGE","2017-08-27",2241620
"DOGE","2017-08-28",3210440
"DOGE","2017-08-29",6879110
"DOGE","2017-08-30",17500900
"DOGE","2017-08-31",12968400
"DOGE","2017-09-01",16681400
"DOGE","2017-09-02",23789600
"DOGE","2017-09-03",8700780
"DOGE","2017-09-04",11195900
"DOGE","2017-09-05",11565200
"DOGE","2017-09-06",11077100
"DOGE","2017-09-07",7589980
"DOGE","2017-09-08",10583000
"DOGE","2017-09-09",6441030
"DOGE","2017-09-10",10036300
"DOGE","2017-09-11",6644960
"DOGE","2017-09-12",8575960
"DOGE","2017-09-13",4788820
"DOGE","2017-09-14",13435300
"DOGE","2017-09-15",21413000
"DOGE","2017-09-16",13242000
"DOGE","2017-09-17",6776550
"DOGE","2017-09-18",7127750
"DOGE","2017-09-19",5206600
"DOGE","2017-09-20",4641920
"DOGE","2017-09-21",3157030
"DOGE","2017-09-22",3758470
"DOGE","2017-09-23",7670640
"DOGE","2017-09-24",4928520
"DOGE","2017-09-25",9597030
"DOGE","2017-09-26",9374910
"DOGE","2017-09-27",5371580
"DOGE","2017-09-28",4485170
"DOGE","2017-09-29",5674620
"DOGE","2017-09-30",4092970
"DOGE","2017-10-01",4295630
"DOGE","2017-10-02",3145110
"DOGE","2017-10-03",2044110
"DOGE","2017-10-04",2119210
"DOGE","2017-10-05",2656730
"DOGE","2017-10-06",1505160
"DOGE","2017-10-07",1488520
"DOGE","2017-10-08",2242630
"DOGE","2017-10-09",3065770
"DOGE","2017-10-10",1909730
"DOGE","2017-10-11",2390280
"DOGE","2017-10-12",3146680
"DOGE","2017-10-13",6885520
"DOGE","2017-10-14",2216010
"DOGE","2017-10-15",2164040
"DOGE","2017-10-16",6552920
"DOGE","2017-10-17",7260740
"DOGE","2017-10-18",2446530
"DOGE","2017-10-19",2189610
"DOGE","2017-10-20",3244930
"DOGE","2017-10-21",3157240
"DOGE","2017-10-22",2583310
"DOGE","2017-10-23",3524540
"DOGE","2017-10-24",5253740
"DOGE","2017-10-25",2198320
"DOGE","2017-10-26",1559670
"DOGE","2017-10-27",1414540
"DOGE","2017-10-28",1072410
"DOGE","2017-10-29",19651600
"DOGE","2017-10-30",2979150
"DOGE","2017-10-31",3075460
"DOGE","2017-11-01",2821950
"DOGE","2017-11-02",5326660
"DOGE","2017-11-03",2813240
"DOGE","2017-11-04",1986450
"DOGE","2017-11-05",1668270
"DOGE","2017-11-06",1997300
"DOGE","2017-11-07",2251920
"DOGE","2017-11-08",3528340
"DOGE","2017-11-09",6259550
"DOGE","2017-11-10",4246520
"DOGE","2017-11-11",2231080
"DOGE","2017-11-12",3288960
"DOGE","2017-11-13",2481270
"DOGE","2017-11-14",2660340
"DOGE","2017-11-15",2840180
"DOGE","2017-11-16",3423010
"DOGE","2017-11-17",2787480
"DOGE","2017-11-18",1648260
"DOGE","2017-11-19",1431720
"DOGE","2017-11-20",2141360
"DOGE","2017-11-21",3047660
"DOGE","2017-11-22",18841700
"DOGE","2017-11-23",26126500
"DOGE","2017-11-24",9585960
"DOGE","2017-11-25",5430930
"DOGE","2017-11-26",7670430
"DOGE","2017-11-27",6185790
"DOGE","2017-11-28",8317540
"DOGE","2017-11-29",11077200
"DOGE","2017-11-30",4919490
"DOGE","2017-12-01",5258110
"DOGE","2017-12-02",4978180
"DOGE","2017-12-03",4751640
"DOGE","2017-12-04",6307150
"DOGE","2017-12-05",8772420
"DOGE","2017-12-06",9047960
"DOGE","2017-12-07",15759300
"DOGE","2017-12-08",11797600
"DOGE","2017-12-09",6564530
"DOGE","2017-12-10",5614920
"DOGE","2017-12-11",7017140
"DOGE","2017-12-12",19228600
"DOGE","2017-12-13",31150900
"DOGE","2017-12-14",23426200
"DOGE","2017-12-15",19043800
"DOGE","2017-12-16",136352992
"DOGE","2017-12-17",99417200
"DOGE","2017-12-18",44158800
"DOGE","2017-12-19",38885700
"DOGE","2017-12-20",67820000
"DOGE","2017-12-21",159154000
"DOGE","2017-12-22",63693900
"DOGE","2017-12-23",70143104
"DOGE","2017-12-24",143767008
"DOGE","2017-12-25",178008992
"DOGE","2017-12-26",124427000
"DOGE","2017-12-27",63625500
"DOGE","2017-12-28",51201500
"DOGE","2017-12-29",62474900
"DOGE","2017-12-30",56175300
"DOGE","2017-12-31",62256400
"DOGE","2018-01-01",50616900
"DOGE","2018-01-02",89424096
"DOGE","2018-01-03",66349900
"DOGE","2018-01-04",108986000
"DOGE","2018-01-05",212383008
"DOGE","2018-01-06",283716992
"DOGE","2018-01-07",288184000
"DOGE","2018-01-08",235114000
"DOGE","2018-01-09",115255000
"DOGE","2018-01-10",100243000
"DOGE","2018-01-11",62722000
"DOGE","2018-01-12",56971300
"DOGE","2018-01-13",55890600
"DOGE","2018-01-14",65899000
"DOGE","2018-01-15",62765500
"DOGE","2018-01-16",68099200
"DOGE","2018-01-17",58846200
"DOGE","2018-01-18",56599300
"DOGE","2018-01-19",30335700
"DOGE","2018-01-20",22974100
"DOGE","2018-01-21",22933100
"DOGE","2018-01-22",19968600
"DOGE","2018-01-23",17882700
"DOGE","2018-01-24",17449900
"DOGE","2018-01-25",21329400
"DOGE","2018-01-26",19572300
"DOGE","2018-01-27",11672900
"DOGE","2018-01-28",14070700
"DOGE","2018-01-29",13073100
"DOGE","2018-01-30",15855900
"DOGE","2018-01-31",14754700
"DOGE","2018-02-01",18748700
"DOGE","2018-02-02",29913700
"DOGE","2018-02-03",18018100
"DOGE","2018-02-04",12961600
"DOGE","2018-02-05",12489400
"DOGE","2018-02-06",19139100
"DOGE","2018-02-07",12990100
"DOGE","2018-02-08",9462680
"DOGE","2018-02-09",11190100
"DOGE","2018-02-10",16717300
"DOGE","2018-02-11",11309800
"DOGE","2018-02-12",11124300
"DOGE","2018-02-13",14149700
"DOGE","2018-02-14",40527400
"DOGE","2018-02-15",43275000
"DOGE","2018-02-16",26553900
"DOGE","2018-02-17",18333100
"DOGE","2018-02-18",15291500
"DOGE","2018-02-19",13019200
"DOGE","2018-02-20",107911000
"DOGE","2018-02-21",36813100
"DOGE","2018-02-22",20365500
"DOGE","2018-02-23",19390500
"DOGE","2018-02-24",15687300
"DOGE","2018-02-25",11758800
"DOGE","2018-02-26",12068600
"DOGE","2018-02-27",12201900
"DOGE","2018-02-28",13227600
"DOGE","2018-03-01",15518400
"DOGE","2018-03-02",22498100
"DOGE","2018-03-03",21545000
"DOGE","2018-03-04",12133500
"DOGE","2018-03-05",13627700
"DOGE","2018-03-06",14766900
"DOGE","2018-03-07",17585500
"DOGE","2018-03-08",15499400
"DOGE","2018-03-09",13624400
"DOGE","2018-03-10",9880540
"DOGE","2018-03-11",9251440
"DOGE","2018-03-12",7601500
"DOGE","2018-03-13",6006560
"DOGE","2018-03-14",7532350
"DOGE","2018-03-15",9316740
"DOGE","2018-03-16",6407110
"DOGE","2018-03-17",6231110
"DOGE","2018-03-18",9029610
"DOGE","2018-03-19",8278910
"DOGE","2018-03-20",6638060
"DOGE","2018-03-21",6711100
"DOGE","2018-03-22",5210480
"DOGE","2018-03-23",6178530
"DOGE","2018-03-24",4461220
"DOGE","2018-03-25",3476340
"DOGE","2018-03-26",6061990
"DOGE","2018-03-27",5235300
"DOGE","2018-03-28",4912220
"DOGE","2018-03-29",5630550
"DOGE","2018-03-30",5378440
"DOGE","2018-03-31",3505010
"DOGE","2018-04-01",3373820
"DOGE","2018-04-02",5034000
"DOGE","2018-04-03",6618080
"DOGE","2018-04-04",5330250
"DOGE","2018-04-05",4829150
"DOGE","2018-04-06",2848290
"DOGE","2018-04-07",3034220
"DOGE","2018-04-08",3683180
"DOGE","2018-04-09",4827250
"DOGE","2018-04-10",10212100
"DOGE","2018-04-11",25292400
"DOGE","2018-04-12",13877700
"DOGE","2018-04-13",18150400
"DOGE","2018-04-14",13585900
"DOGE","2018-04-15",11867500
"DOGE","2018-04-16",22272600
"DOGE","2018-04-17",17139500
"DOGE","2018-04-18",21720200
"DOGE","2018-04-19",27012500
"DOGE","2018-04-20",23110700
"DOGE","2018-04-21",25007100
"DOGE","2018-04-22",18456900
"DOGE","2018-04-23",33576300
"DOGE","2018-04-24",36637000
"DOGE","2018-04-25",38270000
"DOGE","2018-04-26",41358700
"DOGE","2018-04-27",38969800
"DOGE","2018-04-28",35916600
"DOGE","2018-04-29",37883800
"DOGE","2018-04-30",36411800
"DOGE","2018-05-01",11657500
"DOGE","2018-05-02",49958400
"DOGE","2018-05-03",50484900
"DOGE","2018-05-04",14434200
"DOGE","2018-05-05",30335800
"DOGE","2018-05-06",33446900
"DOGE","2018-05-07",25891500
"DOGE","2018-05-08",40660100
"DOGE","2018-05-09",33562300
"DOGE","2018-05-10",34878500
"DOGE","2018-05-11",27582800
"DOGE","2018-05-12",27449400
"DOGE","2018-05-13",19823500
"DOGE","2018-05-14",12399700
"DOGE","2018-05-15",21076900
"DOGE","2018-05-16",9611630
"DOGE","2018-05-17",17314000
"DOGE","2018-05-18",13622000
"DOGE","2018-05-19",15007400
"DOGE","2018-05-20",15909900
"DOGE","2018-05-21",18454500
"DOGE","2018-05-22",10205700
"DOGE","2018-05-23",14899100
"DOGE","2018-05-24",10460200
"DOGE","2018-05-25",10613600
"DOGE","2018-05-26",6353660
"DOGE","2018-05-27",3494870
"DOGE","2018-05-28",7502800
"DOGE","2018-05-29",9244550
"DOGE","2018-05-30",7463910
"DOGE","2018-05-31",8971080
"DOGE","2018-06-01",5436780
"DOGE","2018-06-02",5918490
"DOGE","2018-06-03",19570200
"DOGE","2018-06-04",22162200
"DOGE","2018-06-05",18819700
"DOGE","2018-06-06",21273700
"DOGE","2018-06-07",6110720
"DOGE","2018-06-08",6921140
"DOGE","2018-06-09",4672910
"DOGE","2018-06-10",7439530
"DOGE","2018-06-11",4841840
"DOGE","2018-06-12",4965300
"DOGE","2018-06-13",11074900
"DOGE","2018-06-14",9869880
"DOGE","2018-06-15",12125600
"DOGE","2018-06-16",6642410
"DOGE","2018-06-17",6253640
"DOGE","2018-06-18",8143520
"DOGE","2018-06-19",4460270
"DOGE","2018-06-20",3245680
"DOGE","2018-06-21",3952000
"DOGE","2018-06-22",9291920
"DOGE","2018-06-23",9938440
"DOGE","2018-06-24",9879600
"DOGE","2018-06-25",5693670
"DOGE","2018-06-26",4070170
"DOGE","2018-06-27",5765380
"DOGE","2018-06-28",3678050
"DOGE","2018-06-29",3832380
"DOGE","2018-06-30",6122900
"DOGE","2018-07-01",8435030
"DOGE","2018-07-02",5812800
"DOGE","2018-07-03",5643560
"DOGE","2018-07-04",4781340
"DOGE","2018-07-05",3792270
"DOGE","2018-07-06",4306990
"DOGE","2018-07-07",4205310
"DOGE","2018-07-08",5004800
"DOGE","2018-07-09",4233540
"DOGE","2018-07-10",6741490
"DOGE","2018-07-11",9788650
"DOGE","2018-07-12",4220800
"DOGE","2018-07-13",6191910
"DOGE","2018-07-14",4179950
"DOGE","2018-07-15",3869860
"DOGE","2018-07-16",15576200
"DOGE","2018-07-17",15429200
"DOGE","2018-07-18",39281300
"DOGE","2018-07-19",25349600
"DOGE","2018-07-20",18017900
"DOGE","2018-07-21",13342900
"DOGE","2018-07-22",11356800
"DOGE","2018-07-23",8372820
"DOGE","2018-07-24",10829100
"DOGE","2018-07-25",13195600
"DOGE","2018-07-26",6916450
"DOGE","2018-07-27",5090340
"DOGE","2018-07-28",3341480
"DOGE","2018-07-29",5890530
"DOGE","2018-07-30",13732200
"DOGE","2018-07-31",14253600
"DOGE","2018-08-01",14829700
"DOGE","2018-08-02",6942240
"DOGE","2018-08-03",9546950
"DOGE","2018-08-04",7980110
"DOGE","2018-08-05",11384200
"DOGE","2018-08-06",5668670
"DOGE","2018-08-07",5725520
"DOGE","2018-08-08",4879040
"DOGE","2018-08-09",7374010
"DOGE","2018-08-10",4693290
"DOGE","2018-08-11",5083850
"DOGE","2018-08-12",3433940
"DOGE","2018-08-13",4981090
"DOGE","2018-08-14",7512400
"DOGE","2018-08-15",5379460
"DOGE","2018-08-16",5860370
"DOGE","2018-08-17",5233940
"DOGE","2018-08-18",6738940
"DOGE","2018-08-19",2665100
"DOGE","2018-08-20",2424120
"DOGE","2018-08-21",2134170
"DOGE","2018-08-22",5962320
"DOGE","2018-08-23",2596260
"DOGE","2018-08-24",3251910
"DOGE","2018-08-25",4028740
"DOGE","2018-08-26",2912230
"DOGE","2018-08-27",3618660
"DOGE","2018-08-28",5215460
"DOGE","2018-08-29",4588400
"DOGE","2018-08-30",33967500
"DOGE","2018-08-31",77150500
"DOGE","2018-09-01",193826000
"DOGE","2018-09-02",139429000
"DOGE","2018-09-03",57158800
"DOGE","2018-09-04",32495100
"DOGE","2018-09-05",50536000
"DOGE","2018-09-06",32481300
"DOGE","2018-09-07",37618700
"DOGE","2018-09-08",48248300
"DOGE","2018-09-09",32572000
"DOGE","2018-09-10",76891600
"DOGE","2018-09-11",89882900
"DOGE","2018-09-12",59824100
"DOGE","2018-09-13",45785700
"DOGE","2018-09-14",41910000
"DOGE","2018-09-15",16956400
"DOGE","2018-09-16",21598600
"DOGE","2018-09-17",26385900
"DOGE","2018-09-18",39689500
"DOGE","2018-09-19",38645300
"DOGE","2018-09-20",25354400
"DOGE","2018-09-21",22345300
"DOGE","2018-09-22",14917600
"DOGE","2018-09-23",12445100
"DOGE","2018-09-24",17243600
"DOGE","2018-09-25",17598700
"DOGE","2018-09-26",11673600
"DOGE","2018-09-27",15096200
"DOGE","2018-09-28",14461600
"DOGE","2018-09-29",15626800
"DOGE","2018-09-30",13396600
"DOGE","2018-10-01",20096400
"DOGE","2018-10-02",15357200
"DOGE","2018-10-03",15933900
"DOGE","2018-10-04",14529600
"DOGE","2018-10-05",12566200
"DOGE","2018-10-06",13055500
"DOGE","2018-10-07",7755690
"DOGE","2018-10-08",12177400
"DOGE","2018-10-09",8996090
"DOGE","2018-10-10",10274400
"DOGE","2018-10-11",18770800
"DOGE","2018-10-12",9635600
"DOGE","2018-10-13",8095130
"DOGE","2018-10-14",7930760
"DOGE","2018-10-15",18579800
"DOGE","2018-10-16",11794600
"DOGE","2018-10-17",24144600
"DOGE","2018-10-18",22842600
"DOGE","2018-10-19",17274700
"DOGE","2018-10-20",7574780
"DOGE","2018-10-21",7521080
"DOGE","2018-10-22",10602500
"DOGE","2018-10-23",12913100
"DOGE","2018-10-24",17832300
"DOGE","2018-10-25",12336100
"DOGE","2018-10-26",16214900
"DOGE","2018-10-27",23286000
"DOGE","2018-10-28",11694700
"DOGE","2018-10-29",14051900
"DOGE","2018-10-30",11828900
"DOGE","2018-10-31",14273900
"DOGE","2018-11-01",10034100
"DOGE","2018-11-02",11323400
"DOGE","2018-11-03",7815160
"DOGE","2018-11-04",8992540
"DOGE","2018-11-05",11645300
"DOGE","2018-11-06",15554100
"DOGE","2018-11-07",10603600
"DOGE","2018-11-08",13533900
"DOGE","2018-11-09",18644000
"DOGE","2018-11-10",15996900
"DOGE","2018-11-11",8201330
"DOGE","2018-11-12",10401200
"DOGE","2018-11-13",7309800
"DOGE","2018-11-14",15358000
"DOGE","2018-11-15",22776600
"DOGE","2018-11-16",24758900
"DOGE","2018-11-17",18533300
"DOGE","2018-11-18",11556400
"DOGE","2018-11-19",16481100
"DOGE","2018-11-20",20588800
"DOGE","2018-11-21",28366700
"DOGE","2018-11-22",13264200
"DOGE","2018-11-23",11322000
"DOGE","2018-11-24",11318100
"DOGE","2018-11-25",11793900
"DOGE","2018-11-26",11991200
"DOGE","2018-11-27",11737900
"DOGE","2018-11-28",14675800
"DOGE","2018-11-29",128486167197877
"DOGE","2018-11-30",112897291823192
"DOGE","2018-12-01",95963265456771
"DOGE","2018-12-02",934651369692851
"DOGE","2018-12-03",124817244657872
"DOGE","2018-12-04",178513885861547
"DOGE","2018-12-05",206346885332709
"DOGE","2018-12-06",247661522058741
"DOGE","2018-12-07",27761895029927
"DOGE","2018-12-08",187418676311327
"DOGE","2018-12-09",169619698685691
"DOGE","2018-12-10",15898037633316
"DOGE","2018-12-11",160966404468821
"DOGE","2018-12-12",185640068367806
"DOGE","2018-12-13",176604167077338
"DOGE","2018-12-14",161634538831345
"DOGE","2018-12-15",135790482607641
"DOGE","2018-12-16",16084724631873
"DOGE","2018-12-17",386330666478994
"DOGE","2018-12-18",398388796480741
"DOGE","2018-12-19",298740950258018
"DOGE","2018-12-20",237130343709016
"DOGE","2018-12-21",223997772676462
"DOGE","2018-12-22",184566155911074
"DOGE","2018-12-23",200414911279096
"DOGE","2018-12-24",245369657488298
"DOGE","2018-12-25",193405473207908
"DOGE","2018-12-26",174776192632948
"DOGE","2018-12-27",192249323330298
"DOGE","2018-12-28",194398946548724
"DOGE","2018-12-29",169850147042373
"DOGE","2018-12-30",168460191882694
"DOGE","2018-12-31",18724787783926
"DOGE","2019-01-01",173647437527231
"DOGE","2019-01-02",180153924024273
"DOGE","2019-01-03",176192344212152
"DOGE","2019-01-04",195300998960146
"DOGE","2019-01-05",171485860189714
"DOGE","2019-01-06",181751113578102
"DOGE","2019-01-07",158990038160263
"DOGE","2019-01-08",209944166554332
"DOGE","2019-01-09",17010797289532
"DOGE","2019-01-10",211741091382673
"DOGE","2019-01-11",171872432258367
"DOGE","2019-01-12",14167258362313
"DOGE","2019-01-13",180593055252369
"DOGE","2019-01-14",185348431627875
"DOGE","2019-01-15",159863478628574
"DOGE","2019-01-16",136561806426611
"DOGE","2019-01-17",138822171245462
"DOGE","2019-01-18",12471672187675
"DOGE","2019-01-19",160888202879671
"DOGE","2019-01-20",161780076222378
"DOGE","2019-01-21",172059207499122
"DOGE","2019-01-22",189718369152753
"DOGE","2019-01-23",156721152523187
"DOGE","2019-01-24",158258053378017
"DOGE","2019-01-25",159531212971981
"DOGE","2019-01-26",155880788368134
"DOGE","2019-01-27",162333375222709
"DOGE","2019-01-28",162651364186979
"DOGE","2019-01-29",148098438006474
"DOGE","2019-01-30",118130180486813
"DOGE","2019-01-31",138240592741342
"DOGE","2019-02-01",174117511476431
"DOGE","2019-02-02",131846628274314
"DOGE","2019-02-03",153544090015635
"DOGE","2019-02-04",131691255393294
"DOGE","2019-02-05",139833163899525
"DOGE","2019-02-06",152463403294259
"DOGE","2019-02-07",142282482825743
"DOGE","2019-02-08",179560519078616
"DOGE","2019-02-09",144555292481076
"DOGE","2019-02-10",158283705988155
"DOGE","2019-02-11",15220889183601
"DOGE","2019-02-12",169710976762724
"DOGE","2019-02-13",154404514883199
"DOGE","2019-02-14",168794224793957
"DOGE","2019-02-15",147541601132807
"DOGE","2019-02-16",143512565754735
"DOGE","2019-02-17",192086586233381
"DOGE","2019-02-18",264574933706552
"DOGE","2019-02-19",268838362124863
"DOGE","2019-02-20",209760831161042
"DOGE","2019-02-21",183085752725881
"DOGE","2019-02-22",198500278133579
"DOGE","2019-02-23",204870038246606
"DOGE","2019-02-24",251719468958647
"DOGE","2019-02-25",209658517911966
"DOGE","2019-02-26",19292966341926
"DOGE","2019-02-27",19512740000614
"DOGE","2019-02-28",181912760355319
"DOGE","2019-03-01",187775668984902
"DOGE","2019-03-02",173305504955479
"DOGE","2019-03-03",157539834228013
"DOGE","2019-03-04",1674453268956
"DOGE","2019-03-05",194207393729921
"DOGE","2019-03-06",173750793385922
"DOGE","2019-03-07",179760883914482
"DOGE","2019-03-08",17551403686868
"DOGE","2019-03-09",173488330389795
"DOGE","2019-03-10",145971778644497
"DOGE","2019-03-11",202122584280106
"DOGE","2019-03-12",208171648981439
"DOGE","2019-03-13",173664621671085
"DOGE","2019-03-14",126754181710234
"DOGE","2019-03-15",144697934415624
"DOGE","2019-03-16",172626604655832
"DOGE","2019-03-17",176830100801819
"DOGE","2019-03-18",219587926756384
"DOGE","2019-03-19",205491622963272
"DOGE","2019-03-20",179122763308921
"DOGE","2019-03-21",189619367430832
"DOGE","2019-03-22",172435481742319
"DOGE","2019-03-23",157247620055816
"DOGE","2019-03-24",165417207023219
"DOGE","2019-03-25",175558183578226
"DOGE","2019-03-26",193544978984875
"DOGE","2019-03-27",231945016275147
"DOGE","2019-03-28",205587614211808
"DOGE","2019-03-29",215820488715471
"DOGE","2019-03-30",192127883766832
"DOGE","2019-03-31",187853001572422
"DOGE","2019-04-01",491168938185979
"DOGE","2019-04-02",602983623992124
"DOGE","2019-04-03",898632868021211
"DOGE","2019-04-04",164634740849062
"DOGE","2019-04-05",633311360609008
"DOGE","2019-04-06",463438098939581
"DOGE","2019-04-07",502249841177995
"DOGE","2019-04-08",62195172913036
"DOGE","2019-04-09",532107033270234
"DOGE","2019-04-10",507187613772146
"DOGE","2019-04-11",458812091104061
"DOGE","2019-04-12",428788774823252
"DOGE","2019-04-13",348708655489478
"DOGE","2019-04-14",30693264077066
"DOGE","2019-04-15",366694370749382
"DOGE","2019-04-16",31946319890028
"DOGE","2019-04-17",320279219711555
"DOGE","2019-04-18",42590190400933
"DOGE","2019-04-19",360593382448342
"DOGE","2019-04-20",355423769333333
"DOGE","2019-04-21",370779861508474
"DOGE","2019-04-22",363346211044187
"DOGE","2019-04-23",372615467433892
"DOGE","2019-04-24",432292768622801
"DOGE","2019-04-25",334220712405378
"DOGE","2019-04-26",330704935930863
"DOGE","2019-04-27",271942240941438
"DOGE","2019-04-28",256002723813347
"DOGE","2019-04-29",329740559744166
"DOGE","2019-04-30",347532610652076
"DOGE","2019-05-01",303167819738433
"DOGE","2019-05-02",345062721028941
"DOGE","2019-05-03",409697764309508
"DOGE","2019-05-04",398148722105671
"DOGE","2019-05-05",331619341901989
"DOGE","2019-05-06",370207997497111
"DOGE","2019-05-07",381438646782333
"DOGE","2019-05-08",322007035319745
"DOGE","2019-05-09",307202371448596
"DOGE","2019-05-10",32480632664915
"DOGE","2019-05-11",485218743479659
"DOGE","2019-05-12",445770973755086
"DOGE","2019-05-13",470112551404063
"DOGE","2019-05-14",58434919790625
"DOGE","2019-05-15",576732539158262
"DOGE","2019-05-16",681284829680083
"DOGE","2019-05-17",664953989551568
"DOGE","2019-05-18",548496758977168
"DOGE","2019-05-19",638839324071328
"DOGE","2019-05-20",564404624363383
"DOGE","2019-05-21",548456908684016
"DOGE","2019-05-22",600165311201659
"DOGE","2019-05-23",554284774389125
"DOGE","2019-05-24",617674969126325
"DOGE","2019-05-25",582144087774491
"DOGE","2019-05-26",689099159581921
"DOGE","2019-05-27",768584818787837
"DOGE","2019-05-28",678506922312919
"DOGE","2019-05-29",742447610018623
"DOGE","2019-05-30",972524914055211
"DOGE","2019-05-31",852040908686295
"DOGE","2019-06-01",850932792528348
"DOGE","2019-06-02",743157689198226
"DOGE","2019-06-03",768170426817348
"DOGE","2019-06-04",777257353088263
"DOGE","2019-06-05",725613286241263
"DOGE","2019-06-06",716081226860876
"DOGE","2019-06-07",712880692687859
"DOGE","2019-06-08",696994263085004
"DOGE","2019-06-09",694389499480631
"DOGE","2019-06-10",698228426604027
"DOGE","2019-06-11",650708883807757
"DOGE","2019-06-12",695431658796185
"DOGE","2019-06-13",669736943343007
"DOGE","2019-06-14",592528534892745
"DOGE","2019-06-15",634364225832008
"DOGE","2019-06-16",687891124217973
"DOGE","2019-06-17",603866663129874
"DOGE","2019-06-18",549089909291603
"DOGE","2019-06-19",355625983937097
"DOGE","2019-06-20",361021258917413
"DOGE","2019-06-21",424238409384006
"DOGE","2019-06-22",57373527638734
"DOGE","2019-06-23",442293395334824
"DOGE","2019-06-24",42747864637921
"DOGE","2019-06-25",410018258846475
"DOGE","2019-06-26",645289052591513
"DOGE","2019-06-27",761655765602405
"DOGE","2019-06-28",653107776240895
"DOGE","2019-06-29",465944806774358
"DOGE","2019-06-30",435491738385193
"DOGE","2019-07-01",427719930683553
"DOGE","2019-07-02",415811092587323
"DOGE","2019-07-03",375861273854695
"DOGE","2019-07-04",364333303454306
"DOGE","2019-07-05",187924151068634
"DOGE","2019-07-06",650317843287356
"DOGE","2019-07-07",443796488370941
"DOGE","2019-07-08",416827118328632
"DOGE","2019-07-09",426138265390235
"DOGE","2019-07-10",490785767475749
"DOGE","2019-07-11",436091234482063
"DOGE","2019-07-12",354282393047792
"DOGE","2019-07-13",272432010753045
"DOGE","2019-07-14",363398610877694
"DOGE","2019-07-15",430280861240384
"DOGE","2019-07-16",409808330949996
"DOGE","2019-07-17",418380013760068
"DOGE","2019-07-18",402183555316821
"DOGE","2019-07-19",209565406107122
"DOGE","2019-07-20",234242271015402
"DOGE","2019-07-21",183498744840411
"DOGE","2019-07-22",191746764787845
"DOGE","2019-07-23",210069157548452
"DOGE","2019-07-24",238406810715595
"DOGE","2019-07-25",206539748378953
"DOGE","2019-07-26",194389791810734
"DOGE","2019-07-27",209011846734241
"DOGE","2019-07-28",198781030001506
"DOGE","2019-07-29",190542002862351
"DOGE","2019-07-30",16899415718944
"DOGE","2019-07-31",213109769162826
"DOGE","2019-08-01",202065431171833
"DOGE","2019-08-02",185509537319513
"DOGE","2019-08-03",1581394337194
"DOGE","2019-08-04",192386552920587
"DOGE","2019-08-05",310372393510026
"DOGE","2019-08-06",197861327839634
"DOGE","2019-08-07",26551304569203
"DOGE","2019-08-08",169937414590581
"DOGE","2019-08-09",215282979690555
"DOGE","2019-08-10",179208827485611
"DOGE","2019-08-11",16229246382166
"DOGE","2019-08-12",21554919304028
"DOGE","2019-08-13",273085346651181
"DOGE","2019-08-14",343843395625633
"DOGE","2019-08-15",321246441823139
"DOGE","2019-08-16",197957889629396
"DOGE","2019-08-17",187475650051826
"DOGE","2019-08-18",208326016012301
"DOGE","2019-08-19",203010717990502
"DOGE","2019-08-20",196824544878902
"DOGE","2019-08-21",210569188457948
"DOGE","2019-08-22",218130546014998
"DOGE","2019-08-23",216158071267572
"DOGE","2019-08-24",222990274862263
"DOGE","2019-08-25",227277273205713
"DOGE","2019-08-26",229747497465541
"DOGE","2019-08-27",212500340663783
"DOGE","2019-08-28",236028794136369
"DOGE","2019-08-29",286415092374753
"DOGE","2019-08-30",238091871151772
"DOGE","2019-08-31",239272767131349
"DOGE","2019-09-01",227425190295317
"DOGE","2019-09-02",259992389960398
"DOGE","2019-09-03",405486118456474
"DOGE","2019-09-04",276231034166805
"DOGE","2019-09-05",322851014185989
"DOGE","2019-09-06",295777766872315
"DOGE","2019-09-07",347440182680225
"DOGE","2019-09-08",315065144439005
"DOGE","2019-09-09",345822122501602
"DOGE","2019-09-10",298519566592929
"DOGE","2019-09-11",303088130875752
"DOGE","2019-09-12",385156733909349
"DOGE","2019-09-13",341722041001883
"DOGE","2019-09-14",362538398898771
"DOGE","2019-09-15",358626859924728
"DOGE","2019-09-16",311152878042356
"DOGE","2019-09-17",389346621825331
"DOGE","2019-09-18",455269715009939
"DOGE","2019-09-19",464636651504918
"DOGE","2019-09-20",453374158299165
"DOGE","2019-09-21",478015852597651
"DOGE","2019-09-22",379978834271287
"DOGE","2019-09-23",356034010476336
"DOGE","2019-09-24",560483533772212
"DOGE","2019-09-25",589929777938936
"DOGE","2019-09-26",469655708966407
"DOGE","2019-09-27",476596800034127
"DOGE","2019-09-28",362395571828688
"DOGE","2019-09-29",418615295124873
"DOGE","2019-09-30",569207603301077
"DOGE","2019-10-01",405637872963361
"DOGE","2019-10-02",421218301090987
"DOGE","2019-10-03",367883439679068
"DOGE","2019-10-04",428429024832895
"DOGE","2019-10-05",393600960185755
"DOGE","2019-10-06",400939234087071
"DOGE","2019-10-07",481179791198095
"DOGE","2019-10-08",496226396455985
"DOGE","2019-10-09",398688703674641
"DOGE","2019-10-10",494142695347375
"DOGE","2019-10-11",407696574078842
"DOGE","2019-10-12",454875998973139
"DOGE","2019-10-13",63249479396284
"DOGE","2019-10-14",624603241610596
"DOGE","2019-10-15",509799586674152
"DOGE","2019-10-16",504055330894475
"DOGE","2019-10-17",692694996269128
"DOGE","2019-10-18",609096329926709
"DOGE","2019-10-19",698045243995527
"DOGE","2019-10-20",737447117299936
"DOGE","2019-10-21",828884355507991
"DOGE","2019-10-22",755215528366316
"DOGE","2019-10-23",791412470413926
"DOGE","2019-10-24",811901061750567
"DOGE","2019-10-25",985332784658495
"DOGE","2019-10-26",118574429353345
"DOGE","2019-10-27",995513555376814
"DOGE","2019-10-28",922316502579514
"DOGE","2019-10-29",843947490352777
"DOGE","2019-10-30",881322243827872
"DOGE","2019-10-31",721019418179559
"DOGE","2019-11-01",78282711495676
"DOGE","2019-11-02",632324233394071
"DOGE","2019-11-03",578947111874407
"DOGE","2019-11-04",640405004126823
"DOGE","2019-11-05",784587016572228
"DOGE","2019-11-06",882122032310678
"DOGE","2019-11-07",971413682276354
"DOGE","2019-11-08",880390871602999
"DOGE","2019-11-09",931200710156366
"DOGE","2019-11-10",967349585537409
"DOGE","2019-11-11",846081484996383
"DOGE","2019-11-12",725068224380852
"DOGE","2019-11-13",809744774255422
"DOGE","2019-11-14",773599491478105
"DOGE","2019-11-15",788882514129003
"DOGE","2019-11-16",715314571506515
"DOGE","2019-11-17",744987870056251
"DOGE","2019-11-18",725214492425796
"DOGE","2019-11-19",855575752946453
"DOGE","2019-11-20",772862600189228
"DOGE","2019-11-21",959994258294644
"DOGE","2019-11-22",109619351392331
"DOGE","2019-11-23",112247813666494
"DOGE","2019-11-24",101469802540679
"DOGE","2019-11-25",129591062410009
"DOGE","2019-11-26",100273989631235
"DOGE","2019-11-27",100345293823128
"DOGE","2019-11-28",97959428042528
"DOGE","2019-11-29",978598452501035
"DOGE","2019-11-30",895656107131885
"DOGE","2019-12-01",770078088923259
"DOGE","2019-12-02",667825096841599
"DOGE","2019-12-03",625087317760223
"DOGE","2019-12-04",731514423317911
"DOGE","2019-12-05",667577920866592
"DOGE","2019-12-06",669329582195615
"DOGE","2019-12-07",629330993132765
"DOGE","2019-12-08",554422390168356
"DOGE","2019-12-09",626967530350412
"DOGE","2019-12-10",698024635995601
"DOGE","2019-12-11",641080617587459
"DOGE","2019-12-12",662386900620332
"DOGE","2019-12-13",65851726231423
"DOGE","2019-12-14",718497174527259
"DOGE","2019-12-15",664919903615566
"DOGE","2019-12-16",683700947465288
"DOGE","2019-12-17",853499278724469
"DOGE","2019-12-18",981471087986645
"DOGE","2019-12-19",790645736966768
"DOGE","2019-12-20",670838017727726
"DOGE","2019-12-21",666829984709584
"DOGE","2019-12-22",709767482446188
"DOGE","2019-12-23",777085088271351
"DOGE","2019-12-24",718604100098196
"DOGE","2019-12-25",792072635470731
"DOGE","2019-12-26",719064672753706
"DOGE","2019-12-27",754867404841171
"DOGE","2019-12-28",645391927501709
"DOGE","2019-12-29",671098316082238
"DOGE","2019-12-30",731711882800165
"DOGE","2019-12-31",694697848785975
"DOGE","2020-01-01",511809411988128
"DOGE","2020-01-02",650711064314614
"DOGE","2020-01-03",626199877753259
"DOGE","2020-01-04",942275816380369
"DOGE","2020-01-05",526317399726728
"DOGE","2020-01-06",545624086907626
"DOGE","2020-01-07",527673430526486
"DOGE","2020-01-08",772515257058063
"DOGE","2020-01-09",706905709474755
"DOGE","2020-01-10",876833563334692
"DOGE","2020-01-11",942034087594624
"DOGE","2020-01-12",794262149145096
"DOGE","2020-01-13",838498459623477
"DOGE","2020-01-14",12863538273067
"DOGE","2020-01-15",128940321034096
"DOGE","2020-01-16",981241990159423
"DOGE","2020-01-17",117752841322557
"DOGE","2020-01-18",108133942546217
"DOGE","2020-01-19",108085146909213
"DOGE","2020-01-20",920222767692745
"DOGE","2020-01-21",843215648831663
"DOGE","2020-01-22",828525802035897
"DOGE","2020-01-23",918666200756167
"DOGE","2020-01-24",868658824412023
"DOGE","2020-01-25",82421398539371
"DOGE","2020-01-26",734584744635296
"DOGE","2020-01-27",890234140232247
"DOGE","2020-01-28",915287707800709
"DOGE","2020-01-29",80676218551824
"DOGE","2020-01-30",839679136332777
"DOGE","2020-01-31",765192952996293
"DOGE","2020-02-01",787308301274135
"DOGE","2020-02-02",915525149975183
"DOGE","2020-02-03",788566313267162
"DOGE","2020-02-04",897900019270715
"DOGE","2020-02-05",105741619246949
"DOGE","2020-02-06",108711613860144
"DOGE","2020-02-07",130273878439191
"DOGE","2020-02-08",203803814432736
"DOGE","2020-02-09",218861526972173
"DOGE","2020-02-10",195582002591346
"DOGE","2020-02-11",169747135251292
"DOGE","2020-02-12",181406959870567
"DOGE","2020-02-13",168543941872091
"DOGE","2020-02-14",140849233404802
"DOGE","2020-02-15",144726029032137
"DOGE","2020-02-16",149831932652471
"DOGE","2020-02-17",149622002268655
"DOGE","2020-02-18",144188844173512
"DOGE","2020-02-19",136889051763577
"DOGE","2020-02-20",187866681367442
"DOGE","2020-02-21",157652566805765
"DOGE","2020-02-22",156145894777609
"DOGE","2020-02-23",180747901880684
"DOGE","2020-02-24",159143743712974
"DOGE","2020-02-25",178541403882041
"DOGE","2020-02-26",201370789486761
"DOGE","2020-02-27",162813945673302
"DOGE","2020-02-28",153544452878022
"DOGE","2020-02-29",146635830438949
"DOGE","2020-03-01",162437207011672
"DOGE","2020-03-02",165788612285701
"DOGE","2020-03-03",174988478671668
"DOGE","2020-03-04",144601436174355
"DOGE","2020-03-05",104912777123124
"DOGE","2020-03-06",100268192074792
"DOGE","2020-03-07",88138038127239
"DOGE","2020-03-08",101738284202157
"DOGE","2020-03-09",137033008069339
"DOGE","2020-03-10",115431584056025
"DOGE","2020-03-11",107425625627059
"DOGE","2020-03-12",167892774384645
"DOGE","2020-03-13",218676976371259
"DOGE","2020-03-14",113389100802628
"DOGE","2020-03-15",119811060024274
"DOGE","2020-03-16",13432966789134
"DOGE","2020-03-17",102697603635329
"DOGE","2020-03-18",102196814279376
"DOGE","2020-03-19",251888349686163
"DOGE","2020-03-20",188170527680968
"DOGE","2020-03-21",166141810700576
"DOGE","2020-03-22",161287088166379
"DOGE","2020-03-23",166551896685375
"DOGE","2020-03-24",177134004946569
"DOGE","2020-03-25",163367838830367
"DOGE","2020-03-26",162455889500673
"DOGE","2020-03-27",166326062287772
"DOGE","2020-03-28",169979142144816
"DOGE","2020-03-29",156619234855423
"DOGE","2020-03-30",163244392001925
"DOGE","2020-03-31",156195509883328
"DOGE","2020-04-01",163418627038452
"DOGE","2020-04-02",165879605137228
"DOGE","2020-04-03",161121844839326
"DOGE","2020-04-04",160849685833009
"DOGE","2020-04-05",152557917832248
"DOGE","2020-04-06",173173222659065
"DOGE","2020-04-07",129399793175354
"DOGE","2020-04-08",116283369495354
"DOGE","2020-04-09",109954538116972
"DOGE","2020-04-10",122108790040954
"DOGE","2020-04-11",161367395821572
"DOGE","2020-04-12",169892708923104
"DOGE","2020-04-13",167357649924501
"DOGE","2020-04-14",188937615028641
"DOGE","2020-04-15",169903672163655
"DOGE","2020-04-16",17985973828028
"DOGE","2020-04-17",161550207907536
"DOGE","2020-04-18",168186509259874
"DOGE","2020-04-19",172576559733405
"DOGE","2020-04-20",169715146179229
"DOGE","2020-04-21",163652749846191
"DOGE","2020-04-22",163753943280852
"DOGE","2020-04-23",179000349736625
"DOGE","2020-04-24",209562151263269
"DOGE","2020-04-25",229810398160721
"DOGE","2020-04-26",287859775042306
"DOGE","2020-04-27",276033020492681
"DOGE","2020-04-28",254905520419956
"DOGE","2020-04-29",295698249383771
"DOGE","2020-04-30",298563814636249
"DOGE","2020-05-01",282886977259135
"DOGE","2020-05-02",269155282815427
"DOGE","2020-05-03",265156925148762
"DOGE","2020-05-04",261454253121606
"DOGE","2020-05-05",24586111768197
"DOGE","2020-05-06",251393346212209
"DOGE","2020-05-07",284491225931706
"DOGE","2020-05-08",291757355183199
"DOGE","2020-05-09",294993696482121
"DOGE","2020-05-10",290801097327196
"DOGE","2020-05-11",277646033039948
"DOGE","2020-05-12",262934537784634
"DOGE","2020-05-13",265878079914535
"DOGE","2020-05-14",283778649043134
"DOGE","2020-05-15",261080156202635
"DOGE","2020-05-16",254666484609977
"DOGE","2020-05-17",258469066564699
"DOGE","2020-05-18",265626959443247
"DOGE","2020-05-19",182890489217043
"DOGE","2020-05-20",178925411274074
"DOGE","2020-05-21",200924557277427
"DOGE","2020-05-22",215355484922139
"DOGE","2020-05-23",208878704699179
"DOGE","2020-05-24",186657328407239
"DOGE","2020-05-25",214669451558393
"DOGE","2020-05-26",185485979330489
"DOGE","2020-05-27",186186772343715
"DOGE","2020-05-28",220213442296155
"DOGE","2020-05-29",20048543260121
"DOGE","2020-05-30",200708874282583
"DOGE","2020-05-31",188184731476377
"DOGE","2020-06-01",195748335372687
"DOGE","2020-06-02",200119263924494
"DOGE","2020-06-03",190021630451824
"DOGE","2020-06-04",194078581796608
"DOGE","2020-06-05",188846627297564
"DOGE","2020-06-06",175988364959454
"DOGE","2020-06-07",188151454502559
"DOGE","2020-06-08",187140782641214
"DOGE","2020-06-09",175910196588528
"DOGE","2020-06-10",182748021141648
"DOGE","2020-06-11",183212797554585
"DOGE","2020-06-12",194920048283612
"DOGE","2020-06-13",188981850434803
"DOGE","2020-06-14",17333448054131
"DOGE","2020-06-15",198803040716304
"DOGE","2020-06-16",196212618663596
"DOGE","2020-06-17",185083517378104
"DOGE","2020-06-18",171388606045657
"DOGE","2020-06-19",173280983747046
"DOGE","2020-06-20",158275081833547
"DOGE","2020-06-21",16991776079596
"DOGE","2020-06-22",173530824923514
"DOGE","2020-06-23",171604773689305
"DOGE","2020-06-24",178380747588073
"DOGE","2020-06-25",16000335396721
"DOGE","2020-06-26",151319087445401
"DOGE","2020-06-27",152534000307842
"DOGE","2020-06-28",172693834474989
"DOGE","2020-06-29",172655787947334
"DOGE","2020-06-30",165641130541211
"DOGE","2020-07-01",152549213594416
"DOGE","2020-07-02",110789127330532
"DOGE","2020-07-03",111575143358904
"DOGE","2020-07-04",109218071364662
"DOGE","2020-07-05",110140541527889
"DOGE","2020-07-06",132105139498588
"DOGE","2020-07-07",283970310361701
"DOGE","2020-07-08",122681392547519
"DOGE","2020-07-09",511315526875606
"DOGE","2020-07-10",225424868968924
"DOGE","2020-07-11",155299369183722
"DOGE","2020-07-12",875620430354612
"DOGE","2020-07-13",143177054763983
"DOGE","2020-07-14",103213409231289
"DOGE","2020-07-15",693998274902146
"DOGE","2020-07-16",784578443280713
"DOGE","2020-07-17",747053707292261
"DOGE","2020-07-18",204080850741675
"DOGE","2020-07-19",116746163215813
"DOGE","2020-07-20",81038624127322
"DOGE","2020-07-21",777481887423196
"DOGE","2020-07-22",544432383468511
"DOGE","2020-07-23",587371148903037
"DOGE","2020-07-24",589102152011299
"DOGE","2020-07-25",632033958719845
"DOGE","2020-07-26",625922326375475
"DOGE","2020-07-27",831388075139824
"DOGE","2020-07-28",630849295986076
"DOGE","2020-07-29",558171909542058
"DOGE","2020-07-30",535068221659739
"DOGE","2020-07-31",544973063539633
"DOGE","2020-08-01",150687884117937
"DOGE","2020-08-02",101249530525504
"DOGE","2020-08-03",669315098879259
"DOGE","2020-08-04",74386428159749
"DOGE","2020-08-05",664656899902671
"DOGE","2020-08-06",629446781979817
"DOGE","2020-08-07",689900087512855
"DOGE","2020-08-08",625099002385892
"DOGE","2020-08-09",570200404532064
"DOGE","2020-08-10",680381809448879
"DOGE","2020-08-11",785394422806132
"DOGE","2020-08-12",708658845673289
"DOGE","2020-08-13",733029944594709
"DOGE","2020-08-14",613346396949421
"DOGE","2020-08-15",643096783282054
"DOGE","2020-08-16",526379261546674
"DOGE","2020-08-17",776287153340108
"DOGE","2020-08-18",625702907956871
"DOGE","2020-08-19",533068566422348
"DOGE","2020-08-20",435366558816268
"DOGE","2020-08-21",606212677767033
"DOGE","2020-08-22",448848515547098
"DOGE","2020-08-23",394855477995238
"DOGE","2020-08-24",464705223026062
"DOGE","2020-08-25",768263137296353
"DOGE","2020-08-26",804167105078088
"DOGE","2020-08-27",89847092572448
"DOGE","2020-08-28",640569567113019
"DOGE","2020-08-29",781493633156677
"DOGE","2020-08-30",793258288439739
"DOGE","2020-08-31",853697568650448
"DOGE","2020-09-01",818637636535615
"DOGE","2020-09-02",566474123634425
"DOGE","2020-09-03",599045484601803
"DOGE","2020-09-04",534347174278478
"DOGE","2020-09-05",622958892597269
"DOGE","2020-09-06",895571536707519
"DOGE","2020-09-07",102610335245973
"DOGE","2020-09-08",571443959788361
"DOGE","2020-09-09",770504643110532
"DOGE","2020-09-10",104276032350199
"DOGE","2020-09-11",134077501334522
"DOGE","2020-09-12",117125272019629
"DOGE","2020-09-13",124253231723265
"DOGE","2020-09-14",12852094584121
"DOGE","2020-09-15",100194173913533
"DOGE","2020-09-16",14855550492577
"DOGE","2020-09-17",161305348677396
"DOGE","2020-09-18",14786818539559
"DOGE","2020-09-19",147046519887859
"DOGE","2020-09-20",145951916909639
"DOGE","2020-09-21",787534280664613
"DOGE","2020-09-22",364675740484483
"DOGE","2020-09-23",7970770928778750
"DOGE","2020-09-24",11191597449752300
"DOGE","2020-09-25",12457571247133200
"DOGE","2020-09-26",10818029577055000
"DOGE","2020-09-27",7629317160916120
"DOGE","2020-09-28",10266234966502200
"DOGE","2020-09-29",10946311296513700
"DOGE","2020-09-30",10668483191530900
"DOGE","2020-10-01",11619499232417700
"DOGE","2020-10-02",12823985491332100
"DOGE","2020-10-03",11604637846858300
"DOGE","2020-10-04",923645181976392
"DOGE","2020-10-05",12788103244747700
"DOGE","2020-10-06",10566988099167100
"DOGE","2020-10-07",12552350848008300
"DOGE","2020-10-08",10935609616405
"DOGE","2020-10-09",10005152336676300
"DOGE","2020-10-10",9663242617882370
"DOGE","2020-10-11",10763246540275900
"DOGE","2020-10-12",10124678918481900
"DOGE","2020-10-13",7696314214283790
"DOGE","2020-10-14",872934341380699
"DOGE","2020-10-15",8379420676025680
"DOGE","2020-10-16",1178822364710080
"DOGE","2020-10-17",12569239054710700
"DOGE","2020-10-18",7229880299639090
"DOGE","2020-10-19",9104956177746710
"DOGE","2020-10-20",6557710139370570
"DOGE","2020-10-21",4501711475006620
"DOGE","2020-10-22",4497645259602190
"DOGE","2020-10-23",4685608182022160
"DOGE","2020-10-24",4479761407646560
"DOGE","2020-10-25",5853238831934880
"DOGE","2020-10-26",12215225123599600
"DOGE","2020-10-27",7892708913372970
"DOGE","2020-10-28",7284872003273290
"DOGE","2020-10-29",5892951461026680
"DOGE","2020-10-30",6344409656196520
"DOGE","2020-10-31",5618931845393600
"DOGE","2020-11-01",4552868171535000
"DOGE","2020-11-02",5014237590190690
"DOGE","2020-11-03",6287165329564400
"DOGE","2020-11-04",5255265119084290
"DOGE","2020-11-05",3161196283952500
"DOGE","2020-11-06",5426754601738170
"DOGE","2020-11-07",4461021860876550
"DOGE","2020-11-08",2275453146284780
"DOGE","2020-11-09",2812434834759610
"DOGE","2020-11-10",3963317334245210
"DOGE","2020-11-11",3313875944625400
"DOGE","2020-11-12",2402826109940780
"DOGE","2020-11-13",2921775024760510
"DOGE","2020-11-14",3033438015181230
"DOGE","2020-11-15",2513168316384910
"DOGE","2020-11-16",5206328314951880
"DOGE","2020-11-17",4663146356906610
"DOGE","2020-11-18",4946006446029290
"DOGE","2020-11-19",4033064339774820
"DOGE","2020-11-20",5765646467502380
"DOGE","2020-11-21",1626416938299560
"DOGE","2020-11-22",12166041040314900
"DOGE","2020-11-23",10156103902771200
"DOGE","2020-11-24",26671603558214600
"DOGE","2020-11-25",17445992737276700
"DOGE","2020-11-26",17552029413100700
"DOGE","2020-11-27",9232302305928890
"DOGE","2020-11-28",5803364976552370
"DOGE","2020-11-29",4631997150239840
"DOGE","2020-11-30",6862273589581830
"DOGE","2020-12-01",8016360319417740
"DOGE","2020-12-02",5870566095285770
"DOGE","2020-12-03",4790703189841970
"DOGE","2020-12-04",4506222183063040
"DOGE","2020-12-05",4338658250777510
"DOGE","2020-12-06",4093657416077070
"DOGE","2020-12-07",3692381365951500
"DOGE","2020-12-08",5270270120649170
"DOGE","2020-12-09",4574672198152880
"DOGE","2020-12-10",3374098780140020
"DOGE","2020-12-11",4171294230820070
"DOGE","2020-12-12",3546615464690050
"DOGE","2020-12-13",374643226939369
"DOGE","2020-12-14",3623851636753770
"DOGE","2020-12-15",3712778210309940
"DOGE","2020-12-16",5098988033199200
"DOGE","2020-12-17",17273665943813300
"DOGE","2020-12-18",10179943020060300
"DOGE","2020-12-19",9844717931340930
"DOGE","2020-12-20",5080660041764670
"DOGE","2020-12-21",6641600567541540
"DOGE","2020-12-22",23928878527054600
"DOGE","2020-12-23",2050809083283110
"DOGE","2020-12-24",14340557957746400
"DOGE","2020-12-25",13681991699111600
"DOGE","2020-12-26",15172850737827000
"DOGE","2020-12-27",1545263986505860
"DOGE","2020-12-28",9964152544576530
"DOGE","2020-12-29",9087649656445200
"DOGE","2020-12-30",9483449939975910
"DOGE","2020-12-31",8549833718785240
"DOGE","2021-01-01",22896151486652800
"DOGE","2021-01-02",342156267953114
"DOGE","2021-01-03",2707003608303000
"DOGE","2021-01-04",13723989785185700
"DOGE","2021-01-05",6872560666637660
"DOGE","2021-01-06",7499155161512870
"DOGE","2021-01-07",5206447055588430
"DOGE","2021-01-08",39446216361416200
"DOGE","2021-01-09",48584235313442500
"DOGE","2021-01-10",4585835187090010
"DOGE","2021-01-11",6379569580970640
"DOGE","2021-01-12",33330845685695200
"DOGE","2021-01-13",24007903289812800
"DOGE","2021-01-14",4283690386504580
"DOGE","2021-01-15",39896592468726900
"DOGE","2021-01-16",25863047961106100
"DOGE","2021-01-17",2544879886348020
"DOGE","2021-01-18",2050256480237900
"DOGE","2021-01-19",24924263168512300
"DOGE","2021-01-20",22020544235660000
"DOGE","2021-01-21",21541983875352400
"DOGE","2021-01-22",18549000341574200
"DOGE","2021-01-23",15439373685452800
"DOGE","2021-01-24",16219197718571100
"DOGE","2021-01-25",18082087538440800
"DOGE","2021-01-26",16117374876523100
"DOGE","2021-01-27",20479718603310900
"DOGE","2021-01-28",10971544561
"DOGE","2021-01-29",25403310432
"DOGE","2021-01-30",8735576553
"DOGE","2021-01-31",8548997882
"DOGE","2021-02-01",6319224026
"DOGE","2021-02-02",3090896595
"DOGE","2021-02-03",3146856788
"DOGE","2021-02-04",13040837601
"DOGE","2021-02-05",6136160058
"DOGE","2021-02-06",5946101275
"DOGE","2021-02-07",14261024073
"DOGE","2021-02-08",12844375210
"DOGE","2021-02-09",7348840814
"DOGE","2021-02-10",6785088422
"DOGE","2021-02-11",3818556739
"DOGE","2021-02-12",4190843784
"DOGE","2021-02-13",2618049766
"DOGE","2021-02-14",3984667628
"DOGE","2021-02-15",4944804938
"DOGE","2021-02-16",3409478696
"DOGE","2021-02-17",2976148723
"DOGE","2021-02-18",4551943638
"DOGE","2021-02-19",2949251418
"DOGE","2021-02-20",3175468554
"DOGE","2021-02-21",2450293068
"DOGE","2021-02-22",3366757324
"DOGE","2021-02-23",2394345361
"DOGE","2021-02-24",4148511571
"DOGE","2021-02-25",2356982022
"DOGE","2021-02-26",1694323466
"DOGE","2021-02-27",1286229526
"DOGE","2021-02-28",1408101260
"DOGE","2021-03-01",1494427207
"DOGE","2021-03-02",1346282318
"DOGE","2021-03-03",1093877445
"DOGE","2021-03-04",1170617084
"DOGE","2021-03-05",1173113591
"DOGE","2021-03-06",1480482384
"DOGE","2021-03-07",945455832
"DOGE","2021-03-08",3554150800
"DOGE","2021-03-09",2466159943
"DOGE","2021-03-10",1534489620
"DOGE","2021-03-11",1233383425
"DOGE","2021-03-12",1287767221
"DOGE","2021-03-13",1869833076
"DOGE","2021-03-14",2752132530
"DOGE","2021-03-15",1738710876
"DOGE","2021-03-16",1393771913
"DOGE","2021-03-17",861926643
"DOGE","2021-03-18",909777445
"DOGE","2021-03-19",964747809
"DOGE","2021-03-20",1012934488
"DOGE","2021-03-21",759592996
"DOGE","2021-03-22",696918565
"DOGE","2021-03-23",1040781777
"DOGE","2021-03-24",934537959
"DOGE","2021-03-25",1084214116
"DOGE","2021-03-26",776280028
"DOGE","2021-03-27",753844053
"DOGE","2021-03-28",460472975
"DOGE","2021-03-29",537919140
"DOGE","2021-03-30",728906171
"DOGE","2021-03-31",653389282
"DOGE","2021-04-01",5816046822
"DOGE","2021-04-02",2166925111
"DOGE","2021-04-03",1136931403
"DOGE","2021-04-04",938035097
"DOGE","2021-04-05",1513832721
"DOGE","2021-04-06",2608613912
"DOGE","2021-04-07",2857060849
"DOGE","2021-04-08",1055257541
"DOGE","2021-04-09",1060465774
"DOGE","2021-04-10",1369793118
"DOGE","2021-04-11",6646627317
"DOGE","2021-04-12",2687720380
"DOGE","2021-04-13",7176815090
"DOGE","2021-04-14",20977679327
"DOGE","2021-04-15",17916620386
"DOGE","2021-04-16",69410680685
"DOGE","2021-04-17",31413404067
"DOGE","2021-04-18",23464350388
"DOGE","2021-04-19",30641432779
"DOGE","2021-04-20",28130646191
"DOGE","2021-04-21",12723463706
"DOGE","2021-04-22",11879823706
"DOGE","2021-04-23",16165566164
"DOGE","2021-04-24",11057578568
"DOGE","2021-04-25",6849914675
"DOGE","2021-04-26",5118886527
"DOGE","2021-04-27",3590611310
"DOGE","2021-04-28",14464343767
"DOGE","2021-04-29",5027354503
"DOGE","2021-04-30",5290390982
"DOGE","2021-05-01",10123343703
"DOGE","2021-05-02",8040406918
"DOGE","2021-05-03",10526649978
"DOGE","2021-05-04",38238126181
"DOGE","2021-05-05",42525098292
"DOGE","2021-05-06",18989900291
"DOGE","2021-05-07",28615083657
"DOGE","2021-05-08",25555125135
"DOGE","2021-05-09",46138063928
"DOGE","2021-05-10",16514521828
"DOGE","2021-05-11",14566975476
"DOGE","2021-05-12",8621337859
"DOGE","2021-05-13",18663174069
"DOGE","2021-05-14",20466177002
"DOGE","2021-05-15",9836892944
"DOGE","2021-05-16",9541552064
"DOGE","2021-05-17",7330830504
"DOGE","2021-05-18",4802902841
"DOGE","2021-05-19",15072620946
"DOGE","2021-05-20",12415484460
"DOGE","2021-05-21",7452862203
"DOGE","2021-05-22",5243222352
"DOGE","2021-05-23",7143545371
"DOGE","2021-05-24",6821088755
"DOGE","2021-05-25",5544552739
"DOGE","2021-05-26",3355793260
"DOGE","2021-05-27",2485942309
"DOGE","2021-05-28",3289455640
"DOGE","2021-05-29",2470710737
"DOGE","2021-05-30",1929947933
"DOGE","2021-05-31",2440829325
"DOGE","2021-06-01",5796031087
"DOGE","2021-06-02",11425588479
"DOGE","2021-06-03",6809900030
"DOGE","2021-06-04",5889983048
"DOGE","2021-06-05",3464039041
"DOGE","2021-06-06",1836611411
"DOGE","2021-06-07",3043974994
"DOGE","2021-06-08",3918487504
"DOGE","2021-06-09",3154332929
"DOGE","2021-06-10",2114010549
"DOGE","2021-06-11",1834446577
"DOGE","2021-06-12",1605633791
"DOGE","2021-06-13",1484851447
"DOGE","2021-06-14",1613812023
"DOGE","2021-06-15",1687965230
"DOGE","2021-06-16",1391720788
"DOGE","2021-06-17",1120766442
"DOGE","2021-06-18",1846213589
"DOGE","2021-06-19",1003248258
"DOGE","2021-06-20",1963503800
"DOGE","2021-06-21",5640232167
"DOGE","2021-06-22",5992850344
"DOGE","2021-06-23",5098674891
"DOGE","2021-06-24",3844648059
"DOGE","2021-06-25",5542163262
"DOGE","2021-06-26",2649457302
"DOGE","2021-06-27",2167521670
"DOGE","2021-06-28",1932994784
"DOGE","2021-06-29",2192562738
"DOGE","2021-06-30",2047763830
"DOGE","2021-07-01",2463946548
"DOGE","2021-07-02",1321470954
"DOGE","2021-07-03",917015819
"DOGE","2021-07-04",973511519
"DOGE","2021-07-05",1267949362
"DOGE","2021-07-06",1265920169
